ISO-10303-21;
HEADER;
FILE_DESCRIPTION (( 'STEP AP214' ),
    '1' );
FILE_NAME ('NACA4418 Assembly.STEP',
    '2026-09-24T09:02:47',
    ( '' ),
    ( '' ),
    'SwSTEP 2.0',
    'SolidWorks 2026',
    '' );
FILE_SCHEMA (( 'AUTOMOTIVE_DESIGN' ));
ENDSEC;

DATA;
#1 = DIRECTION ( 'NONE',  ( -0.9961946980917466554, -0.08715574274764477380, -0.000000000000000000 ) ) ;
#2 = PLANE ( 'NONE',  #813 ) ;
#3 = ORIENTED_EDGE ( 'NONE', *, *, #1365, .F. ) ;
#4 = CARTESIAN_POINT ( 'NONE',  ( -20.68371190964622386, 69.57567994953681989, -2.499999999999971134 ) ) ;
#5 =( BOUNDED_CURVE ( )  B_SPLINE_CURVE ( 3, ( #1378, #307, #296, #637 ),
 .UNSPECIFIED., .F., .F. ) 
 B_SPLINE_CURVE_WITH_KNOTS ( ( 4, 4 ),
 ( 3.824715969923906833, 4.712388980384689674 ),
 .UNSPECIFIED. ) 
 CURVE ( )  GEOMETRIC_REPRESENTATION_ITEM ( )  RATIONAL_B_SPLINE_CURVE ( ( 1.000000000000000000, 0.9354072598895859514, 0.9354072598895859514, 1.000000000000000000 ) ) 
 REPRESENTATION_ITEM ( '' )  );
#6 = VECTOR ( 'NONE', #1114, 999.9999999999998863 ) ;
#7 = CIRCLE ( 'NONE', #796, 2.000000000000000000 ) ;
#8 = FACE_BOUND ( 'NONE', #1222, .T. ) ;
#9 = CARTESIAN_POINT ( 'NONE',  ( -18.26509884126238603, 32.50397852320830339, -2.499999999999992006 ) ) ;
#10 = ORIENTED_EDGE ( 'NONE', *, *, #1121, .F. ) ;
#11 = CARTESIAN_POINT ( 'NONE',  ( -23.28264754843140238, 76.33422374102330821, 0.5000000000000299760 ) ) ;
#12 = EDGE_LOOP ( 'NONE', ( #362, #10, #1202, #454, #365, #1313 ) ) ;
#13 = CARTESIAN_POINT ( 'NONE',  ( -27.34406478861223633, 93.88770279423543741, 70.50000000000002842 ) ) ;
#14 = DIRECTION ( 'NONE',  ( 0.9961946980917467664, 0.08715574274764478768, 0.000000000000000000 ) ) ;
#15 = ORIENTED_EDGE ( 'NONE', *, *, #483, .F. ) ;
#16 = DIRECTION ( 'NONE',  ( -0.08715574274764478768, 0.9961946980917467664, 0.000000000000000000 ) ) ;
#17 = ORIENTED_EDGE ( 'NONE', *, *, #197, .T. ) ;
#18 = CARTESIAN_POINT ( 'NONE',  ( -41.24805719306088747, 89.67399909597412488, -54.49999999999996447 ) ) ;
#19 = CARTESIAN_POINT ( 'NONE',  ( -20.91308501069254078, 49.24999999999999289, 2.500000000000030642 ) ) ;
#20 = VERTEX_POINT ( 'NONE', #641 ) ;
#21 = FACE_OUTER_BOUND ( 'NONE', #283, .T. ) ;
#22 = EDGE_LOOP ( 'NONE', ( #143, #258, #352, #126 ) ) ;
#23 = EDGE_CURVE ( 'NONE', #696, #807, #241, .T. ) ;
#24 = AXIS2_PLACEMENT_3D ( 'NONE', #1211, #16, #232 ) ;
#25 = VECTOR ( 'NONE', #213, 999.9999999999998863 ) ;
#26 = CARTESIAN_POINT ( 'NONE',  ( -45.87370233738926117, 75.63396832966115824, 70.50000000000002842 ) ) ;
#27 = CARTESIAN_POINT ( 'NONE',  ( -22.00068484453404949, 62.44295038352782257, -3.233784556043185709 ) ) ;
#28 = AXIS2_PLACEMENT_3D ( 'NONE', #718, #1157, #1068 ) ;
#29 = ORIENTED_EDGE ( 'NONE', *, *, #939, .T. ) ;
#30 = AXIS2_PLACEMENT_3D ( 'NONE', #602, #1032, #505 ) ;
#31 = CARTESIAN_POINT ( 'NONE',  ( -2.752207343994776512, 71.14448331899441769, -2.499999999999971134 ) ) ;
#32 = ORIENTED_EDGE ( 'NONE', *, *, #468, .F. ) ;
#33 = EDGE_CURVE ( 'NONE', #140, #262, #108, .T. ) ;
#34 = CARTESIAN_POINT ( 'NONE',  ( 43.34512627458163081, 89.49065497723172768, -54.49999999999996447 ) ) ;
#35 = CARTESIAN_POINT ( 'NONE',  ( -51.82089031647806365, 79.66097621941473506, -54.49999999999996447 ) ) ;
#36 = ORIENTED_EDGE ( 'NONE', *, *, #1265, .F. ) ;
#37 = CYLINDRICAL_SURFACE ( 'NONE', #24, 3.000000000000000000 ) ;
#38 = CARTESIAN_POINT ( 'NONE',  ( -25.75835591700674598, 75.97839380082747596, 70.50000000000002842 ) ) ;
#39 = CARTESIAN_POINT ( 'NONE',  ( -2.752207343994776512, 71.14448331899441769, 2.500000000000030642 ) ) ;
#40 = EDGE_LOOP ( 'NONE', ( #208, #1172, #1019, #812 ) ) ;
#41 = PLANE ( 'NONE',  #428 ) ;
#42 = ORIENTED_EDGE ( 'NONE', *, *, #630, .F. ) ;
#43 = CARTESIAN_POINT ( 'NONE',  ( 43.53728699343696462, 87.04384585981394196, 70.50000000000002842 ) ) ;
#44 = CARTESIAN_POINT ( 'NONE',  ( -43.28611125990199326, 75.27734910698562487, -54.49999999999996447 ) ) ;
#45 = CARTESIAN_POINT ( 'NONE',  ( -37.19575272752150141, 91.28857168997407712, -54.49999999999996447 ) ) ;
#46 = DIRECTION ( 'NONE',  ( 0.9961946980917467664, 0.08715574274764478768, 0.000000000000000000 ) ) ;
#47 = EDGE_LOOP ( 'NONE', ( #776, #1241, #539, #825 ) ) ;
#48 = AXIS2_PLACEMENT_3D ( 'NONE', #1196, #750, #212 ) ;
#49 = PLANE ( 'NONE',  #121 ) ;
#50 = ADVANCED_FACE ( 'NONE', ( #1074 ), #76, .T. ) ;
#51 = CARTESIAN_POINT ( 'NONE',  ( -17.50000000000000000, 6.353727624463703600E-15, 8.135853102331225273E-15 ) ) ;
#52 = DIRECTION ( 'NONE',  ( -2.779109781899464598E-22, -1.000000000000000000, 2.668814559499989665E-22 ) ) ;
#53 = FACE_OUTER_BOUND ( 'NONE', #863, .T. ) ;
#54 = VERTEX_POINT ( 'NONE', #4 ) ;
#55 = DIRECTION ( 'NONE',  ( 0.08715574274764478768, -0.9961946980917467664, 0.000000000000000000 ) ) ;
#56 = CYLINDRICAL_SURFACE ( 'NONE', #335, 2.500000000000000444 ) ;
#57 = CARTESIAN_POINT ( 'NONE',  ( -21.84036006325145607, 63.52490812459350167, -4.440338652666161678 ) ) ;
#58 = MANIFOLD_SOLID_BREP ( 'Cut-Extrude3', #67 ) ;
#59 = CARTESIAN_POINT ( 'NONE',  ( -5.936335153480483129, 78.86422572820706023, 2.500000000000031530 ) ) ;
#60 = EDGE_LOOP ( 'NONE', ( #447, #606, #214, #204, #1232 ) ) ;
#61 = EDGE_CURVE ( 'NONE', #997, #1110, #100, .T. ) ;
#62 = DIRECTION ( 'NONE',  ( -0.9961946980917466554, -0.08715574274764477380, 0.000000000000000000 ) ) ;
#63 = CARTESIAN_POINT ( 'NONE',  ( 0.000000000000000000, 0.000000000000000000, -2.499999999999991562 ) ) ;
#64 = CARTESIAN_POINT ( 'NONE',  ( -22.02144888825368696, 63.70556220272809611, -4.301640521755989433 ) ) ;
#65 = CARTESIAN_POINT ( 'NONE',  ( -21.13393087280864791, 76.63401397896741685, 2.500000000000031530 ) ) ;
#66 = VERTEX_POINT ( 'NONE', #1286 ) ;
#67 = CLOSED_SHELL ( 'NONE', ( #71, #716, #101, #1089, #1309, #1150, #867, #1184, #1057, #746, #1127, #920, #418, #239, #292, #359, #1168, #110, #263, #1131, #50, #90, #1389, #827, #167, #845, #834, #435, #1026, #751, #715, #890, #1372, #372, #617, #141, #1325 ) ) ;
#68 = CARTESIAN_POINT ( 'NONE',  ( -10.88430409121732367, 78.08565741893525569, 70.50000000000002842 ) ) ;
#69 = DIRECTION ( 'NONE',  ( -0.08715574274764478768, 0.9961946980917467664, 0.000000000000000000 ) ) ;
#70 = CARTESIAN_POINT ( 'NONE',  ( -19.80739159962877238, 62.51887674585689325, -5.427198294891637076 ) ) ;
#71 = ADVANCED_FACE ( 'NONE', ( #511 ), #303, .F. ) ;
#72 = CARTESIAN_POINT ( 'NONE',  ( -22.08519702026357479, 62.64730157409368871, -2.791763645249044856 ) ) ;
#73 = CARTESIAN_POINT ( 'NONE',  ( -19.43900380885730073, 32.40117476450324574, -1.578051751253285673 ) ) ;
#74 = ORIENTED_EDGE ( 'NONE', *, *, #817, .T. ) ;
#75 = CARTESIAN_POINT ( 'NONE',  ( -19.26949684832715803, 63.05976360705744810, 5.000000000000030198 ) ) ;
#76 = CYLINDRICAL_SURFACE ( 'NONE', #1142, 2.000000000000000000 ) ;
#77 = DIRECTION ( 'NONE',  ( 0.000000000000000000, -0.000000000000000000, -1.000000000000000000 ) ) ;
#78 = EDGE_CURVE ( 'NONE', #262, #253, #424, .T. ) ;
#79 = CARTESIAN_POINT ( 'NONE',  ( -21.43583582853141678, 63.19230521843311976, -4.719559774787808415 ) ) ;
#80 = CARTESIAN_POINT ( 'NONE',  ( -22.60907705508281040, 76.42675443745322639, -2.007367535309982021 ) ) ;
#81 = ORIENTED_EDGE ( 'NONE', *, *, #769, .F. ) ;
#82 = CARTESIAN_POINT ( 'NONE',  ( -30.73826637378760651, 75.50246248899158275, 70.50000000000002842 ) ) ;
#83 = CARTESIAN_POINT ( 'NONE',  ( -3.462203231287271255, 79.25977344549436054, -2.499999999999972911 ) ) ;
#84 = DIRECTION ( 'NONE',  ( -0.08715574274764478768, 0.9961946980917467664, -0.000000000000000000 ) ) ;
#85 = CARTESIAN_POINT ( 'NONE',  ( -21.30102294223768666, 61.96623060666909311, -4.460789003005594111 ) ) ;
#86 = CARTESIAN_POINT ( 'NONE',  ( 0.4848814374033699748, 34.14438923892595312, -5.499999999999975131 ) ) ;
#87 = CARTESIAN_POINT ( 'NONE',  ( -19.80550114348922719, 31.03338809081828131, -1.127747424173336732 ) ) ;
#88 = ORIENTED_EDGE ( 'NONE', *, *, #476, .T. ) ;
#89 = CARTESIAN_POINT ( 'NONE',  ( -19.82042613786269314, 63.26965896317936000, 4.779709185115852854 ) ) ;
#90 = ADVANCED_FACE ( 'NONE', ( #1308 ), #797, .T. ) ;
#91 =( NAMED_UNIT ( * ) PLANE_ANGLE_UNIT ( ) SI_UNIT ( $, .RADIAN. ) );
#92 = VECTOR ( 'NONE', #139, 1000.000000000000000 ) ;
#93 = AXIS2_PLACEMENT_3D ( 'NONE', #1373, #1171, #1129 ) ;
#94 = CARTESIAN_POINT ( 'NONE',  ( -18.99573994963030898, 61.75578540662895932, 5.500000000000031086 ) ) ;
#95 = CARTESIAN_POINT ( 'NONE',  ( -18.99573994963031609, 61.75578540662897353, -5.499999999999975131 ) ) ;
#96 = CARTESIAN_POINT ( 'NONE',  ( -19.11103615995100213, 63.07362712090487378, -4.999999999999975131 ) ) ;
#97 = CARTESIAN_POINT ( 'NONE',  ( 0.000000000000000000, 2.767248990469796976E-22, 1.000000000000000444 ) ) ;
#98 = ORIENTED_EDGE ( 'NONE', *, *, #490, .F. ) ;
#99 = DIRECTION ( 'NONE',  ( 4.857225732735061097E-17, 7.906425674510506042E-23, 1.000000000000000000 ) ) ;
#100 = LINE ( 'NONE', #851, #1390 ) ;
#101 = ADVANCED_FACE ( 'NONE', ( #654 ), #453, .F. ) ;
#102 =( BOUNDED_CURVE ( )  B_SPLINE_CURVE ( 3, ( #733, #741, #1195, #524 ),
 .UNSPECIFIED., .F., .F. ) 
 B_SPLINE_CURVE_WITH_KNOTS ( ( 4, 4 ),
 ( 2.828910256273232893, 3.141592653589793560 ),
 .UNSPECIFIED. ) 
 CURVE ( )  GEOMETRIC_REPRESENTATION_ITEM ( )  RATIONAL_B_SPLINE_CURVE ( ( 1.000000000000000000, 0.9918690585533369575, 0.9918690585533369575, 1.000000000000000000 ) ) 
 REPRESENTATION_ITEM ( '' )  );
#103 = CARTESIAN_POINT ( 'NONE',  ( 46.74749112123710404, 88.63865439306745486, 70.50000000000002842 ) ) ;
#104 = CARTESIAN_POINT ( 'NONE',  ( -18.99573994963030898, 61.75578540662895932, -5.499999999999975131 ) ) ;
#105 = DIRECTION ( 'NONE',  ( -0.000000000000000000, -0.000000000000000000, -1.000000000000000000 ) ) ;
#106 = ORIENTED_EDGE ( 'NONE', *, *, #452, .F. ) ;
#107 = CARTESIAN_POINT ( 'NONE',  ( -21.53624251550746038, 62.07079149798478568, 4.163680842964804008 ) ) ;
#108 = LINE ( 'NONE', #535, #246 ) ;
#109 = FACE_OUTER_BOUND ( 'NONE', #1270, .T. ) ;
#110 = ADVANCED_FACE ( 'NONE', ( #21 ), #659, .F. ) ;
#111 = DIRECTION ( 'NONE',  ( 0.9961946980917466554, 0.08715574274764477380, 0.000000000000000000 ) ) ;
#112 = CARTESIAN_POINT ( 'NONE',  ( -23.28264754843140594, 76.33422374102330821, 0.6321432016541913557 ) ) ;
#113 = ORIENTED_EDGE ( 'NONE', *, *, #1346, .T. ) ;
#114 =( LENGTH_UNIT ( ) NAMED_UNIT ( * ) SI_UNIT ( .MILLI., .METRE. ) );
#115 = CARTESIAN_POINT ( 'NONE',  ( -20.68371190964622031, 69.57567994953680568, 12.50000000000003197 ) ) ;
#116 = EDGE_CURVE ( 'NONE', #1125, #54, #1006, .T. ) ;
#117 = VECTOR ( 'NONE', #331, 1000.000000000000000 ) ;
#118 = MECHANICAL_DESIGN_GEOMETRIC_PRESENTATION_REPRESENTATION (  '', ( #1230 ), #794 ) ;
#119 = FACE_OUTER_BOUND ( 'NONE', #153, .T. ) ;
#120 = AXIS2_PLACEMENT_3D ( 'NONE', #970, #425, #655 ) ;
#121 = AXIS2_PLACEMENT_3D ( 'NONE', #618, #928, #62 ) ;
#122 = CARTESIAN_POINT ( 'NONE',  ( -1.734723475976807094E-14, -1.734723357380413914E-15, -1.000000000000000444 ) ) ;
#123 = CARTESIAN_POINT ( 'NONE',  ( -21.56086016253670223, 76.57360213573414853, 2.500000000000031086 ) ) ;
#124 = EDGE_LOOP ( 'NONE', ( #1177, #729, #378, #1193, #666 ) ) ;
#125 = CARTESIAN_POINT ( 'NONE',  ( -19.43901252443157190, 32.40127438397305326, -5.499999999999975131 ) ) ;
#126 = ORIENTED_EDGE ( 'NONE', *, *, #692, .T. ) ;
#127 = CARTESIAN_POINT ( 'NONE',  ( -41.24805719306088747, 89.67399909597412488, 70.50000000000002842 ) ) ;
#128 = CARTESIAN_POINT ( 'NONE',  ( -12.39783375163931112, 95.57507728203586339, -54.49999999999996447 ) ) ;
#129 = CARTESIAN_POINT ( 'NONE',  ( -20.68371190964622386, 69.57567994953681989, -12.49999999999997158 ) ) ;
#130 = EDGE_LOOP ( 'NONE', ( #317, #517, #781, #870 ) ) ;
#131 = DIRECTION ( 'NONE',  ( 0.000000000000000000, 0.000000000000000000, 1.000000000000000000 ) ) ;
#132 = ORIENTED_EDGE ( 'NONE', *, *, #861, .F. ) ;
#133 = CARTESIAN_POINT ( 'NONE',  ( -27.34406478861223633, 93.88770279423543741, 70.50000000000002842 ) ) ;
#134 = DIRECTION ( 'NONE',  ( -0.08715574274764477380, 0.9961946980917466554, 0.000000000000000000 ) ) ;
#135 = ORIENTED_EDGE ( 'NONE', *, *, #445, .T. ) ;
#136 = LINE ( 'NONE', #707, #155 ) ;
#137 = ORIENTED_EDGE ( 'NONE', *, *, #689, .F. ) ;
#138 = CARTESIAN_POINT ( 'NONE',  ( 46.74749112123710404, 88.63865439306745486, -54.49999999999996447 ) ) ;
#139 = DIRECTION ( 'NONE',  ( 2.779109781899464598E-22, 1.000000000000000000, -2.668814559499989665E-22 ) ) ;
#140 = VERTEX_POINT ( 'NONE', #774 ) ;
#141 = ADVANCED_FACE ( 'NONE', ( #555 ), #1323, .F. ) ;
#142 = FACE_OUTER_BOUND ( 'NONE', #22, .T. ) ;
#143 = ORIENTED_EDGE ( 'NONE', *, *, #554, .T. ) ;
#144 = CARTESIAN_POINT ( 'NONE',  ( -48.06171442903052338, 76.32702306740574727, -54.49999999999996447 ) ) ;
#145 = CARTESIAN_POINT ( 'NONE',  ( -17.50000000000001776, 4.429268965962580379E-15, 2.500000000000007994 ) ) ;
#146 = ORIENTED_EDGE ( 'NONE', *, *, #325, .T. ) ;
#147 = DIRECTION ( 'NONE',  ( -0.9963466490417509647, 3.509412972688475853E-16, -0.08540114134643517207 ) ) ;
#148 = EDGE_LOOP ( 'NONE', ( #481, #584, #324, #32 ) ) ;
#149 = CARTESIAN_POINT ( 'NONE',  ( -19.26314602714636237, 61.73239043565960316, 5.500000000000030198 ) ) ;
#150 = CARTESIAN_POINT ( 'NONE',  ( 17.87961456057471210, 93.99182532215499464, -54.49999999999996447 ) ) ;
#151 = CARTESIAN_POINT ( 'NONE',  ( 28.69011459317516355, 84.62888364834111599, -54.49999999999996447 ) ) ;
#152 = CARTESIAN_POINT ( 'NONE',  ( -1.531783901271584098E-30, 31.06826850986979949, -2.499999999999991562 ) ) ;
#153 = EDGE_LOOP ( 'NONE', ( #1386, #342, #135 ) ) ;
#154 = CARTESIAN_POINT ( 'NONE',  ( 48.48832496976120154, 87.83246434910043376, -54.49999999999996447 ) ) ;
#155 = VECTOR ( 'NONE', #370, 1000.000000000000000 ) ;
#156 = COLOUR_RGB ( '',0.7921568627450980005, 0.8196078431372548767, 0.9333333333333333481 ) ;
#157 = CARTESIAN_POINT ( 'NONE',  ( -46.84878846138395403, 86.47374161402807147, -54.49999999999996447 ) ) ;
#158 = VECTOR ( 'NONE', #1105, 1000.000000000000227 ) ;
#159 = TOROIDAL_SURFACE ( 'NONE', #1343, 12.00000000000000000, 2.000000000000000000 ) ;
#160 = DIRECTION ( 'NONE',  ( 0.000000000000000000, -0.000000000000000000, -1.000000000000000000 ) ) ;
#161 = ORIENTED_EDGE ( 'NONE', *, *, #465, .F. ) ;
#162 = DIRECTION ( 'NONE',  ( -0.9961946980917466554, -0.08715574274764477380, -0.000000000000000000 ) ) ;
#163 = DIRECTION ( 'NONE',  ( 0.000000000000000000, -0.000000000000000000, -1.000000000000000000 ) ) ;
#164 = DIRECTION ( 'NONE',  ( 0.000000000000000000, -0.000000000000000000, -1.000000000000000000 ) ) ;
#165 = CARTESIAN_POINT ( 'NONE',  ( -19.43900380885730073, 32.40117476450324574, -1.578051751253285673 ) ) ;
#166 = ORIENTED_EDGE ( 'NONE', *, *, #1092, .T. ) ;
#167 = ADVANCED_FACE ( 'NONE', ( #894 ), #1111, .T. ) ;
#168 = DIRECTION ( 'NONE',  ( -0.08715574274764478768, 0.9961946980917467664, 0.000000000000000000 ) ) ;
#169 = DIRECTION ( 'NONE',  ( -0.9961946980917467664, -0.08715574274764478768, 0.000000000000000000 ) ) ;
#170 = EDGE_CURVE ( 'NONE', #521, #760, #244, .T. ) ;
#171 = LINE ( 'NONE', #628, #613 ) ;
#172 = CARTESIAN_POINT ( 'NONE',  ( 0.4848814374033699748, 34.14438923892595312, 0.9584387339368538594 ) ) ;
#173 = EDGE_LOOP ( 'NONE', ( #386, #908, #885, #1154, #899, #1112 ) ) ;
#174 = CARTESIAN_POINT ( 'NONE',  ( -20.66495180550618826, 61.79927569675756871, 5.010289011251439995 ) ) ;
#175 = DIRECTION ( 'NONE',  ( -0.000000000000000000, 0.000000000000000000, 1.000000000000000000 ) ) ;
#176 = CARTESIAN_POINT ( 'NONE',  ( -19.25260121749228048, 62.49212946340121988, -5.499999966806249141 ) ) ;
#177 = B_SPLINE_CURVE_WITH_KNOTS ( 'NONE', 3,
 ( #1004, #260, #694, #457, #1132, #805, #698, #596, #1011, #686, #473, #1137, #45, #1228, #1022, #157, #375, #567, #35, #705, #588, #351, #248, #486, #913, #917, #809, #898, #790, #1124, #1360, #1239, #151, #256, #1243, #1250, #1333 ),
 .UNSPECIFIED., .F., .F.,
 ( 4, 1, 1, 1, 1, 1, 1, 1, 1, 1, 1, 1, 1, 1, 1, 1, 1, 1, 1, 1, 1, 1, 1, 1, 1, 1, 1, 1, 1, 1, 1, 1, 1, 1, 4 ),
 ( 0.000000000000000000, 0.02536508872464449810, 0.05053612755872174955, 0.1003618701347641917, 0.1496783382512865135, 0.1985585996384787444, 0.2470636409939346301, 0.2952667862627077477, 0.3432976001428697521, 0.3673747411682081188, 0.3916107887708328850, 0.4161594968373788506, 0.4413019252272763482, 0.4543254831295238660, 0.4678815906748556852, 0.4825385968735472764, 0.4909952784889383692, 0.5100263542411189732, 0.5218055463173286723, 0.5291478474586019942, 0.5422089031537518089, 0.5545686619652151483, 0.5667213781472770773, 0.5908249965976484219, 0.6148423246242851192, 0.6388596526509219276, 0.6629000217420070173, 0.7110052231000469902, 0.7591460896194277552, 0.8073219245187539528, 0.8555015182051326494, 0.9036773531044588470, 0.9518386289141608225, 0.9759228589746615778, 1.000000000000000000 ),
 .UNSPECIFIED. ) ;
#178 = CARTESIAN_POINT ( 'NONE',  ( -20.10420393934532513, 63.65939783146102116, -4.458185572730291923 ) ) ;
#179 = CARTESIAN_POINT ( 'NONE',  ( -21.43002806305320007, 76.59211529113022721, -2.499999999999972466 ) ) ;
#180 = AXIS2_PLACEMENT_3D ( 'NONE', #879, #441, #998 ) ;
#181 = EDGE_LOOP ( 'NONE', ( #146, #1012, #340, #1404 ) ) ;
#182 = CARTESIAN_POINT ( 'NONE',  ( -19.84871290258605470, 63.30205897824449579, 4.752142250340094520 ) ) ;
#183 =( NAMED_UNIT ( * ) SI_UNIT ( $, .STERADIAN. ) SOLID_ANGLE_UNIT ( ) );
#184 = CIRCLE ( 'NONE', #979, 12.00000000000000000 ) ;
#185 = LINE ( 'NONE', #804, #911 ) ;
#186 = CYLINDRICAL_SURFACE ( 'NONE', #28, 2.000000000000000000 ) ;
#187 = CARTESIAN_POINT ( 'NONE',  ( -20.01694486987909727, 63.49641195151765771, -4.586660714560904850 ) ) ;
#188 = CARTESIAN_POINT ( 'NONE',  ( 0.4848814374033699748, 34.14438923892595312, 5.500000000000031086 ) ) ;
#189 = VERTEX_POINT ( 'NONE', #11 ) ;
#190 = CARTESIAN_POINT ( 'NONE',  ( -20.20194041461509471, 64.06900656335065491, 4.166666666666696273 ) ) ;
#191 = VERTEX_POINT ( 'NONE', #347 ) ;
#192 = CARTESIAN_POINT ( 'NONE',  ( -21.70506183587033888, 58.30233653435848140, 2.500000000000030642 ) ) ;
#193 = CARTESIAN_POINT ( 'NONE',  ( -19.67566789309150010, 63.18216774806288782, -4.863969182533520730 ) ) ;
#194 = DIRECTION ( 'NONE',  ( 0.000000000000000000, 0.000000000000000000, 1.000000000000000000 ) ) ;
#195 = CARTESIAN_POINT ( 'NONE',  ( -21.55868955426783629, 76.57393298610034549, -2.487069239873288318 ) ) ;
#196 = ORIENTED_EDGE ( 'NONE', *, *, #1255, .T. ) ;
#197 = EDGE_CURVE ( 'NONE', #615, #880, #1218, .T. ) ;
#198 = CARTESIAN_POINT ( 'NONE',  ( -19.53424994003698956, 63.12085355970987877, 4.926651735515962471 ) ) ;
#199 = EDGE_CURVE ( 'NONE', #458, #1062, #1098, .T. ) ;
#200 = CARTESIAN_POINT ( 'NONE',  ( -22.00068484453405659, 62.44295038352785099, 3.233784556043240777 ) ) ;
#201 = DIRECTION ( 'NONE',  ( 0.000000000000000000, 0.000000000000000000, 1.000000000000000000 ) ) ;
#202 = CARTESIAN_POINT ( 'NONE',  ( -49.37967824142858575, 59.09753525282579290, -5.499999999999975131 ) ) ;
#203 = ORIENTED_EDGE ( 'NONE', *, *, #271, .F. ) ;
#204 = ORIENTED_EDGE ( 'NONE', *, *, #170, .T. ) ;
#205 = CARTESIAN_POINT ( 'NONE',  ( -20.00000000000000000, 30.30750847630601541, 6.938893903907228378E-15 ) ) ;
#206 = CARTESIAN_POINT ( 'NONE',  ( -20.19049231391531052, 63.93815417358481312, -4.253795875566456886 ) ) ;
#207 = DIRECTION ( 'NONE',  ( -0.08715574274764477380, 0.9961946980917466554, 0.000000000000000000 ) ) ;
#208 = ORIENTED_EDGE ( 'NONE', *, *, #1337, .F. ) ;
#209 = DIRECTION ( 'NONE',  ( -0.08715574274764478768, 0.9961946980917467664, 0.000000000000000000 ) ) ;
#210 = EDGE_CURVE ( 'NONE', #615, #262, #548, .T. ) ;
#211 = DIRECTION ( 'NONE',  ( 0.04817714950311294264, -0.5506673386186168306, -0.8333333333333331483 ) ) ;
#212 = DIRECTION ( 'NONE',  ( 0.000000000000000000, 0.000000000000000000, -1.000000000000000000 ) ) ;
#213 = DIRECTION ( 'NONE',  ( 0.08715574274764478768, -0.9961946980917467664, 0.000000000000000000 ) ) ;
#214 = ORIENTED_EDGE ( 'NONE', *, *, #462, .T. ) ;
#215 = CARTESIAN_POINT ( 'NONE',  ( -22.08519702026335096, 62.64730157409106681, 2.791763645249623060 ) ) ;
#216 = DIRECTION ( 'NONE',  ( -0.000000000000000000, 0.000000000000000000, -1.000000000000000000 ) ) ;
#217 = PLANE ( 'NONE',  #589 ) ;
#218 = DIRECTION ( 'NONE',  ( 0.000000000000000000, 0.000000000000000000, -1.000000000000000000 ) ) ;
#219 = CARTESIAN_POINT ( 'NONE',  ( -22.08175532688220954, 62.60796283873470713, -2.870345767343533083 ) ) ;
#220 = EDGE_LOOP ( 'NONE', ( #528, #887, #631, #745, #670 ) ) ;
#221 = CARTESIAN_POINT ( 'NONE',  ( -21.80208767133198222, 62.24765483795658128, 3.704886809864802011 ) ) ;
#222 = DIRECTION ( 'NONE',  ( -0.9961946980917467664, -0.08715574274764478768, -0.000000000000000000 ) ) ;
#223 = ORIENTED_EDGE ( 'NONE', *, *, #290, .T. ) ;
#224 = AXIS2_PLACEMENT_3D ( 'NONE', #1153, #1139, #690 ) ;
#225 = VECTOR ( 'NONE', #515, 1000.000000000000227 ) ;
#226 = CARTESIAN_POINT ( 'NONE',  ( 36.54097012848816917, 90.98437268683380807, 70.50000000000002842 ) ) ;
#227 = CIRCLE ( 'NONE', #48, 2.000000000000000000 ) ;
#228 = CARTESIAN_POINT ( 'NONE',  ( -35.72830282201532270, 75.07403231296065371, 70.50000000000002842 ) ) ;
#229 = CARTESIAN_POINT ( 'NONE',  ( -22.29762747633838060, 76.47004542005841188, 2.247539515482759764 ) ) ;
#230 = ORIENTED_EDGE ( 'NONE', *, *, #373, .F. ) ;
#231 = AXIS2_PLACEMENT_3D ( 'NONE', #1335, #786, #1329 ) ;
#232 = DIRECTION ( 'NONE',  ( 0.000000000000000000, 0.000000000000000000, 1.000000000000000000 ) ) ;
#233 = EDGE_LOOP ( 'NONE', ( #1291, #42, #991, #106, #877 ) ) ;
#234 =( BOUNDED_CURVE ( )  B_SPLINE_CURVE ( 3, ( #634, #1394, #280, #294 ),
 .UNSPECIFIED., .F., .F. ) 
 B_SPLINE_CURVE_WITH_KNOTS ( ( 4, 4 ),
 ( 3.141592653589793116, 3.824721529313728663 ),
 .UNSPECIFIED. ) 
 CURVE ( )  GEOMETRIC_REPRESENTATION_ITEM ( )  RATIONAL_B_SPLINE_CURVE ( ( 1.000000000000000000, 0.9614878614853745731, 0.9614878614853745731, 1.000000000000000000 ) ) 
 REPRESENTATION_ITEM ( '' )  );
#235 = CARTESIAN_POINT ( 'NONE',  ( 36.94322540222508167, 85.94534856513551802, 70.50000000000002842 ) ) ;
#236 = CARTESIAN_POINT ( 'NONE',  ( -20.01065599299704090, 61.73142672940753073, -5.331095885409066426 ) ) ;
#237 = ORIENTED_EDGE ( 'NONE', *, *, #492, .T. ) ;
#238 = DIRECTION ( 'NONE',  ( 0.9961946980917467664, 0.08715574274764478768, 0.000000000000000000 ) ) ;
#239 = ADVANCED_FACE ( 'NONE', ( #142 ), #766, .F. ) ;
#240 = CARTESIAN_POINT ( 'NONE',  ( -50.76235822770803452, 82.68755769886570306, 70.50000000000002842 ) ) ;
#241 = B_SPLINE_CURVE_WITH_KNOTS ( 'NONE', 3,
 ( #298, #755, #1064, #833, #1082, #83 ),
 .UNSPECIFIED., .F., .F.,
 ( 4, 1, 1, 4 ),
 ( 0.6604953542515905607, 0.6629000217420070173, 0.7110052231000469902, 0.7471069350984819168 ),
 .UNSPECIFIED. ) ;
#242 = CARTESIAN_POINT ( 'NONE',  ( -23.18123358424642433, 76.34803081495266497, 1.144713663245018331 ) ) ;
#243 = ORIENTED_EDGE ( 'NONE', *, *, #325, .F. ) ;
#244 = LINE ( 'NONE', #341, #1339 ) ;
#245 = ORIENTED_EDGE ( 'NONE', *, *, #1199, .F. ) ;
#246 = VECTOR ( 'NONE', #974, 1000.000000000000114 ) ;
#247 = CARTESIAN_POINT ( 'NONE',  ( -12.39783375163931112, 95.57507728203586339, 70.50000000000002842 ) ) ;
#248 = CARTESIAN_POINT ( 'NONE',  ( -43.28611125990199326, 75.27734910698562487, -54.49999999999996447 ) ) ;
#249 = CIRCLE ( 'NONE', #1190, 2.000000000000000000 ) ;
#250 = ORIENTED_EDGE ( 'NONE', *, *, #197, .F. ) ;
#251 = VECTOR ( 'NONE', #1359, 999.9999999999998863 ) ;
#252 = DIRECTION ( 'NONE',  ( 0.000000000000000000, 0.000000000000000000, -1.000000000000000000 ) ) ;
#253 = VERTEX_POINT ( 'NONE', #569 ) ;
#254 = CARTESIAN_POINT ( 'NONE',  ( -19.25260121749187192, 62.49212946339504526, 5.499999966806380591 ) ) ;
#255 = CARTESIAN_POINT ( 'NONE',  ( -39.91756319707531731, 75.06728345044915329, -54.49999999999996447 ) ) ;
#256 = CARTESIAN_POINT ( 'NONE',  ( 36.94322540222508167, 85.94534856513551802, -54.49999999999996447 ) ) ;
#257 = DIRECTION ( 'NONE',  ( -0.9961946980917467664, -0.08715574274764478768, -0.000000000000000000 ) ) ;
#258 = ORIENTED_EDGE ( 'NONE', *, *, #61, .T. ) ;
#259 = DIRECTION ( 'NONE',  ( 0.9961946980917466554, 0.08715574274764477380, 0.000000000000000000 ) ) ;
#260 = CARTESIAN_POINT ( 'NONE',  ( 46.74749112123710404, 88.63865439306745486, -54.49999999999996447 ) ) ;
#261 = CARTESIAN_POINT ( 'NONE',  ( -3.462203231287271255, 79.25977344549436054, 2.500000000000030642 ) ) ;
#262 = VERTEX_POINT ( 'NONE', #1203 ) ;
#263 = ADVANCED_FACE ( 'NONE', ( #987 ), #37, .T. ) ;
#264 = CARTESIAN_POINT ( 'NONE',  ( -22.09962025422623810, 62.81215989266195265, 5.000000000000029310 ) ) ;
#265 = AXIS2_PLACEMENT_3D ( 'NONE', #460, #980, #1315 ) ;
#266 = FACE_OUTER_BOUND ( 'NONE', #708, .T. ) ;
#267 = EDGE_CURVE ( 'NONE', #502, #691, #665, .T. ) ;
#268 = CARTESIAN_POINT ( 'NONE',  ( -2.752207343994776512, 71.14448331899441769, -12.49999999999997158 ) ) ;
#269 = AXIS2_PLACEMENT_3D ( 'NONE', #51, #575, #580 ) ;
#270 = ORIENTED_EDGE ( 'NONE', *, *, #612, .F. ) ;
#271 = EDGE_CURVE ( 'NONE', #678, #1336, #1065, .T. ) ;
#272 = CARTESIAN_POINT ( 'NONE',  ( 0.4848814374033699748, 34.14438923892595312, 5.500000000000031086 ) ) ;
#273 =( BOUNDED_SURFACE ( )  B_SPLINE_SURFACE ( 3, 2, ( 
 ( #95, #525, #513 ),
 ( #286, #176, #619 ),
 ( #1050, #610, #735 ),
 ( #402, #70, #499 ),
 ( #962, #1376, #1174 ),
 ( #394, #627, #193 ),
 ( #829, #1267, #1401 ),
 ( #725, #1166, #837 ),
 ( #85, #853, #419 ),
 ( #1288, #918, #389 ),
 ( #1034, #604, #187 ),
 ( #611, #79, #621 ),
 ( #1023, #823, #178 ),
 ( #736, #57, #1044 ),
 ( #72, #64, #1146 ),
 ( #1261, #1275, #487 ) ),
 .UNSPECIFIED., .F., .F., .F. ) 
 B_SPLINE_SURFACE_WITH_KNOTS ( ( 4, 2, 2, 2, 2, 2, 2, 4 ),
 ( 3, 3 ),
 ( 0.004635963571066458767, 0.004902230594476079950, 0.005168497617885700265, 0.005434764641295321448, 0.005701031664704942631, 0.005967298688114563814, 0.006233565711524184996, 0.006766099758343427362 ),
 ( 0.000000000000000000, 1.000000000000000000 ),
 .UNSPECIFIED. ) 
 GEOMETRIC_REPRESENTATION_ITEM ( )  RATIONAL_B_SPLINE_SURFACE ( (
 ( 1.000000000000000000, 0.9354143466934865536, 1.000000000000000000),
 ( 1.000000000000000000, 0.9354098695951764686, 1.000000000000000000),
 ( 1.000000000000000000, 0.9332930661161830121, 1.000000000000000000),
 ( 1.000000000000000000, 0.9252414482835612519, 1.000000000000000000),
 ( 1.000000000000000000, 0.9194819428115275084, 1.000000000000000000),
 ( 1.000000000000000000, 0.9053101983488862636, 1.000000000000000000),
 ( 1.000000000000000000, 0.8971149038921438779, 1.000000000000000000),
 ( 1.000000000000000000, 0.8788298938415540773, 1.000000000000000000),
 ( 1.000000000000000000, 0.8687612797503475592, 1.000000000000000000),
 ( 1.000000000000000000, 0.8476240924213868100, 1.000000000000000000),
 ( 1.000000000000000000, 0.8364572537790826434, 1.000000000000000000),
 ( 1.000000000000000000, 0.8129401750143609995, 1.000000000000000000),
 ( 1.000000000000000000, 0.8005803502266015670, 1.000000000000000000),
 ( 1.000000000000000000, 0.7625924932379961607, 1.000000000000000000),
 ( 1.000000000000000000, 0.7357548725554283742, 1.000000000000000000),
 ( 1.000000000000000000, 0.7071067811865507924, 1.000000000000000000) ) ) 
 REPRESENTATION_ITEM ( '' )  SURFACE ( )  );
#274 = FACE_OUTER_BOUND ( 'NONE', #850, .T. ) ;
#275 = DIRECTION ( 'NONE',  ( -0.9961946980917466554, -0.08715574274764477380, 0.000000000000000000 ) ) ;
#276 = CARTESIAN_POINT ( 'NONE',  ( -1.366102484099334428E-15, 32.11481175695188739, 0.9999999999999997780 ) ) ;
#277 = ORIENTED_EDGE ( 'NONE', *, *, #644, .F. ) ;
#278 = CARTESIAN_POINT ( 'NONE',  ( -20.84423143064362804, 61.83425193187164126, 4.882675289575838740 ) ) ;
#279 = CARTESIAN_POINT ( 'NONE',  ( -3.462203231287271255, 79.25977344549436054, 2.500000000000030642 ) ) ;
#280 = CARTESIAN_POINT ( 'NONE',  ( -19.80551106569810926, 31.03335106063059357, 1.127719211497661522 ) ) ;
#281 = CARTESIAN_POINT ( 'NONE',  ( 48.48832496976120154, 87.83246434910043376, -54.49999999999996447 ) ) ;
#282 = CARTESIAN_POINT ( 'NONE',  ( -22.50698358273300670, 76.44092717720569397, -2.091714808705690931 ) ) ;
#283 = EDGE_LOOP ( 'NONE', ( #568, #791, #1134, #1118, #1079 ) ) ;
#284 = DIRECTION ( 'NONE',  ( -0.08715574274764477380, 0.9961946980917466554, 0.000000000000000000 ) ) ;
#285 = CARTESIAN_POINT ( 'NONE',  ( -3.811896680055521180, 83.25678785484907962, -2.499999999999972911 ) ) ;
#286 = CARTESIAN_POINT ( 'NONE',  ( -19.26314602714639435, 61.73239043566023554, -5.499999999999974243 ) ) ;
#287 = DIRECTION ( 'NONE',  ( 0.000000000000000000, -0.000000000000000000, -1.000000000000000000 ) ) ;
#288 = CARTESIAN_POINT ( 'NONE',  ( -3.811896680055521180, 83.25678785484907962, -2.499999999999972911 ) ) ;
#289 = ORIENTED_EDGE ( 'NONE', *, *, #683, .F. ) ;
#290 = EDGE_CURVE ( 'NONE', #1341, #253, #136, .T. ) ;
#291 = CARTESIAN_POINT ( 'NONE',  ( -21.10524814045092157, 62.97106041012870747, 4.921850008041002589 ) ) ;
#292 = ADVANCED_FACE ( 'NONE', ( #1147 ), #712, .F. ) ;
#293 = CARTESIAN_POINT ( 'NONE',  ( -22.05368480686091459, 62.28711532672546269, 2.500000000000030642 ) ) ;
#294 = CARTESIAN_POINT ( 'NONE',  ( -19.43900380885730073, 32.40117476450324574, 1.578052135410321855 ) ) ;
#295 = CARTESIAN_POINT ( 'NONE',  ( -0.8366882598256127901, 49.24999999999999289, 2.500000000000030198 ) ) ;
#296 = CARTESIAN_POINT ( 'NONE',  ( -18.26509884126238603, 32.50397852320830339, 2.500000000000008882 ) ) ;
#297 = LINE ( 'NONE', #1254, #363 ) ;
#298 = CARTESIAN_POINT ( 'NONE',  ( -21.29919022269305273, 76.61062925887850383, -2.499999999999972911 ) ) ;
#299 = DIRECTION ( 'NONE',  ( -2.779109781899464598E-22, -1.000000000000000000, 2.668814559499989665E-22 ) ) ;
#300 = CARTESIAN_POINT ( 'NONE',  ( -20.20194041461509471, 64.06900656335064070, -4.166666666666641206 ) ) ;
#301 = CARTESIAN_POINT ( 'NONE',  ( -16.45042843015632883, 32.66274161221598860, -5.499999999999975131 ) ) ;
#302 = VERTEX_POINT ( 'NONE', #599 ) ;
#303 = PLANE ( 'NONE',  #775 ) ;
#304 = CARTESIAN_POINT ( 'NONE',  ( -21.77380081160692171, 62.22309478992834642, 3.765273383443120458 ) ) ;
#305 = CARTESIAN_POINT ( 'NONE',  ( -17.50000000000001776, 4.429268570641297914E-15, -2.499999999999991562 ) ) ;
#306 = CARTESIAN_POINT ( 'NONE',  ( -19.82042613786268603, 63.26965896317938842, -4.779709185115798675 ) ) ;
#307 = CARTESIAN_POINT ( 'NONE',  ( -18.95606793660610023, 32.44352656051897554, 2.171460890941562027 ) ) ;
#308 = EDGE_CURVE ( 'NONE', #1103, #949, #597, .T. ) ;
#309 = ORIENTED_EDGE ( 'NONE', *, *, #582, .T. ) ;
#310 = LINE ( 'NONE', #1307, #684 ) ;
#311 = VECTOR ( 'NONE', #1159, 999.9999999999998863 ) ;
#312 = CIRCLE ( 'NONE', #565, 10.00000000000000178 ) ;
#313 = CARTESIAN_POINT ( 'NONE',  ( -2.060430082070609181, 63.23743303333890964, 5.500000000000031086 ) ) ;
#314 = CARTESIAN_POINT ( 'NONE',  ( -20.68371190964622031, 69.57567994953680568, 2.500000000000030642 ) ) ;
#315 = ORIENTED_EDGE ( 'NONE', *, *, #1400, .T. ) ;
#316 = CARTESIAN_POINT ( 'NONE',  ( 0.000000000000000000, 0.000000000000000000, 0.000000000000000000 ) ) ;
#317 = ORIENTED_EDGE ( 'NONE', *, *, #601, .F. ) ;
#318 = EDGE_CURVE ( 'NONE', #713, #680, #658, .T. ) ;
#319 = CARTESIAN_POINT ( 'NONE',  ( -19.43900380885730073, 32.40117476450324574, -54.49999999999996447 ) ) ;
#320 = DIRECTION ( 'NONE',  ( 0.9961946980917466554, 0.08715574274764477380, 0.000000000000000000 ) ) ;
#321 = CARTESIAN_POINT ( 'NONE',  ( -17.50000000000000000, 32.57091599829557538, -2.499999999999990230 ) ) ;
#322 = EDGE_LOOP ( 'NONE', ( #348, #1128, #3, #820 ) ) ;
#323 = CARTESIAN_POINT ( 'NONE',  ( -20.91308501069254078, 49.24999999999999289, 29.73513398164221755 ) ) ;
#324 = ORIENTED_EDGE ( 'NONE', *, *, #1075, .T. ) ;
#325 = EDGE_CURVE ( 'NONE', #458, #1005, #700, .T. ) ;
#326 = CARTESIAN_POINT ( 'NONE',  ( -50.03001828159207065, 77.38285662772361206, 70.50000000000002842 ) ) ;
#327 = CARTESIAN_POINT ( 'NONE',  ( 48.45520578751709451, 88.21101833437529649, -54.49999999999996447 ) ) ;
#328 = CARTESIAN_POINT ( 'NONE',  ( -16.45042843015632883, 32.66274161221598860, 5.500000000000031086 ) ) ;
#329 = ORIENTED_EDGE ( 'NONE', *, *, #170, .F. ) ;
#330 = CARTESIAN_POINT ( 'NONE',  ( -20.19129157202944924, 63.94728967616164539, 4.247712920924209712 ) ) ;
#331 = DIRECTION ( 'NONE',  ( 1.000000000000000000, 0.000000000000000000, 0.000000000000000000 ) ) ;
#332 = ORIENTED_EDGE ( 'NONE', *, *, #476, .F. ) ;
#333 = VECTOR ( 'NONE', #542, 999.9999999999998863 ) ;
#334 = VECTOR ( 'NONE', #938, 1000.000000000000114 ) ;
#335 = AXIS2_PLACEMENT_3D ( 'NONE', #1340, #360, #800 ) ;
#336 = AXIS2_PLACEMENT_3D ( 'NONE', #316, #529, #1405 ) ;
#337 = AXIS2_PLACEMENT_3D ( 'NONE', #115, #1117, #131 ) ;
#338 = CARTESIAN_POINT ( 'NONE',  ( -37.19575272752150141, 91.28857168997407712, 70.50000000000002842 ) ) ;
#339 = CARTESIAN_POINT ( 'NONE',  ( -22.79306020226567497, 76.40129832950769639, 1.821996074057277371 ) ) ;
#340 = ORIENTED_EDGE ( 'NONE', *, *, #1374, .F. ) ;
#341 = CARTESIAN_POINT ( 'NONE',  ( -1.734723475976807094E-14, -1.734723199251901835E-15, 1.000000000000000444 ) ) ;
#342 = ORIENTED_EDGE ( 'NONE', *, *, #343, .F. ) ;
#343 = EDGE_CURVE ( 'NONE', #1341, #664, #1294, .T. ) ;
#344 = CARTESIAN_POINT ( 'NONE',  ( -48.06171442903052338, 76.32702306740574727, 70.50000000000002842 ) ) ;
#345 = CARTESIAN_POINT ( 'NONE',  ( -19.81220607498995534, 61.72463978408607943, -5.394218893631551381 ) ) ;
#346 = VERTEX_POINT ( 'NONE', #480 ) ;
#347 = CARTESIAN_POINT ( 'NONE',  ( -0.8366882598256091264, 49.24999999999999289, -2.499999999999976019 ) ) ;
#348 = ORIENTED_EDGE ( 'NONE', *, *, #683, .T. ) ;
#349 = EDGE_CURVE ( 'NONE', #999, #1062, #1236, .T. ) ;
#350 = CARTESIAN_POINT ( 'NONE',  ( 43.34512627458163081, 89.49065497723172768, 70.50000000000002842 ) ) ;
#351 = CARTESIAN_POINT ( 'NONE',  ( -45.87370233738926117, 75.63396832966115824, -54.49999999999996447 ) ) ;
#352 = ORIENTED_EDGE ( 'NONE', *, *, #1199, .T. ) ;
#353 = EDGE_CURVE ( 'NONE', #1397, #760, #1362, .T. ) ;
#354 = DIRECTION ( 'NONE',  ( 0.000000000000000000, 0.000000000000000000, 1.000000000000000000 ) ) ;
#355 = ORIENTED_EDGE ( 'NONE', *, *, #1368, .F. ) ;
#356 = CARTESIAN_POINT ( 'NONE',  ( -0.9820010427219472149, 79.64059603494933981, 70.50000000000002842 ) ) ;
#357 = CIRCLE ( 'NONE', #1116, 2.500000000000000444 ) ;
#358 = CARTESIAN_POINT ( 'NONE',  ( 8.906157204203534405, 81.31062722032942247, 70.50000000000002842 ) ) ;
#359 = ADVANCED_FACE ( 'NONE', ( #488 ), #592, .F. ) ;
#360 = DIRECTION ( 'NONE',  ( 2.779109781899464598E-22, 1.000000000000000000, -2.668814559499989665E-22 ) ) ;
#361 = AXIS2_PLACEMENT_3D ( 'NONE', #839, #1251, #275 ) ;
#362 = ORIENTED_EDGE ( 'NONE', *, *, #1158, .T. ) ;
#363 = VECTOR ( 'NONE', #284, 1000.000000000000114 ) ;
#364 = DIRECTION ( 'NONE',  ( 0.000000000000000000, 0.000000000000000000, 1.000000000000000000 ) ) ;
#365 = ORIENTED_EDGE ( 'NONE', *, *, #1213, .T. ) ;
#366 = B_SPLINE_CURVE_WITH_KNOTS ( 'NONE', 3,
 ( #996, #219, #27, #663, #677, #876, #1312, #1327, #1197, #443, #1320, #236, #345, #784, #710, #815 ),
 .UNSPECIFIED., .F., .F.,
 ( 4, 2, 2, 2, 2, 2, 2, 4 ),
 ( 0.000000000000000000, 0.001221576178797546038, 0.001832364268196319057, 0.002443152357595092077, 0.003053940446993865312, 0.003664728536392638115, 0.004275516625791410917, 0.004886304715190184153 ),
 .UNSPECIFIED. ) ;
#367 = CARTESIAN_POINT ( 'NONE',  ( -20.30385227279286653, 62.62205133340425078, 5.289325524356608632 ) ) ;
#368 = CARTESIAN_POINT ( 'NONE',  ( -10.88430409121732367, 78.08565741893525569, 70.50000000000002842 ) ) ;
#369 = CARTESIAN_POINT ( 'NONE',  ( 0.4848814374033699748, 34.14438923892595312, 0.9584387339368538594 ) ) ;
#370 = DIRECTION ( 'NONE',  ( -0.000000000000000000, -0.000000000000000000, -1.000000000000000000 ) ) ;
#371 = VERTEX_POINT ( 'NONE', #1133 ) ;
#372 = ADVANCED_FACE ( 'NONE', ( #495 ), #792, .T. ) ;
#373 = EDGE_CURVE ( 'NONE', #371, #140, #1024, .T. ) ;
#374 = DIRECTION ( 'NONE',  ( -0.000000000000000000, -0.000000000000000000, -1.000000000000000000 ) ) ;
#375 = CARTESIAN_POINT ( 'NONE',  ( -48.83577135358702748, 84.84268932235394800, -54.49999999999996447 ) ) ;
#376 = CYLINDRICAL_SURFACE ( 'NONE', #1000, 2.499999999999998668 ) ;
#377 = CARTESIAN_POINT ( 'NONE',  ( -6.404108411439013377E-15, 31.06826850986979949, 1.000000000000000444 ) ) ;
#378 = ORIENTED_EDGE ( 'NONE', *, *, #934, .F. ) ;
#379 = EDGE_CURVE ( 'NONE', #760, #673, #1260, .T. ) ;
#380 = LINE ( 'NONE', #1165, #1120 ) ;
#381 = VECTOR ( 'NONE', #467, 999.9999999999998863 ) ;
#382 = CARTESIAN_POINT ( 'NONE',  ( 0.4848814374033699748, 34.14438923892595312, -2.499999999999976019 ) ) ;
#383 = DIRECTION ( 'NONE',  ( 3.522283948605836748E-16, 1.000000000000000000, -2.668814559451108378E-22 ) ) ;
#384 = CIRCLE ( 'NONE', #703, 10.00000000000000000 ) ;
#385 = CARTESIAN_POINT ( 'NONE',  ( -51.14770443053555482, 79.30616706697338714, -5.499999999999975131 ) ) ;
#386 = ORIENTED_EDGE ( 'NONE', *, *, #78, .T. ) ;
#387 = CARTESIAN_POINT ( 'NONE',  ( -51.14770443053555482, 79.30616706697338714, -2.499999999999976019 ) ) ;
#388 = CARTESIAN_POINT ( 'NONE',  ( 48.48832496976120154, 87.83246434910043376, 70.50000000000002842 ) ) ;
#389 = CARTESIAN_POINT ( 'NONE',  ( -19.98119439905100592, 63.44522419371337207, -4.628800237750882118 ) ) ;
#390 = CARTESIAN_POINT ( 'NONE',  ( -20.00000000000000000, 7.261402971149854973E-15, 8.101158632811689131E-15 ) ) ;
#391 = ORIENTED_EDGE ( 'NONE', *, *, #210, .F. ) ;
#392 = CARTESIAN_POINT ( 'NONE',  ( 36.94322540222508167, 85.94534856513551802, 70.50000000000002842 ) ) ;
#393 = DIRECTION ( 'NONE',  ( 0.000000000000000000, 0.000000000000000000, 1.000000000000000000 ) ) ;
#394 = CARTESIAN_POINT ( 'NONE',  ( -20.66495180550630195, 61.79927569675757582, -5.010289011251322755 ) ) ;
#395 = CARTESIAN_POINT ( 'NONE',  ( -21.70506183587033888, 58.30233653435848140, -2.499999999999969358 ) ) ;
#396 = LINE ( 'NONE', #1192, #862 ) ;
#397 = EDGE_LOOP ( 'NONE', ( #29, #270, #1031, #842 ) ) ;
#398 = CARTESIAN_POINT ( 'NONE',  ( -21.30102294223732429, 61.96623060666907890, 4.460789003006119913 ) ) ;
#399 = ORIENTED_EDGE ( 'NONE', *, *, #881, .T. ) ;
#400 = B_SPLINE_CURVE_WITH_KNOTS ( 'NONE', 3,
 ( #94, #1083, #1287, #961, #1399, #512, #1058, #950, #1393, #411, #1180, #846, #304, #200, #633, #1066 ),
 .UNSPECIFIED., .F., .F.,
 ( 4, 2, 2, 2, 2, 2, 2, 4 ),
 ( 0.000000000000000000, 0.0006179058195868154888, 0.001235811639173630978, 0.001853717458760446466, 0.002471623278347261955, 0.003089529097934077227, 0.003707434917520892933, 0.004943246556694523910 ),
 .UNSPECIFIED. ) ;
#401 = CARTESIAN_POINT ( 'NONE',  ( -22.67610130582971451, 69.40136846404152493, 0.5000000000000307532 ) ) ;
#402 = CARTESIAN_POINT ( 'NONE',  ( -20.02430833112064690, 61.73049507780554990, -5.330510920846723621 ) ) ;
#403 = VECTOR ( 'NONE', #257, 999.9999999999998863 ) ;
#404 = PLANE ( 'NONE',  #361 ) ;
#405 = CARTESIAN_POINT ( 'NONE',  ( -9.841977309562398801, 1.731898002254456753E-15, 1.843598055105351685 ) ) ;
#406 = ORIENTED_EDGE ( 'NONE', *, *, #608, .F. ) ;
#407 = CARTESIAN_POINT ( 'NONE',  ( -19.70398946834642828, 63.18830726494403649, 4.856393938282068667 ) ) ;
#408 = AXIS2_PLACEMENT_3D ( 'NONE', #727, #1167, #1052 ) ;
#409 = ORIENTED_EDGE ( 'NONE', *, *, #1214, .F. ) ;
#410 = AXIS2_PLACEMENT_3D ( 'NONE', #717, #168, #498 ) ;
#411 = CARTESIAN_POINT ( 'NONE',  ( -21.34084214839777616, 61.98123529739829962, 4.416471149544261898 ) ) ;
#412 = LINE ( 'NONE', #936, #909 ) ;
#413 = CARTESIAN_POINT ( 'NONE',  ( -23.28264754843140594, 76.33422374102330821, 0.5000000000000307532 ) ) ;
#414 = DIRECTION ( 'NONE',  ( 0.000000000000000000, -0.000000000000000000, -1.000000000000000000 ) ) ;
#415 = VERTEX_POINT ( 'NONE', #1013 ) ;
#416 =( NAMED_UNIT ( * ) SI_UNIT ( $, .STERADIAN. ) SOLID_ANGLE_UNIT ( ) );
#417 = CARTESIAN_POINT ( 'NONE',  ( -20.20194041461509471, 64.06900656335065491, 4.166666666666696273 ) ) ;
#418 = ADVANCED_FACE ( 'NONE', ( #53 ), #41, .F. ) ;
#419 = CARTESIAN_POINT ( 'NONE',  ( -19.89735528124353792, 63.34827588570876600, -4.711330275018760894 ) ) ;
#420 = PLANE ( 'NONE',  #1143 ) ;
#421 = CARTESIAN_POINT ( 'NONE',  ( -22.09962025422623810, 62.81215989266195265, -4.999999999999975131 ) ) ;
#422 = VERTEX_POINT ( 'NONE', #1240 ) ;
#423 = SHAPE_DEFINITION_REPRESENTATION ( #675, #587 ) ;
#424 = LINE ( 'NONE', #872, #158 ) ;
#425 = DIRECTION ( 'NONE',  ( 0.9961946980917467664, 0.08715574274764475993, -0.000000000000000000 ) ) ;
#426 = DIRECTION ( 'NONE',  ( -0.9961946980917466554, -0.08715574274764477380, -0.000000000000000000 ) ) ;
#427 = ORIENTED_EDGE ( 'NONE', *, *, #620, .T. ) ;
#428 = AXIS2_PLACEMENT_3D ( 'NONE', #1035, #1245, #364 ) ;
#429 = FILL_AREA_STYLE ('',( #1303 ) ) ;
#430 = VECTOR ( 'NONE', #175, 1000.000000000000000 ) ;
#431 = B_SPLINE_CURVE_WITH_KNOTS ( 'NONE', 3,
 ( #558, #112, #669, #1207, #242, #869, #538, #546, #339, #977, #229, #764, #123, #971 ),
 .UNSPECIFIED., .F., .F.,
 ( 4, 2, 2, 2, 2, 2, 4 ),
 ( 3.252606517456513302E-19, 0.0003908006319814177312, 0.0007816012639628347036, 0.001172401895944251513, 0.001563202527925668973, 0.002344803791888503894, 0.003126405055851338814 ),
 .UNSPECIFIED. ) ;
#432 = DIRECTION ( 'NONE',  ( -0.9961946980917467664, -0.08715574274764478768, 0.000000000000000000 ) ) ;
#433 = DIRECTION ( 'NONE',  ( 2.779109781899464598E-22, 1.000000000000000000, -2.668814559499989665E-22 ) ) ;
#434 = ORIENTED_EDGE ( 'NONE', *, *, #1223, .T. ) ;
#435 = ADVANCED_FACE ( 'NONE', ( #801 ), #583, .T. ) ;
#436 = DIRECTION ( 'NONE',  ( 3.522283948605836748E-16, 1.000000000000000000, -2.668814559451108378E-22 ) ) ;
#437 = VERTEX_POINT ( 'NONE', #914 ) ;
#438 = LINE ( 'NONE', #859, #1321 ) ;
#439 = CARTESIAN_POINT ( 'NONE',  ( -18.95606793660610734, 32.44352656051896844, -2.171460890941542932 ) ) ;
#440 = ORIENTED_EDGE ( 'NONE', *, *, #1009, .T. ) ;
#441 = DIRECTION ( 'NONE',  ( 0.9961946980917467664, 0.08715574274764478768, 0.000000000000000000 ) ) ;
#442 = CARTESIAN_POINT ( 'NONE',  ( -48.83577135358702748, 84.84268932235394800, -54.49999999999996447 ) ) ;
#443 = CARTESIAN_POINT ( 'NONE',  ( -20.57006284950485409, 61.78525599450821915, -5.066802077307760221 ) ) ;
#444 = ORIENTED_EDGE ( 'NONE', *, *, #563, .T. ) ;
#445 = EDGE_CURVE ( 'NONE', #1341, #1285, #574, .T. ) ;
#446 = CARTESIAN_POINT ( 'NONE',  ( -22.67610130582971451, 69.40136846404152493, 12.50000000000003197 ) ) ;
#447 = ORIENTED_EDGE ( 'NONE', *, *, #1158, .F. ) ;
#448 = VECTOR ( 'NONE', #1059, 1000.000000000000000 ) ;
#449 = CARTESIAN_POINT ( 'NONE',  ( -39.91756319707531731, 75.06728345044915329, 70.50000000000002842 ) ) ;
#450 = CARTESIAN_POINT ( 'NONE',  ( -1.781167874035399779, 60.04545138931137416, 2.500000000000030642 ) ) ;
#451 = ORIENTED_EDGE ( 'NONE', *, *, #523, .F. ) ;
#452 = EDGE_CURVE ( 'NONE', #753, #738, #357, .T. ) ;
#453 = PLANE ( 'NONE',  #231 ) ;
#454 = ORIENTED_EDGE ( 'NONE', *, *, #1281, .T. ) ;
#455 = EDGE_CURVE ( 'NONE', #880, #20, #629, .T. ) ;
#456 = CARTESIAN_POINT ( 'NONE',  ( -50.03001828159207065, 77.38285662772361206, -54.49999999999996447 ) ) ;
#457 = CARTESIAN_POINT ( 'NONE',  ( 36.54097012848816917, 90.98437268683380807, -54.49999999999996447 ) ) ;
#458 = VERTEX_POINT ( 'NONE', #301 ) ;
#459 = EDGE_CURVE ( 'NONE', #985, #738, #614, .T. ) ;
#460 = CARTESIAN_POINT ( 'NONE',  ( 10.00000000000000000, 31.06826850986979949, 5.500000000000031086 ) ) ;
#461 = VERTEX_POINT ( 'NONE', #1262 ) ;
#462 = EDGE_CURVE ( 'NONE', #688, #521, #841, .T. ) ;
#463 = CARTESIAN_POINT ( 'NONE',  ( -19.14941537118461312, 76.91550344215045243, 70.50000000000002842 ) ) ;
#464 = CARTESIAN_POINT ( 'NONE',  ( -19.43901252443157190, 32.40127438397305326, 5.500000000000031086 ) ) ;
#465 = EDGE_CURVE ( 'NONE', #1371, #415, #964, .T. ) ;
#466 = ORIENTED_EDGE ( 'NONE', *, *, #608, .T. ) ;
#467 = DIRECTION ( 'NONE',  ( -0.08715574274764478768, 0.9961946980917467664, -0.000000000000000000 ) ) ;
#468 = EDGE_CURVE ( 'NONE', #422, #993, #1290, .T. ) ;
#469 = ORIENTED_EDGE ( 'NONE', *, *, #719, .T. ) ;
#470 = CARTESIAN_POINT ( 'NONE',  ( -20.06958630411794431, 63.57423910980000414, 4.522742560427090552 ) ) ;
#471 = AXIS2_PLACEMENT_3D ( 'NONE', #1017, #1145, #163 ) ;
#472 = CARTESIAN_POINT ( 'NONE',  ( -30.73826637378760651, 75.50246248899158275, 70.50000000000002842 ) ) ;
#473 = CARTESIAN_POINT ( 'NONE',  ( -27.34406478861223633, 93.88770279423543741, -54.49999999999996447 ) ) ;
#474 = DIRECTION ( 'NONE',  ( 0.000000000000000000, 0.000000000000000000, -1.000000000000000000 ) ) ;
#475 = EDGE_LOOP ( 'NONE', ( #113, #701, #36, #355 ) ) ;
#476 = EDGE_CURVE ( 'NONE', #1125, #807, #855, .T. ) ;
#477 = LINE ( 'NONE', #1266, #1298 ) ;
#478 = LINE ( 'NONE', #464, #927 ) ;
#479 = CARTESIAN_POINT ( 'NONE',  ( -20.68371190964622386, 69.57567994953681989, -12.49999999999997158 ) ) ;
#480 = CARTESIAN_POINT ( 'NONE',  ( -2.060430082070609181, 63.23743303333890964, -5.499999999999975131 ) ) ;
#481 = ORIENTED_EDGE ( 'NONE', *, *, #954, .F. ) ;
#482 = UNCERTAINTY_MEASURE_WITH_UNIT (LENGTH_MEASURE( 1.000000000000000082E-05 ), #747, 'distance_accuracy_value', 'NONE');
#483 = EDGE_CURVE ( 'NONE', #1293, #615, #849, .T. ) ;
#484 = EDGE_CURVE ( 'NONE', #880, #191, #1284, .T. ) ;
#485 = CARTESIAN_POINT ( 'NONE',  ( -1.781167874035399779, 60.04545138931137416, -2.499999999999969358 ) ) ;
#486 = CARTESIAN_POINT ( 'NONE',  ( -39.91756319707531731, 75.06728345044915329, -54.49999999999996447 ) ) ;
#487 = CARTESIAN_POINT ( 'NONE',  ( -20.20194041461509471, 64.06900656335064070, -4.166666666666648311 ) ) ;
#488 = FACE_OUTER_BOUND ( 'NONE', #181, .T. ) ;
#489 = EDGE_LOOP ( 'NONE', ( #732, #451, #858, #722 ) ) ;
#490 = EDGE_CURVE ( 'NONE', #664, #1007, #5, .T. ) ;
#491 = CARTESIAN_POINT ( 'NONE',  ( 43.53728699343696462, 87.04384585981394196, -54.49999999999996447 ) ) ;
#492 = EDGE_CURVE ( 'NONE', #1285, #753, #752, .T. ) ;
#493 = DIRECTION ( 'NONE',  ( 3.630701386744604799E-16, 1.000000000000000000, -2.668814559449603746E-22 ) ) ;
#494 = AXIS2_PLACEMENT_3D ( 'NONE', #129, #426, #984 ) ;
#495 = FACE_OUTER_BOUND ( 'NONE', #220, .T. ) ;
#496 = CARTESIAN_POINT ( 'NONE',  ( 18.79948105420779925, 82.96460367995454988, 70.50000000000002842 ) ) ;
#497 = PRODUCT_RELATED_PRODUCT_CATEGORY ( 'part', '', ( #699 ) ) ;
#498 = DIRECTION ( 'NONE',  ( 0.000000000000000000, 0.000000000000000000, 1.000000000000000000 ) ) ;
#499 = CARTESIAN_POINT ( 'NONE',  ( -19.45670095360508967, 63.09730015601619613, -4.952919715463183437 ) ) ;
#500 = DIRECTION ( 'NONE',  ( 0.000000000000000000, 0.000000000000000000, 1.000000000000000000 ) ) ;
#501 = DIRECTION ( 'NONE',  ( -0.08715574274764478768, 0.9961946980917467664, -1.489033026589533876E-16 ) ) ;
#502 = VERTEX_POINT ( 'NONE', #737 ) ;
#503 = CARTESIAN_POINT ( 'NONE',  ( -35.72830282201532270, 75.07403231296065371, 70.50000000000002842 ) ) ;
#504 = EDGE_LOOP ( 'NONE', ( #625, #1379, #570, #1014 ) ) ;
#505 = DIRECTION ( 'NONE',  ( 0.000000000000000000, 0.000000000000000000, -1.000000000000000000 ) ) ;
#506 = PLANE ( 'NONE',  #1119 ) ;
#507 = FACE_OUTER_BOUND ( 'NONE', #397, .T. ) ;
#508 = CARTESIAN_POINT ( 'NONE',  ( -23.03161685482064414, 76.36847628007599553, -1.507997291612209079 ) ) ;
#509 = EDGE_LOOP ( 'NONE', ( #399, #230, #132, #74 ) ) ;
#510 = CARTESIAN_POINT ( 'NONE',  ( -20.16351635187028180, 63.81274555759042499, 4.342706094509386716 ) ) ;
#511 = FACE_OUTER_BOUND ( 'NONE', #12, .T. ) ;
#512 = CARTESIAN_POINT ( 'NONE',  ( -20.38872425533386235, 61.76162781478821984, 5.167841588897885252 ) ) ;
#513 = CARTESIAN_POINT ( 'NONE',  ( -19.11103615995100569, 63.07362712090487378, -4.999999999999974243 ) ) ;
#514 = CARTESIAN_POINT ( 'NONE',  ( 46.74749112123710404, 88.63865439306745486, 70.50000000000002842 ) ) ;
#515 = DIRECTION ( 'NONE',  ( -0.9963466490417509647, 3.509412972688475853E-16, -0.08540114134643517207 ) ) ;
#516 = VECTOR ( 'NONE', #105, 1000.000000000000000 ) ;
#517 = ORIENTED_EDGE ( 'NONE', *, *, #1009, .F. ) ;
#518 = CARTESIAN_POINT ( 'NONE',  ( -20.19049231391531407, 63.93815417358482733, 4.253795875566508400 ) ) ;
#519 = AXIS2_PLACEMENT_3D ( 'NONE', #1297, #1, #526 ) ;
#520 = B_SPLINE_CURVE_WITH_KNOTS ( 'NONE', 3,
 ( #190, #518, #510, #470, #1264, #89, #407, #795, #75, #933 ),
 .UNSPECIFIED., .F., .F.,
 ( 4, 2, 2, 2, 4 ),
 ( 0.000000000000000000, 0.0004678355512128972620, 0.0009356711024257945240, 0.001403506653638691894, 0.001871342204851589048 ),
 .UNSPECIFIED. ) ;
#521 = VERTEX_POINT ( 'NONE', #97 ) ;
#522 = PRODUCT_DEFINITION_FORMATION_WITH_SPECIFIED_SOURCE ( 'ANY', '', #699, .NOT_KNOWN. ) ;
#523 = EDGE_CURVE ( 'NONE', #54, #696, #396, .T. ) ;
#524 = CARTESIAN_POINT ( 'NONE',  ( -6.404108411439013377E-15, 31.06826850986979949, -1.000000000000000444 ) ) ;
#525 = CARTESIAN_POINT ( 'NONE',  ( -19.06162349838499281, 62.50883781478663792, -5.499999999999969802 ) ) ;
#526 = DIRECTION ( 'NONE',  ( 0.000000000000000000, 0.000000000000000000, 1.000000000000000000 ) ) ;
#527 = CARTESIAN_POINT ( 'NONE',  ( -9.841977309562400578, 1.731897710729035684E-15, -1.843598055105342803 ) ) ;
#528 = ORIENTED_EDGE ( 'NONE', *, *, #1358, .F. ) ;
#529 = DIRECTION ( 'NONE',  ( 0.000000000000000000, 0.000000000000000000, 1.000000000000000000 ) ) ;
#530 = DIRECTION ( 'NONE',  ( 0.000000000000000000, 0.000000000000000000, 1.000000000000000000 ) ) ;
#531 = DIRECTION ( 'NONE',  ( 0.2588190451025150218, 0.9659258262890698665, 0.000000000000000000 ) ) ;
#532 = CARTESIAN_POINT ( 'NONE',  ( -17.50000000000000000, 32.57091599829557538, 2.500000000000008438 ) ) ;
#533 = CARTESIAN_POINT ( 'NONE',  ( -22.88365695495142660, 76.38876277219306132, -1.730913744535965693 ) ) ;
#534 = ORIENTED_EDGE ( 'NONE', *, *, #906, .T. ) ;
#535 = CARTESIAN_POINT ( 'NONE',  ( -19.43901252443157190, 32.40127438397305326, -2.499999999999976019 ) ) ;
#536 = CARTESIAN_POINT ( 'NONE',  ( -16.45042843015632883, 32.66274161221598860, 2.500000000000030642 ) ) ;
#537 = CARTESIAN_POINT ( 'NONE',  ( -19.42684675102684011, 63.08249657807881050, -4.967605322239574406 ) ) ;
#538 = CARTESIAN_POINT ( 'NONE',  ( -23.02073430006181454, 76.36997894669620734, 1.501744977083608434 ) ) ;
#539 = ORIENTED_EDGE ( 'NONE', *, *, #455, .T. ) ;
#540 = AXIS2_PLACEMENT_3D ( 'NONE', #901, #886, #1088 ) ;
#541 =( NAMED_UNIT ( * ) PLANE_ANGLE_UNIT ( ) SI_UNIT ( $, .RADIAN. ) );
#542 = DIRECTION ( 'NONE',  ( 0.9961946980917467664, 0.08715574274764478768, 0.000000000000000000 ) ) ;
#543 = VECTOR ( 'NONE', #1201, 1000.000000000000114 ) ;
#544 = LINE ( 'NONE', #293, #840 ) ;
#545 = LINE ( 'NONE', #202, #953 ) ;
#546 = CARTESIAN_POINT ( 'NONE',  ( -22.87681003653843703, 76.38975690906437421, 1.719105315574411375 ) ) ;
#547 = ORIENTED_EDGE ( 'NONE', *, *, #23, .T. ) ;
#548 = LINE ( 'NONE', #323, #1091 ) ;
#549 = ORIENTED_EDGE ( 'NONE', *, *, #116, .T. ) ;
#550 = CARTESIAN_POINT ( 'NONE',  ( 18.79948105420779925, 82.96460367995454988, -54.49999999999996447 ) ) ;
#551 = CARTESIAN_POINT ( 'NONE',  ( -20.91308501069254078, 49.24999999999999289, 2.500000000000030198 ) ) ;
#552 = VERTEX_POINT ( 'NONE', #1053 ) ;
#553 = CARTESIAN_POINT ( 'NONE',  ( -20.07849714393637086, 63.60347945447199436, 4.501357448407447670 ) ) ;
#554 = EDGE_CURVE ( 'NONE', #552, #997, #1169, .T. ) ;
#555 = FACE_OUTER_BOUND ( 'NONE', #40, .T. ) ;
#556 = ORIENTED_EDGE ( 'NONE', *, *, #23, .F. ) ;
#557 = CARTESIAN_POINT ( 'NONE',  ( -2.347082251786224205, 95.55504402157842492, 70.50000000000002842 ) ) ;
#558 = CARTESIAN_POINT ( 'NONE',  ( -23.28264754843140238, 76.33422374102330821, 0.5000000000000299760 ) ) ;
#559 = ORIENTED_EDGE ( 'NONE', *, *, #900, .T. ) ;
#560 = CARTESIAN_POINT ( 'NONE',  ( -51.14770443053555482, 79.30616706697338714, 5.500000000000031086 ) ) ;
#561 = ORIENTED_EDGE ( 'NONE', *, *, #483, .T. ) ;
#562 = VECTOR ( 'NONE', #1231, 1000.000000000000000 ) ;
#563 = EDGE_CURVE ( 'NONE', #696, #461, #591, .T. ) ;
#564 = CIRCLE ( 'NONE', #408, 2.000000000000000000 ) ;
#565 = AXIS2_PLACEMENT_3D ( 'NONE', #1375, #162, #393 ) ;
#566 = CARTESIAN_POINT ( 'NONE',  ( -37.19575272752150141, 91.28857168997407712, -54.49999999999996447 ) ) ;
#567 = CARTESIAN_POINT ( 'NONE',  ( -50.76235822770803452, 82.68755769886570306, -54.49999999999996447 ) ) ;
#568 = ORIENTED_EDGE ( 'NONE', *, *, #893, .F. ) ;
#569 = CARTESIAN_POINT ( 'NONE',  ( -19.43901252443157190, 32.40127438397305326, -2.499999999999976019 ) ) ;
#570 = ORIENTED_EDGE ( 'NONE', *, *, #1075, .F. ) ;
#571 = CARTESIAN_POINT ( 'NONE',  ( 17.87961456057471210, 93.99182532215499464, 70.50000000000002842 ) ) ;
#572 = EDGE_CURVE ( 'NONE', #1103, #691, #771, .T. ) ;
#573 = CARTESIAN_POINT ( 'NONE',  ( -45.87370233738926117, 75.63396832966115824, -54.49999999999996447 ) ) ;
#574 =( BOUNDED_CURVE ( )  B_SPLINE_CURVE ( 3, ( #73, #87, #744, #957 ),
 .UNSPECIFIED., .F., .F. ) 
 B_SPLINE_CURVE_WITH_KNOTS ( ( 4, 4 ),
 ( 5.600039014328419107, 6.283185307179586232 ),
 .UNSPECIFIED. ) 
 CURVE ( )  GEOMETRIC_REPRESENTATION_ITEM ( )  RATIONAL_B_SPLINE_CURVE ( ( 1.000000000000000000, 0.9614859167721596656, 0.9614859167721596656, 1.000000000000000000 ) ) 
 REPRESENTATION_ITEM ( '' )  );
#575 = DIRECTION ( 'NONE',  ( -3.630704165854387192E-16, -1.000000000000000000, 2.668814559449603746E-22 ) ) ;
#576 = ORIENTED_EDGE ( 'NONE', *, *, #896, .T. ) ;
#577 = CARTESIAN_POINT ( 'NONE',  ( 0.1629520997830700701, 33.14859093123885003, 0.9860326771614512653 ) ) ;
#578 = CARTESIAN_POINT ( 'NONE',  ( -19.97955960848802448, 62.54651955019267007, 5.386370690793827798 ) ) ;
#579 = CARTESIAN_POINT ( 'NONE',  ( -44.42965761229429233, 88.00222267275574950, -54.49999999999996447 ) ) ;
#580 = DIRECTION ( 'NONE',  ( 1.000000000000000000, -3.630701386744606278E-16, 9.020562075079392947E-16 ) ) ;
#581 = APPLICATION_CONTEXT ( 'automotive_design' ) ;
#582 = EDGE_CURVE ( 'NONE', #1025, #1371, #1102, .T. ) ;
#583 = CYLINDRICAL_SURFACE ( 'NONE', #1205, 2.000000000000000000 ) ;
#584 = ORIENTED_EDGE ( 'NONE', *, *, #1041, .F. ) ;
#585 = CIRCLE ( 'NONE', #1391, 2.000000000000000000 ) ;
#586 = PLANE ( 'NONE',  #642 ) ;
#587 = ADVANCED_BREP_SHAPE_REPRESENTATION ( 'NACA4418 Assembly', ( #58, #336 ), #1043 ) ;
#588 = CARTESIAN_POINT ( 'NONE',  ( -48.06171442903052338, 76.32702306740574727, -54.49999999999996447 ) ) ;
#589 = AXIS2_PLACEMENT_3D ( 'NONE', #319, #762, #531 ) ;
#590 = FACE_OUTER_BOUND ( 'NONE', #233, .T. ) ;
#591 = B_SPLINE_CURVE_WITH_KNOTS ( 'NONE', 3,
 ( #646, #179, #195, #1078, #824, #946, #622, #282, #80, #533, #508, #1061, #1370, #1385 ),
 .UNSPECIFIED., .F., .F.,
 ( 4, 2, 2, 2, 2, 2, 4 ),
 ( 3.496446946337351263E-18, 0.0003908010613668855054, 0.0007816021227337675414, 0.001172403184100649469, 0.001563204245467531613, 0.002344806368201294601, 0.003126408490935057589 ),
 .UNSPECIFIED. ) ;
#592 = PLANE ( 'NONE',  #681 ) ;
#593 = VERTEX_POINT ( 'NONE', #1094 ) ;
#594 = EDGE_CURVE ( 'NONE', #738, #437, #656, .T. ) ;
#595 = DIRECTION ( 'NONE',  ( -1.297777794081843188E-17, 1.483366806372000460E-16, 1.000000000000000000 ) ) ;
#596 = CARTESIAN_POINT ( 'NONE',  ( -2.347082251786224205, 95.55504402157842492, -54.49999999999996447 ) ) ;
#597 = B_SPLINE_CURVE_WITH_KNOTS ( 'NONE', 3,
 ( #261, #59, #811, #931, #65, #924 ),
 .UNSPECIFIED., .F., .F.,
 ( 4, 1, 1, 4 ),
 ( 0.2528930649015180832, 0.2889947768999530098, 0.3370999782579929827, 0.3395046457484094393 ),
 .UNSPECIFIED. ) ;
#598 = DIRECTION ( 'NONE',  ( 0.000000000000000000, 0.000000000000000000, 1.000000000000000000 ) ) ;
#599 = CARTESIAN_POINT ( 'NONE',  ( -19.11103615995100213, 63.07362712090487378, 5.000000000000030198 ) ) ;
#600 = ORIENTED_EDGE ( 'NONE', *, *, #1223, .F. ) ;
#601 = EDGE_CURVE ( 'NONE', #189, #949, #431, .T. ) ;
#602 = CARTESIAN_POINT ( 'NONE',  ( -16.45042843015632883, 32.66274161221598860, -2.499999999999976019 ) ) ;
#603 = DIRECTION ( 'NONE',  ( -0.08715574274764477380, 0.9961946980917466554, 0.000000000000000000 ) ) ;
#604 = CARTESIAN_POINT ( 'NONE',  ( -21.21866823737486030, 63.04186615640021074, -4.855230845567949594 ) ) ;
#605 = DIRECTION ( 'NONE',  ( 0.08540114134643518595, -3.008076197720924866E-17, -0.9963466490417510757 ) ) ;
#606 = ORIENTED_EDGE ( 'NONE', *, *, #734, .T. ) ;
#607 = CARTESIAN_POINT ( 'NONE',  ( -21.16298379161979426, 61.91774039195188095, 4.607712085239852762 ) ) ;
#608 = EDGE_CURVE ( 'NONE', #713, #140, #1299, .T. ) ;
#609 = FACE_OUTER_BOUND ( 'NONE', #915, .T. ) ;
#610 = CARTESIAN_POINT ( 'NONE',  ( -19.44082619457056538, 62.49151136050672051, -5.484473035778789196 ) ) ;
#611 = CARTESIAN_POINT ( 'NONE',  ( -21.80208767133189696, 62.24765483795627574, -3.704886809864862851 ) ) ;
#612 = EDGE_CURVE ( 'NONE', #680, #54, #1069, .T. ) ;
#613 = VECTOR ( 'NONE', #1070, 1000.000000000000114 ) ;
#614 = LINE ( 'NONE', #527, #225 ) ;
#615 = VERTEX_POINT ( 'NONE', #19 ) ;
#616 = CARTESIAN_POINT ( 'NONE',  ( -20.86252438748596205, 62.83952946559580255, 5.051396354666961130 ) ) ;
#617 = ADVANCED_FACE ( 'NONE', ( #1109 ), #2, .F. ) ;
#618 = CARTESIAN_POINT ( 'NONE',  ( -51.07737250282493591, 81.39207217714270826, 70.50000000000002842 ) ) ;
#619 = CARTESIAN_POINT ( 'NONE',  ( -19.20017152432453500, 63.06582881148682418, -4.999999978489381824 ) ) ;
#620 = EDGE_CURVE ( 'NONE', #949, #502, #860, .T. ) ;
#621 = CARTESIAN_POINT ( 'NONE',  ( -20.07849714393638862, 63.60347945447160356, -4.501357448407695472 ) ) ;
#622 = CARTESIAN_POINT ( 'NONE',  ( -22.29148164143729005, 76.47095785326365558, -2.236569243194006518 ) ) ;
#623 = ORIENTED_EDGE ( 'NONE', *, *, #671, .T. ) ;
#624 = FACE_OUTER_BOUND ( 'NONE', #475, .T. ) ;
#625 = ORIENTED_EDGE ( 'NONE', *, *, #318, .T. ) ;
#626 = DIRECTION ( 'NONE',  ( 0.07262978562303899766, -0.8301622484097888055, 0.5527707983925664870 ) ) ;
#627 = CARTESIAN_POINT ( 'NONE',  ( -20.30385227279300508, 62.62205133340427921, -5.289325524356478070 ) ) ;
#628 = CARTESIAN_POINT ( 'NONE',  ( 48.45520578751709451, 88.21101833437529649, -54.49999999999996447 ) ) ;
#629 = LINE ( 'NONE', #1045, #638 ) ;
#630 = EDGE_CURVE ( 'NONE', #437, #1341, #1296, .T. ) ;
#631 = ORIENTED_EDGE ( 'NONE', *, *, #906, .F. ) ;
#632 = CARTESIAN_POINT ( 'NONE',  ( -19.06162349838499637, 62.50883781478663792, 5.500000000000025757 ) ) ;
#633 = CARTESIAN_POINT ( 'NONE',  ( -22.08175532688222731, 62.60796283873476398, 2.870345767343603249 ) ) ;
#634 = CARTESIAN_POINT ( 'NONE',  ( -20.00000000000000000, 30.30750847630601541, 6.938893903907228378E-15 ) ) ;
#635 = AXIS2_PLACEMENT_3D ( 'NONE', #1126, #1350, #252 ) ;
#636 = DIRECTION ( 'NONE',  ( 0.000000000000000000, 0.000000000000000000, 1.000000000000000000 ) ) ;
#637 = CARTESIAN_POINT ( 'NONE',  ( -17.50000000000000000, 32.57091599829557538, 2.500000000000008438 ) ) ;
#638 = VECTOR ( 'NONE', #1160, 1000.000000000000114 ) ;
#639 = VERTEX_POINT ( 'NONE', #759 ) ;
#640 = CARTESIAN_POINT ( 'NONE',  ( -21.84036006325308676, 63.52490812459480196, 4.440338652665394292 ) ) ;
#641 = CARTESIAN_POINT ( 'NONE',  ( -1.781167874035399779, 60.04545138931137416, 2.500000000000030642 ) ) ;
#642 = AXIS2_PLACEMENT_3D ( 'NONE', #485, #69, #709 ) ;
#643 = DIRECTION ( 'NONE',  ( 0.000000000000000000, 0.000000000000000000, -1.000000000000000000 ) ) ;
#644 = EDGE_CURVE ( 'NONE', #639, #615, #891, .T. ) ;
#645 = CARTESIAN_POINT ( 'NONE',  ( -20.06958630411794076, 63.57423910980000414, -4.522742560427041703 ) ) ;
#646 = CARTESIAN_POINT ( 'NONE',  ( -21.29919022269305273, 76.61062925887850383, -2.499999999999972911 ) ) ;
#647 = VERTEX_POINT ( 'NONE', #328 ) ;
#648 = EDGE_LOOP ( 'NONE', ( #406, #623, #243, #1054, #1322, #1106 ) ) ;
#649 = DIRECTION ( 'NONE',  ( -0.9961946980917467664, -0.08715574274764478768, 0.000000000000000000 ) ) ;
#650 = LINE ( 'NONE', #1084, #1248 ) ;
#651 = CARTESIAN_POINT ( 'NONE',  ( -17.50000000000000000, 49.25000000000000000, -2.499999999999991562 ) ) ;
#652 = ORIENTED_EDGE ( 'NONE', *, *, #199, .T. ) ;
#653 = CARTESIAN_POINT ( 'NONE',  ( -20.01694486987912214, 63.49641195151726691, 4.586660714561245911 ) ) ;
#654 = FACE_OUTER_BOUND ( 'NONE', #1324, .T. ) ;
#655 = DIRECTION ( 'NONE',  ( -0.08715574274764474605, 0.9961946980917466554, 0.000000000000000000 ) ) ;
#656 = LINE ( 'NONE', #651, #92 ) ;
#657 = ORIENTED_EDGE ( 'NONE', *, *, #1051, .F. ) ;
#658 = CIRCLE ( 'NONE', #224, 1.999999999999999778 ) ;
#659 = CYLINDRICAL_SURFACE ( 'NONE', #180, 10.00000000000000000 ) ;
#660 = VECTOR ( 'NONE', #1085, 999.9999999999998863 ) ;
#661 = B_SPLINE_CURVE_WITH_KNOTS ( 'NONE', 3,
 ( #1076, #103, #968, #226, #1122, #571, #888, #667, #1100, #882, #13, #674, #1002, #127, #1008, #1331, #788, #1310, #1226, #326, #1107, #1204, #1317, #843, #503, #82, #948, #731, #68, #356, #1387, #496, #723, #392, #43, #941, #1015 ),
 .UNSPECIFIED., .F., .F.,
 ( 4, 1, 1, 1, 1, 1, 1, 1, 1, 1, 1, 1, 1, 1, 1, 1, 1, 1, 1, 1, 1, 1, 1, 1, 1, 1, 1, 1, 1, 1, 1, 1, 1, 1, 4 ),
 ( 0.000000000000000000, 0.02536508872464449810, 0.05053612755872174955, 0.1003618701347641917, 0.1496783382512865135, 0.1985585996384787444, 0.2470636409939346301, 0.2952667862627077477, 0.3432976001428697521, 0.3673747411682081188, 0.3916107887708328850, 0.4161594968373788506, 0.4413019252272763482, 0.4543254831295238660, 0.4678815906748556852, 0.4825385968735472764, 0.4909952784889383692, 0.5100263542411189732, 0.5218055463173286723, 0.5291478474586019942, 0.5422089031537518089, 0.5545686619652151483, 0.5667213781472770773, 0.5908249965976484219, 0.6148423246242851192, 0.6388596526509219276, 0.6629000217420070173, 0.7110052231000469902, 0.7591460896194277552, 0.8073219245187539528, 0.8555015182051326494, 0.9036773531044588470, 0.9518386289141608225, 0.9759228589746615778, 1.000000000000000000 ),
 .UNSPECIFIED. ) ;
#662 = CARTESIAN_POINT ( 'NONE',  ( -0.9820010427219472149, 79.64059603494933981, -54.49999999999996447 ) ) ;
#663 = CARTESIAN_POINT ( 'NONE',  ( -21.77380081160692171, 62.22309478992836063, -3.765273383443065836 ) ) ;
#664 = VERTEX_POINT ( 'NONE', #990 ) ;
#665 = LINE ( 'NONE', #992, #835 ) ;
#666 = ORIENTED_EDGE ( 'NONE', *, *, #1138, .T. ) ;
#667 = CARTESIAN_POINT ( 'NONE',  ( -2.347082251786224205, 95.55504402157842492, 70.50000000000002842 ) ) ;
#668 = CARTESIAN_POINT ( 'NONE',  ( -41.24805719306088747, 89.67399909597412488, 70.50000000000002842 ) ) ;
#669 = CARTESIAN_POINT ( 'NONE',  ( -23.26978332821405360, 76.33597176156668240, 0.7620750074389840423 ) ) ;
#670 = ORIENTED_EDGE ( 'NONE', *, *, #594, .T. ) ;
#671 = EDGE_CURVE ( 'NONE', #713, #1005, #366, .T. ) ;
#672 = DIRECTION ( 'NONE',  ( -2.891205793294678326E-16, 2.312964634635742661E-15, 1.000000000000000000 ) ) ;
#673 = VERTEX_POINT ( 'NONE', #369 ) ;
#674 = CARTESIAN_POINT ( 'NONE',  ( -32.28224273912985609, 92.77968441977746750, 70.50000000000002842 ) ) ;
#675 = PRODUCT_DEFINITION_SHAPE ( 'NONE', 'NONE',  #1258 ) ;
#676 = CARTESIAN_POINT ( 'NONE',  ( -35.72830282201532270, 75.07403231296065371, -54.49999999999996447 ) ) ;
#677 = CARTESIAN_POINT ( 'NONE',  ( -21.68057942976494346, 62.15537709942581301, -3.938165074343523919 ) ) ;
#678 = VERTEX_POINT ( 'NONE', #1028 ) ;
#679 = CARTESIAN_POINT ( 'NONE',  ( -0.8366882598256127901, 49.24999999999999289, 2.500000000000030198 ) ) ;
#680 = VERTEX_POINT ( 'NONE', #1151 ) ;
#681 = AXIS2_PLACEMENT_3D ( 'NONE', #385, #354, #819 ) ;
#682 = VECTOR ( 'NONE', #1276, 1000.000000000000114 ) ;
#683 = EDGE_CURVE ( 'NONE', #415, #856, #177, .T. ) ;
#684 = VECTOR ( 'NONE', #99, 1000.000000000000000 ) ;
#685 = CARTESIAN_POINT ( 'NONE',  ( 7.746179418681991002, 95.01241311204023532, 70.50000000000002842 ) ) ;
#686 = CARTESIAN_POINT ( 'NONE',  ( -20.73732004275157337, 94.93880997825067425, -54.49999999999996447 ) ) ;
#687 = APPLICATION_CONTEXT ( 'automotive_design' ) ;
#688 = VERTEX_POINT ( 'NONE', #145 ) ;
#689 = EDGE_CURVE ( 'NONE', #688, #753, #1095, .T. ) ;
#690 = DIRECTION ( 'NONE',  ( -0.04817714950311296346, 0.5506673386186170527, -0.8333333333333331483 ) ) ;
#691 = VERTEX_POINT ( 'NONE', #39 ) ;
#692 = EDGE_CURVE ( 'NONE', #647, #552, #478, .T. ) ;
#693 = CARTESIAN_POINT ( 'NONE',  ( -25.75835591700674598, 75.97839380082747596, -54.49999999999996447 ) ) ;
#694 = CARTESIAN_POINT ( 'NONE',  ( 43.34512627458163081, 89.49065497723172768, -54.49999999999996447 ) ) ;
#695 = CARTESIAN_POINT ( 'NONE',  ( -19.06510071258567862, 62.54858255496839803, -5.499999999999975131 ) ) ;
#696 = VERTEX_POINT ( 'NONE', #904 ) ;
#697 = CARTESIAN_POINT ( 'NONE',  ( -18.99573994963030898, 61.75578540662895932, 5.500000000000031086 ) ) ;
#698 = CARTESIAN_POINT ( 'NONE',  ( 7.746179418681991002, 95.01241311204023532, -54.49999999999996447 ) ) ;
#699 = PRODUCT ( 'NACA4418 Assembly', 'NACA4418 Assembly', '', ( #986 ) ) ;
#700 = LINE ( 'NONE', #695, #381 ) ;
#701 = ORIENTED_EDGE ( 'NONE', *, *, #1352, .F. ) ;
#702 = VECTOR ( 'NONE', #728, 1000.000000000000000 ) ;
#703 = AXIS2_PLACEMENT_3D ( 'NONE', #268, #830, #598 ) ;
#704 = CARTESIAN_POINT ( 'NONE',  ( 36.94322540222508167, 85.94534856513551802, -54.49999999999996447 ) ) ;
#705 = CARTESIAN_POINT ( 'NONE',  ( -50.03001828159207065, 77.38285662772361206, -54.49999999999996447 ) ) ;
#706 = PLANE ( 'NONE',  #777 ) ;
#707 = CARTESIAN_POINT ( 'NONE',  ( -19.43901252443157190, 32.40127438397305326, 5.500000000000031086 ) ) ;
#708 = EDGE_LOOP ( 'NONE', ( #81, #237, #137, #960, #98 ) ) ;
#709 = DIRECTION ( 'NONE',  ( 0.000000000000000000, 0.000000000000000000, 1.000000000000000000 ) ) ;
#710 = CARTESIAN_POINT ( 'NONE',  ( -19.20279263507188361, 61.73767064390023052, -5.499999999999978684 ) ) ;
#711 = DIRECTION ( 'NONE',  ( -1.000000000000000000, 0.000000000000000000, -1.387778780781416864E-17 ) ) ;
#712 = CYLINDRICAL_SURFACE ( 'NONE', #635, 10.00000000000000000 ) ;
#713 = VERTEX_POINT ( 'NONE', #1354 ) ;
#714 = CARTESIAN_POINT ( 'NONE',  ( -20.73183978705271713, 62.77775804825220973, 5.115272265515965699 ) ) ;
#715 = ADVANCED_FACE ( 'NONE', ( #266 ), #56, .T. ) ;
#716 = ADVANCED_FACE ( 'NONE', ( #274 ), #1235, .F. ) ;
#717 = CARTESIAN_POINT ( 'NONE',  ( -20.76376613873727450, 81.96441722077655356, 2.500000000000030642 ) ) ;
#718 = CARTESIAN_POINT ( 'NONE',  ( -21.98432404390554140, 61.49431817838602399, 3.500000000000030198 ) ) ;
#719 = EDGE_CURVE ( 'NONE', #191, #371, #922, .T. ) ;
#720 = CARTESIAN_POINT ( 'NONE',  ( -22.67610130582971806, 69.40136846404153914, -0.4999999999999709677 ) ) ;
#721 = CARTESIAN_POINT ( 'NONE',  ( -17.50000000000000000, 6.353727624463703600E-15, 8.135853102331225273E-15 ) ) ;
#722 = ORIENTED_EDGE ( 'NONE', *, *, #874, .F. ) ;
#723 = CARTESIAN_POINT ( 'NONE',  ( 28.69011459317516355, 84.62888364834111599, 70.50000000000002842 ) ) ;
#724 = DIRECTION ( 'NONE',  ( 0.08715574274764477380, -0.9961946980917466554, 1.489033026589533629E-16 ) ) ;
#725 = CARTESIAN_POINT ( 'NONE',  ( -21.16298379161937859, 61.91774039195187385, -4.607712085240167177 ) ) ;
#726 = VECTOR ( 'NONE', #164, 1000.000000000000000 ) ;
#727 = CARTESIAN_POINT ( 'NONE',  ( -2.060430082070609181, 63.23743303333892385, 3.500000000000030198 ) ) ;
#728 = DIRECTION ( 'NONE',  ( -2.779109781899464598E-22, -1.000000000000000000, 2.668814559499989665E-22 ) ) ;
#729 = ORIENTED_EDGE ( 'NONE', *, *, #1214, .T. ) ;
#730 = CIRCLE ( 'NONE', #1210, 2.000000000000000000 ) ;
#731 = CARTESIAN_POINT ( 'NONE',  ( -19.14941537118461312, 76.91550344215045243, 70.50000000000002842 ) ) ;
#732 = ORIENTED_EDGE ( 'NONE', *, *, #563, .F. ) ;
#733 = CARTESIAN_POINT ( 'NONE',  ( 0.4848814374033699748, 34.14438923892595312, -0.9584387339368550807 ) ) ;
#734 = EDGE_CURVE ( 'NONE', #1007, #688, #749, .T. ) ;
#735 = CARTESIAN_POINT ( 'NONE',  ( -19.28793953041611076, 63.06947483331268245, -4.990012714125097837 ) ) ;
#736 = CARTESIAN_POINT ( 'NONE',  ( -22.03144026447429482, 62.50806534209694831, -3.091054399877184444 ) ) ;
#737 = CARTESIAN_POINT ( 'NONE',  ( -20.68371190964622031, 69.57567994953680568, 2.500000000000030642 ) ) ;
#738 = VERTEX_POINT ( 'NONE', #305 ) ;
#739 = CARTESIAN_POINT ( 'NONE',  ( -19.20017152432449592, 63.06582881148588626, 4.999999978490274444 ) ) ;
#740 = CARTESIAN_POINT ( 'NONE',  ( -19.71267243968684468, 58.47664801985376926, 0.5000000000000307532 ) ) ;
#741 = CARTESIAN_POINT ( 'NONE',  ( 0.1629520997830659623, 33.14859093123885003, -0.9860326771614527086 ) ) ;
#742 = DIRECTION ( 'NONE',  ( -0.9961946980917467664, -0.08715574274764478768, -0.000000000000000000 ) ) ;
#743 = LINE ( 'NONE', #413, #1164 ) ;
#744 = CARTESIAN_POINT ( 'NONE',  ( -20.00000000000000355, 30.30750847630601186, -0.5806459983154390603 ) ) ;
#745 = ORIENTED_EDGE ( 'NONE', *, *, #459, .T. ) ;
#746 = ADVANCED_FACE ( 'NONE', ( #847 ), #506, .T. ) ;
#747 =( LENGTH_UNIT ( ) NAMED_UNIT ( * ) SI_UNIT ( .MILLI., .METRE. ) );
#748 = CARTESIAN_POINT ( 'NONE',  ( -18.74939748894823666, 32.46160788177486722, -2.607091213338408320 ) ) ;
#749 = LINE ( 'NONE', #952, #1020 ) ;
#750 = DIRECTION ( 'NONE',  ( 0.9961946980917466554, 0.08715574274764477380, 0.000000000000000000 ) ) ;
#751 = ADVANCED_FACE ( 'NONE', ( #1033 ), #1181, .F. ) ;
#752 = LINE ( 'NONE', #390, #702 ) ;
#753 = VERTEX_POINT ( 'NONE', #929 ) ;
#754 = CARTESIAN_POINT ( 'NONE',  ( -20.16712406033819605, 63.82945581754573539, 4.330848446400690221 ) ) ;
#755 = CARTESIAN_POINT ( 'NONE',  ( -21.13393087280864791, 76.63401397896741685, -2.499999999999972911 ) ) ;
#756 = B_SPLINE_CURVE_WITH_KNOTS ( 'NONE', 3,
 ( #763, #1200, #537, #1289, #306, #1060, #645, #1093, #206, #300 ),
 .UNSPECIFIED., .F., .F.,
 ( 4, 2, 2, 2, 4 ),
 ( 0.000000000000000000, 0.0004712296254052861905, 0.0009424592508105723810, 0.001413688876215858517, 0.001884918501621144762 ),
 .UNSPECIFIED. ) ;
#757 = CIRCLE ( 'NONE', #1392, 2.000000000000000444 ) ;
#758 = DIRECTION ( 'NONE',  ( -0.000000000000000000, 0.000000000000000000, 1.000000000000000000 ) ) ;
#759 = CARTESIAN_POINT ( 'NONE',  ( -19.43901252443157190, 32.40127438397305326, 2.500000000000030198 ) ) ;
#760 = VERTEX_POINT ( 'NONE', #1042 ) ;
#761 = DIRECTION ( 'NONE',  ( -0.000000000000000000, -0.000000000000000000, -1.000000000000000000 ) ) ;
#762 = DIRECTION ( 'NONE',  ( 0.9659258262890698665, -0.2588190451025150218, 0.000000000000000000 ) ) ;
#763 = CARTESIAN_POINT ( 'NONE',  ( -19.11103615995100213, 63.07362712090487378, -4.999999999999975131 ) ) ;
#764 = CARTESIAN_POINT ( 'NONE',  ( -21.82091188617963340, 76.53691045071538213, 2.447017519985215106 ) ) ;
#765 = ORIENTED_EDGE ( 'NONE', *, *, #523, .T. ) ;
#766 = PLANE ( 'NONE',  #1140 ) ;
#767 = ORIENTED_EDGE ( 'NONE', *, *, #267, .T. ) ;
#768 = B_SPLINE_SURFACE_WITH_KNOTS ( 'NONE', 3, 1, ( 
 ( #868, #327 ),
 ( #514, #138 ),
 ( #350, #34 ),
 ( #1319, #1332 ),
 ( #789, #783 ),
 ( #1227, #150 ),
 ( #685, #1123 ),
 ( #557, #1101 ),
 ( #247, #128 ),
 ( #1113, #889 ),
 ( #133, #912 ),
 ( #897, #1234 ),
 ( #338, #566 ),
 ( #668, #18 ),
 ( #1326, #579 ),
 ( #995, #1108 ),
 ( #989, #442 ),
 ( #240, #1220 ),
 ( #1003, #883 ),
 ( #1016, #456 ),
 ( #344, #144 ),
 ( #26, #573 ),
 ( #1348, #44 ),
 ( #449, #255 ),
 ( #228, #676 ),
 ( #472, #1010 ),
 ( #38, #693 ),
 ( #463, #903 ),
 ( #368, #1130 ),
 ( #1338, #662 ),
 ( #358, #799 ),
 ( #1206, #550 ),
 ( #779, #1215 ),
 ( #235, #704 ),
 ( #1136, #491 ),
 ( #1144, #1049 ),
 ( #935, #154 ) ),
 .UNSPECIFIED., .F., .F., .F.,
 ( 4, 1, 1, 1, 1, 1, 1, 1, 1, 1, 1, 1, 1, 1, 1, 1, 1, 1, 1, 1, 1, 1, 1, 1, 1, 1, 1, 1, 1, 1, 1, 1, 1, 1, 4 ),
 ( 2, 2 ),
 ( 0.000000000000000000, 0.02536508872464449810, 0.05053612755872174955, 0.1003618701347641917, 0.1496783382512865135, 0.1985585996384787444, 0.2470636409939346301, 0.2952667862627077477, 0.3432976001428697521, 0.3673747411682081188, 0.3916107887708328850, 0.4161594968373788506, 0.4413019252272763482, 0.4543254831295238660, 0.4678815906748556852, 0.4825385968735472764, 0.4909952784889383692, 0.5100263542411189732, 0.5218055463173286723, 0.5291478474586019942, 0.5422089031537518089, 0.5545686619652151483, 0.5667213781472770773, 0.5908249965976484219, 0.6148423246242851192, 0.6388596526509219276, 0.6629000217420070173, 0.7110052231000469902, 0.7591460896194277552, 0.8073219245187539528, 0.8555015182051326494, 0.9036773531044588470, 0.9518386289141608225, 0.9759228589746615778, 1.000000000000000000 ),
 ( 0.000000000000000000, 1.000000000000000000 ),
 .UNSPECIFIED. ) ;
#769 = EDGE_CURVE ( 'NONE', #1285, #664, #234, .T. ) ;
#770 = DIRECTION ( 'NONE',  ( 0.08715574274764477380, -0.9961946980917466554, -0.000000000000000000 ) ) ;
#771 = LINE ( 'NONE', #450, #6 ) ;
#772 = ORIENTED_EDGE ( 'NONE', *, *, #373, .T. ) ;
#773 = VECTOR ( 'NONE', #414, 1000.000000000000000 ) ;
#774 = CARTESIAN_POINT ( 'NONE',  ( -21.70506183587033178, 58.30233653435846719, -2.499999999999976019 ) ) ;
#775 = AXIS2_PLACEMENT_3D ( 'NONE', #1406, #1187, #530 ) ;
#776 = ORIENTED_EDGE ( 'NONE', *, *, #719, .F. ) ;
#777 = AXIS2_PLACEMENT_3D ( 'NONE', #1355, #1244, #1268 ) ;
#778 = EDGE_CURVE ( 'NONE', #1025, #856, #944, .T. ) ;
#779 = CARTESIAN_POINT ( 'NONE',  ( 28.69011459317516355, 84.62888364834111599, 70.50000000000002842 ) ) ;
#780 = CARTESIAN_POINT ( 'NONE',  ( -19.43900380885730073, 32.40117476450324574, -1.578051751253285673 ) ) ;
#781 = ORIENTED_EDGE ( 'NONE', *, *, #896, .F. ) ;
#782 = DIRECTION ( 'NONE',  ( 0.9961946980917466554, 0.08715574274764477380, 0.000000000000000000 ) ) ;
#783 = CARTESIAN_POINT ( 'NONE',  ( 28.05110258946051616, 92.53421584444119219, -54.49999999999996447 ) ) ;
#784 = CARTESIAN_POINT ( 'NONE',  ( -19.40747071110197197, 61.72784980042624881, -5.478630831963403836 ) ) ;
#785 = EDGE_LOOP ( 'NONE', ( #1345, #559, #1253, #1316, #1334, #1163, #919, #1225, #1217, #88, #1209, #1048 ) ) ;
#786 = DIRECTION ( 'NONE',  ( -0.000000000000000000, 0.000000000000000000, -1.000000000000000000 ) ) ;
#787 = ORIENTED_EDGE ( 'NONE', *, *, #308, .F. ) ;
#788 = CARTESIAN_POINT ( 'NONE',  ( -48.83577135358702748, 84.84268932235394800, 70.50000000000002842 ) ) ;
#789 = CARTESIAN_POINT ( 'NONE',  ( 28.05110258946051616, 92.53421584444119219, 70.50000000000002842 ) ) ;
#790 = CARTESIAN_POINT ( 'NONE',  ( -10.88430409121732367, 78.08565741893525569, -54.49999999999996447 ) ) ;
#791 = ORIENTED_EDGE ( 'NONE', *, *, #468, .T. ) ;
#792 = PLANE ( 'NONE',  #1038 ) ;
#793 = EDGE_LOOP ( 'NONE', ( #289, #947 ) ) ;
#794 =( GEOMETRIC_REPRESENTATION_CONTEXT ( 3 ) GLOBAL_UNCERTAINTY_ASSIGNED_CONTEXT ( ( #482 ) ) GLOBAL_UNIT_ASSIGNED_CONTEXT ( ( #747, #91, #183 ) ) REPRESENTATION_CONTEXT ( 'NONE', 'WORKASPACE' ) );
#795 = CARTESIAN_POINT ( 'NONE',  ( -19.42684675102683656, 63.08249657807879629, 4.967605322239628585 ) ) ;
#796 = AXIS2_PLACEMENT_3D ( 'NONE', #1304, #770, #218 ) ;
#797 = TOROIDAL_SURFACE ( 'NONE', #337, 12.00000000000000000, 2.000000000000000000 ) ;
#798 = AXIS2_PLACEMENT_3D ( 'NONE', #387, #1027, #916 ) ;
#799 = CARTESIAN_POINT ( 'NONE',  ( 8.906157204203534405, 81.31062722032942247, -54.49999999999996447 ) ) ;
#800 = DIRECTION ( 'NONE',  ( 1.000000000000000000, 0.000000000000000000, 1.387778780781415785E-17 ) ) ;
#801 = FACE_OUTER_BOUND ( 'NONE', #148, .T. ) ;
#802 = ORIENTED_EDGE ( 'NONE', *, *, #1365, .T. ) ;
#803 = CARTESIAN_POINT ( 'NONE',  ( -20.45206173536643846, 62.66922500890370173, 5.234134625590645129 ) ) ;
#804 = CARTESIAN_POINT ( 'NONE',  ( -16.45042843015632883, 32.66274161221598860, 5.500000000000031086 ) ) ;
#805 = CARTESIAN_POINT ( 'NONE',  ( 17.87961456057471210, 93.99182532215499464, -54.49999999999996447 ) ) ;
#806 = CARTESIAN_POINT ( 'NONE',  ( -19.43900380885729717, 32.40117476450324574, -0.5260172518463135383 ) ) ;
#807 = VERTEX_POINT ( 'NONE', #822 ) ;
#808 = PLANE ( 'NONE',  #798 ) ;
#809 = CARTESIAN_POINT ( 'NONE',  ( -25.75835591700674598, 75.97839380082747596, -54.49999999999996447 ) ) ;
#810 = DIRECTION ( 'NONE',  ( -0.9961946980917467664, -0.08715574274764478768, -0.000000000000000000 ) ) ;
#811 = CARTESIAN_POINT ( 'NONE',  ( -11.71153743805252567, 77.96853977130305680, 2.500000000000031530 ) ) ;
#812 = ORIENTED_EDGE ( 'NONE', *, *, #353, .F. ) ;
#813 = AXIS2_PLACEMENT_3D ( 'NONE', #1221, #1216, #433 ) ;
#814 = DIRECTION ( 'NONE',  ( -1.000000000000000000, 0.000000000000000000, 0.000000000000000000 ) ) ;
#815 = CARTESIAN_POINT ( 'NONE',  ( -18.99573994963030898, 61.75578540662895932, -5.499999999999975131 ) ) ;
#816 = VECTOR ( 'NONE', #1189, 1000.000000000000114 ) ;
#817 = EDGE_CURVE ( 'NONE', #20, #1293, #412, .T. ) ;
#818 = FACE_OUTER_BOUND ( 'NONE', #1306, .T. ) ;
#819 = DIRECTION ( 'NONE',  ( -0.9961946980917466554, -0.08715574274764477380, 0.000000000000000000 ) ) ;
#820 = ORIENTED_EDGE ( 'NONE', *, *, #465, .T. ) ;
#821 = CARTESIAN_POINT ( 'NONE',  ( -19.43901252443157190, 32.40127438397305326, 5.500000000000031086 ) ) ;
#822 = CARTESIAN_POINT ( 'NONE',  ( -3.462203231287271255, 79.25977344549436054, -2.499999999999972911 ) ) ;
#823 = CARTESIAN_POINT ( 'NONE',  ( -21.53943180791752354, 63.27244431668911062, -4.650259760364318318 ) ) ;
#824 = CARTESIAN_POINT ( 'NONE',  ( -21.93763578613715737, 76.52053900028171540, -2.398047921132924643 ) ) ;
#825 = ORIENTED_EDGE ( 'NONE', *, *, #861, .T. ) ;
#826 = CARTESIAN_POINT ( 'NONE',  ( -19.28793953041608233, 63.06947483331297377, 4.990012714124880233 ) ) ;
#827 = ADVANCED_FACE ( 'NONE', ( #1259 ), #186, .T. ) ;
#828 = CARTESIAN_POINT ( 'NONE',  ( -2.752207343994776512, 71.14448331899441769, -2.499999999999971134 ) ) ;
#829 = CARTESIAN_POINT ( 'NONE',  ( -20.84423143064404016, 61.83425193187164126, -4.882675289575422184 ) ) ;
#830 = DIRECTION ( 'NONE',  ( -0.9961946980917466554, -0.08715574274764477380, -0.000000000000000000 ) ) ;
#831 = DIRECTION ( 'NONE',  ( -3.630704165854387192E-16, -1.000000000000000000, 2.668814559449603746E-22 ) ) ;
#832 = CARTESIAN_POINT ( 'NONE',  ( -19.98119439905116934, 63.44522419371344313, 4.628800237750867019 ) ) ;
#833 = CARTESIAN_POINT ( 'NONE',  ( -11.71153743805252390, 77.96853977130304258, -2.499999999999972911 ) ) ;
#834 = ADVANCED_FACE ( 'NONE', ( #1274 ), #273, .T. ) ;
#835 = VECTOR ( 'NONE', #238, 999.9999999999998863 ) ;
#836 = DIRECTION ( 'NONE',  ( 0.000000000000000000, 0.000000000000000000, 1.000000000000000000 ) ) ;
#837 = CARTESIAN_POINT ( 'NONE',  ( -19.84871290258589838, 63.30205897824445316, -4.752142250340077645 ) ) ;
#838 = VECTOR ( 'NONE', #603, 1000.000000000000114 ) ;
#839 = CARTESIAN_POINT ( 'NONE',  ( -51.14770443053555482, 79.30616706697338714, 2.500000000000030642 ) ) ;
#840 = VECTOR ( 'NONE', #84, 999.9999999999998863 ) ;
#841 = LINE ( 'NONE', #405, #682 ) ;
#842 = ORIENTED_EDGE ( 'NONE', *, *, #994, .F. ) ;
#843 = CARTESIAN_POINT ( 'NONE',  ( -39.91756319707531731, 75.06728345044915329, 70.50000000000002842 ) ) ;
#844 = SURFACE_SIDE_STYLE ('',( #1388 ) ) ;
#845 = ADVANCED_FACE ( 'NONE', ( #507 ), #159, .T. ) ;
#846 = CARTESIAN_POINT ( 'NONE',  ( -21.68057942976494701, 62.15537709942579170, 3.938165074343577654 ) ) ;
#847 = FACE_OUTER_BOUND ( 'NONE', #1073, .T. ) ;
#848 = DIRECTION ( 'NONE',  ( -0.08715574274764478768, 0.9961946980917467664, -0.000000000000000000 ) ) ;
#849 = LINE ( 'NONE', #1072, #334 ) ;
#850 = EDGE_LOOP ( 'NONE', ( #1198, #434, #391, #17 ) ) ;
#851 = CARTESIAN_POINT ( 'NONE',  ( -49.37967824142858575, 59.09753525282579290, 5.500000000000031086 ) ) ;
#852 = LINE ( 'NONE', #748, #816 ) ;
#853 = CARTESIAN_POINT ( 'NONE',  ( -20.86252438748640969, 62.83952946559580965, -5.051396354666692012 ) ) ;
#854 = CARTESIAN_POINT ( 'NONE',  ( -3.828456271177574255, 83.44606484748651098, 8.000000000000037303 ) ) ;
#855 = LINE ( 'NONE', #288, #1067 ) ;
#856 = VERTEX_POINT ( 'NONE', #281 ) ;
#857 = CARTESIAN_POINT ( 'NONE',  ( -22.09797551179236308, 62.79336040061814117, 2.500000000000020428 ) ) ;
#858 = ORIENTED_EDGE ( 'NONE', *, *, #939, .F. ) ;
#859 = CARTESIAN_POINT ( 'NONE',  ( -3.462203231287271255, 79.25977344549436054, 70.50000000000002842 ) ) ;
#860 = LINE ( 'NONE', #314, #660 ) ;
#861 = EDGE_CURVE ( 'NONE', #20, #371, #1152, .T. ) ;
#862 = VECTOR ( 'NONE', #1176, 999.9999999999998863 ) ;
#863 = EDGE_LOOP ( 'NONE', ( #1194, #1351, #1141, #223, #196, #652 ) ) ;
#864 = CARTESIAN_POINT ( 'NONE',  ( -22.19432981079858891, 63.89469507785538127, 4.166666666666688279 ) ) ;
#865 = SURFACE_STYLE_USAGE ( .BOTH. , #844 ) ;
#866 = VECTOR ( 'NONE', #374, 1000.000000000000000 ) ;
#867 = ADVANCED_FACE ( 'NONE', ( #1369 ), #706, .T. ) ;
#868 = CARTESIAN_POINT ( 'NONE',  ( 48.45520578751709451, 88.21101833437529649, 70.50000000000002842 ) ) ;
#869 = CARTESIAN_POINT ( 'NONE',  ( -23.08166126269362906, 76.36163740172580106, 1.386889568432048137 ) ) ;
#870 = ORIENTED_EDGE ( 'NONE', *, *, #620, .F. ) ;
#871 = CARTESIAN_POINT ( 'NONE',  ( -21.63500534730489022, 62.12732949139591909, 4.011978576822334830 ) ) ;
#872 = CARTESIAN_POINT ( 'NONE',  ( -20.91308501069254078, 49.24999999999999289, -2.499999999999976019 ) ) ;
#873 = ORIENTED_EDGE ( 'NONE', *, *, #61, .F. ) ;
#874 = EDGE_CURVE ( 'NONE', #461, #593, #1377, .T. ) ;
#875 = FACE_OUTER_BOUND ( 'NONE', #785, .T. ) ;
#876 = CARTESIAN_POINT ( 'NONE',  ( -21.46444464771668237, 62.03482526329075597, -4.262856550423183677 ) ) ;
#877 = ORIENTED_EDGE ( 'NONE', *, *, #492, .F. ) ;
#878 = CARTESIAN_POINT ( 'NONE',  ( -21.53943180791678813, 63.27244431668852087, 4.650259760364738426 ) ) ;
#879 = CARTESIAN_POINT ( 'NONE',  ( -22.67610130582971451, 69.40136846404153914, -12.49999999999997158 ) ) ;
#880 = VERTEX_POINT ( 'NONE', #295 ) ;
#881 = EDGE_CURVE ( 'NONE', #1293, #140, #1175, .T. ) ;
#882 = CARTESIAN_POINT ( 'NONE',  ( -20.73732004275157337, 94.93880997825067425, 70.50000000000002842 ) ) ;
#883 = CARTESIAN_POINT ( 'NONE',  ( -51.82089031647806365, 79.66097621941473506, -54.49999999999996447 ) ) ;
#884 = CARTESIAN_POINT ( 'NONE',  ( 48.45520578751709451, 88.21101833437529649, 70.50000000000002842 ) ) ;
#885 = ORIENTED_EDGE ( 'NONE', *, *, #343, .T. ) ;
#886 = DIRECTION ( 'NONE',  ( 0.08715574274764478768, -0.9961946980917467664, 1.489033026589533876E-16 ) ) ;
#887 = ORIENTED_EDGE ( 'NONE', *, *, #1337, .T. ) ;
#888 = CARTESIAN_POINT ( 'NONE',  ( 7.746179418681991002, 95.01241311204023532, 70.50000000000002842 ) ) ;
#889 = CARTESIAN_POINT ( 'NONE',  ( -20.73732004275157337, 94.93880997825067425, -54.49999999999996447 ) ) ;
#890 = ADVANCED_FACE ( 'NONE', ( #590 ), #376, .T. ) ;
#891 = LINE ( 'NONE', #551, #543 ) ;
#892 = ORIENTED_EDGE ( 'NONE', *, *, #462, .F. ) ;
#893 = EDGE_CURVE ( 'NONE', #422, #1125, #384, .T. ) ;
#894 = FACE_OUTER_BOUND ( 'NONE', #489, .T. ) ;
#895 = ORIENTED_EDGE ( 'NONE', *, *, #1400, .F. ) ;
#896 = EDGE_CURVE ( 'NONE', #502, #1336, #249, .T. ) ;
#897 = CARTESIAN_POINT ( 'NONE',  ( -32.28224273912985609, 92.77968441977746750, 70.50000000000002842 ) ) ;
#898 = CARTESIAN_POINT ( 'NONE',  ( -19.14941537118461312, 76.91550344215045243, -54.49999999999996447 ) ) ;
#899 = ORIENTED_EDGE ( 'NONE', *, *, #644, .T. ) ;
#900 = EDGE_CURVE ( 'NONE', #66, #997, #564, .T. ) ;
#901 = CARTESIAN_POINT ( 'NONE',  ( -21.74340124570696631, 81.68798448539146762, -0.4999999999999726885 ) ) ;
#902 = EDGE_LOOP ( 'NONE', ( #245, #1212, #1229, #561, #277, #1115 ) ) ;
#903 = CARTESIAN_POINT ( 'NONE',  ( -19.14941537118461312, 76.91550344215045243, -54.49999999999996447 ) ) ;
#904 = CARTESIAN_POINT ( 'NONE',  ( -21.29919022269305273, 76.61062925887850383, -2.499999999999972911 ) ) ;
#905 = ORIENTED_EDGE ( 'NONE', *, *, #689, .T. ) ;
#906 = EDGE_CURVE ( 'NONE', #985, #1397, #1361, .T. ) ;
#907 = CARTESIAN_POINT ( 'NONE',  ( -19.43900380885729717, 32.40117476450324574, 0.5260172475606930131 ) ) ;
#908 = ORIENTED_EDGE ( 'NONE', *, *, #290, .F. ) ;
#909 = VECTOR ( 'NONE', #742, 999.9999999999998863 ) ;
#910 = CARTESIAN_POINT ( 'NONE',  ( -20.25221399928129173, 61.74696158635201471, 5.235946293723031886 ) ) ;
#911 = VECTOR ( 'NONE', #55, 999.9999999999998863 ) ;
#912 = CARTESIAN_POINT ( 'NONE',  ( -27.34406478861223633, 93.88770279423543741, -54.49999999999996447 ) ) ;
#913 = CARTESIAN_POINT ( 'NONE',  ( -35.72830282201532270, 75.07403231296065371, -54.49999999999996447 ) ) ;
#914 = CARTESIAN_POINT ( 'NONE',  ( -17.50000000000000000, 32.57091599829557538, -2.499999999999990230 ) ) ;
#915 = EDGE_LOOP ( 'NONE', ( #600, #469, #772, #1237 ) ) ;
#916 = DIRECTION ( 'NONE',  ( -0.9961946980917466554, -0.08715574274764477380, 0.000000000000000000 ) ) ;
#917 = CARTESIAN_POINT ( 'NONE',  ( -30.73826637378760651, 75.50246248899158275, -54.49999999999996447 ) ) ;
#918 = CARTESIAN_POINT ( 'NONE',  ( -21.10524814045043840, 62.97106041012870747, -4.921850008041190883 ) ) ;
#919 = ORIENTED_EDGE ( 'NONE', *, *, #1374, .T. ) ;
#920 = ADVANCED_FACE ( 'NONE', ( #818 ), #404, .T. ) ;
#921 = LINE ( 'NONE', #821, #866 ) ;
#922 = LINE ( 'NONE', #382, #838 ) ;
#923 = DIRECTION ( 'NONE',  ( 0.08715574274764477380, -0.9961946980917466554, 0.000000000000000000 ) ) ;
#924 = CARTESIAN_POINT ( 'NONE',  ( -21.29919022269305273, 76.61062925887850383, 2.500000000000031530 ) ) ;
#925 = ORIENTED_EDGE ( 'NONE', *, *, #900, .F. ) ;
#926 = EDGE_CURVE ( 'NONE', #856, #415, #171, .T. ) ;
#927 = VECTOR ( 'NONE', #1349, 999.9999999999998863 ) ;
#928 = DIRECTION ( 'NONE',  ( -0.000000000000000000, 0.000000000000000000, -1.000000000000000000 ) ) ;
#929 = CARTESIAN_POINT ( 'NONE',  ( -20.00000000000000000, 7.261402971149854973E-15, 8.101158632811689131E-15 ) ) ;
#930 = CARTESIAN_POINT ( 'NONE',  ( -1.781167874035399779, 60.04545138931137416, -2.499999999999969358 ) ) ;
#931 = CARTESIAN_POINT ( 'NONE',  ( -17.66278490929378009, 77.12597689956261604, 2.500000000000031530 ) ) ;
#932 = ORIENTED_EDGE ( 'NONE', *, *, #582, .F. ) ;
#933 = CARTESIAN_POINT ( 'NONE',  ( -19.11103615995100213, 63.07362712090487378, 5.000000000000030198 ) ) ;
#934 = EDGE_CURVE ( 'NONE', #691, #66, #1208, .T. ) ;
#935 = CARTESIAN_POINT ( 'NONE',  ( 48.48832496976120154, 87.83246434910043376, 70.50000000000002842 ) ) ;
#936 = CARTESIAN_POINT ( 'NONE',  ( -1.781167874035399779, 60.04545138931137416, 2.500000000000030642 ) ) ;
#937 = CARTESIAN_POINT ( 'NONE',  ( -17.50000000000000000, 1.566534569899435028E-14, 8.135853102331225273E-15 ) ) ;
#938 = DIRECTION ( 'NONE',  ( 0.08715574274764477380, -0.9961946980917466554, -0.000000000000000000 ) ) ;
#939 = EDGE_CURVE ( 'NONE', #593, #54, #7, .T. ) ;
#940 = ORIENTED_EDGE ( 'NONE', *, *, #271, .T. ) ;
#941 = CARTESIAN_POINT ( 'NONE',  ( 46.83814093227297803, 87.56961731603145438, 70.50000000000002842 ) ) ;
#942 = UNCERTAINTY_MEASURE_WITH_UNIT (LENGTH_MEASURE( 1.000000000000000082E-05 ), #114, 'distance_accuracy_value', 'NONE');
#943 = FACE_OUTER_BOUND ( 'NONE', #509, .T. ) ;
#944 = LINE ( 'NONE', #388, #448 ) ;
#945 = DIRECTION ( 'NONE',  ( 0.000000000000000000, 0.000000000000000000, -1.000000000000000000 ) ) ;
#946 = CARTESIAN_POINT ( 'NONE',  ( -22.17763368817437097, 76.48687551748766111, -2.297875650143661019 ) ) ;
#947 = ORIENTED_EDGE ( 'NONE', *, *, #926, .F. ) ;
#948 = CARTESIAN_POINT ( 'NONE',  ( -25.75835591700674598, 75.97839380082747596, 70.50000000000002842 ) ) ;
#949 = VERTEX_POINT ( 'NONE', #1077 ) ;
#950 = CARTESIAN_POINT ( 'NONE',  ( -20.90400228915735070, 61.84785729622883110, 4.835964367705826383 ) ) ;
#951 = VECTOR ( 'NONE', #1183, 999.9999999999998863 ) ;
#952 = CARTESIAN_POINT ( 'NONE',  ( -17.50000000000000000, 1.566534589665498954E-14, 2.500000000000007994 ) ) ;
#953 = VECTOR ( 'NONE', #14, 999.9999999999998863 ) ;
#954 = EDGE_CURVE ( 'NONE', #346, #422, #585, .T. ) ;
#955 = CARTESIAN_POINT ( 'NONE',  ( -22.67610130582971806, 69.40136846404153914, -12.49999999999997158 ) ) ;
#956 = AXIS2_PLACEMENT_3D ( 'NONE', #536, #1407, #836 ) ;
#957 = CARTESIAN_POINT ( 'NONE',  ( -20.00000000000000000, 30.30750847630601541, 6.938893903907228378E-15 ) ) ;
#958 = ORIENTED_EDGE ( 'NONE', *, *, #817, .F. ) ;
#959 = CARTESIAN_POINT ( 'NONE',  ( -19.11103615995100569, 63.07362712090487378, 5.000000000000031086 ) ) ;
#960 = ORIENTED_EDGE ( 'NONE', *, *, #734, .F. ) ;
#961 = CARTESIAN_POINT ( 'NONE',  ( -19.81220607498994468, 61.72463978408605101, 5.394218893631604672 ) ) ;
#962 = CARTESIAN_POINT ( 'NONE',  ( -20.25221399928117449, 61.74696158635202181, -5.235946293723043432 ) ) ;
#963 = CARTESIAN_POINT ( 'NONE',  ( 48.48832496976120154, 87.83246434910043376, 70.50000000000002842 ) ) ;
#964 = LINE ( 'NONE', #1396, #773 ) ;
#965 = ORIENTED_EDGE ( 'NONE', *, *, #601, .T. ) ;
#966 = CARTESIAN_POINT ( 'NONE',  ( -22.03144026447499115, 62.50806534209817045, 3.091054399875375669 ) ) ;
#967 = DIRECTION ( 'NONE',  ( 0.000000000000000000, 0.000000000000000000, 1.000000000000000000 ) ) ;
#968 = CARTESIAN_POINT ( 'NONE',  ( 43.34512627458163081, 89.49065497723172768, 70.50000000000002842 ) ) ;
#969 = EDGE_CURVE ( 'NONE', #993, #680, #756, .T. ) ;
#970 = CARTESIAN_POINT ( 'NONE',  ( -20.91308501069254078, 49.24999999999999289, 29.73513398164221755 ) ) ;
#971 = CARTESIAN_POINT ( 'NONE',  ( -21.29919022269305273, 76.61062925887850383, 2.500000000000031530 ) ) ;
#972 = EDGE_LOOP ( 'NONE', ( #802, #309 ) ) ;
#973 = APPLICATION_PROTOCOL_DEFINITION ( 'draft international standard', 'automotive_design', 1998, #581 ) ;
#974 = DIRECTION ( 'NONE',  ( 0.08715574274764477380, -0.9961946980917466554, 0.000000000000000000 ) ) ;
#975 = VECTOR ( 'NONE', #222, 999.9999999999998863 ) ;
#976 = FACE_OUTER_BOUND ( 'NONE', #322, .T. ) ;
#977 = CARTESIAN_POINT ( 'NONE',  ( -22.51870605092289424, 76.43925777540580668, 2.098618522826300570 ) ) ;
#978 = ORIENTED_EDGE ( 'NONE', *, *, #353, .T. ) ;
#979 = AXIS2_PLACEMENT_3D ( 'NONE', #955, #111, #636 ) ;
#980 = DIRECTION ( 'NONE',  ( 0.000000000000000000, 0.000000000000000000, 1.000000000000000000 ) ) ;
#981 = CIRCLE ( 'NONE', #30, 3.000000000000000000 ) ;
#982 = PLANE ( 'NONE',  #1001 ) ;
#983 = CARTESIAN_POINT ( 'NONE',  ( -2.060430082070609181, 63.23743303333892385, -3.499999999999975131 ) ) ;
#984 = DIRECTION ( 'NONE',  ( 0.000000000000000000, 0.000000000000000000, 1.000000000000000000 ) ) ;
#985 = VERTEX_POINT ( 'NONE', #122 ) ;
#986 = PRODUCT_CONTEXT ( 'NONE', #687, 'mechanical' ) ;
#987 = FACE_OUTER_BOUND ( 'NONE', #648, .T. ) ;
#988 = EDGE_LOOP ( 'NONE', ( #576, #203, #1185, #1277 ) ) ;
#989 = CARTESIAN_POINT ( 'NONE',  ( -48.83577135358702748, 84.84268932235394800, 70.50000000000002842 ) ) ;
#990 = CARTESIAN_POINT ( 'NONE',  ( -19.43900380885730073, 32.40117476450324574, 1.578052135410321855 ) ) ;
#991 = ORIENTED_EDGE ( 'NONE', *, *, #594, .F. ) ;
#992 = CARTESIAN_POINT ( 'NONE',  ( -2.752207343994776512, 71.14448331899441769, 2.500000000000030642 ) ) ;
#993 = VERTEX_POINT ( 'NONE', #96 ) ;
#994 = EDGE_CURVE ( 'NONE', #593, #713, #184, .T. ) ;
#995 = CARTESIAN_POINT ( 'NONE',  ( -46.84878846138395403, 86.47374161402807147, 70.50000000000002842 ) ) ;
#996 = CARTESIAN_POINT ( 'NONE',  ( -22.09797551179235953, 62.79336040061812696, -2.499999999999976019 ) ) ;
#997 = VERTEX_POINT ( 'NONE', #313 ) ;
#998 = DIRECTION ( 'NONE',  ( 0.000000000000000000, 0.000000000000000000, -1.000000000000000000 ) ) ;
#999 = VERTEX_POINT ( 'NONE', #1395 ) ;
#1000 = AXIS2_PLACEMENT_3D ( 'NONE', #937, #52, #711 ) ;
#1001 = AXIS2_PLACEMENT_3D ( 'NONE', #1090, #649, #1280 ) ;
#1002 = CARTESIAN_POINT ( 'NONE',  ( -37.19575272752150141, 91.28857168997407712, 70.50000000000002842 ) ) ;
#1003 = CARTESIAN_POINT ( 'NONE',  ( -51.82089031647806365, 79.66097621941473506, 70.50000000000002842 ) ) ;
#1004 = CARTESIAN_POINT ( 'NONE',  ( 48.45520578751709451, 88.21101833437529649, -54.49999999999996447 ) ) ;
#1005 = VERTEX_POINT ( 'NONE', #104 ) ;
#1006 = LINE ( 'NONE', #31, #975 ) ;
#1007 = VERTEX_POINT ( 'NONE', #532 ) ;
#1008 = CARTESIAN_POINT ( 'NONE',  ( -44.42965761229429233, 88.00222267275574950, 70.50000000000002842 ) ) ;
#1009 = EDGE_CURVE ( 'NONE', #1336, #189, #743, .T. ) ;
#1010 = CARTESIAN_POINT ( 'NONE',  ( -30.73826637378760651, 75.50246248899158275, -54.49999999999996447 ) ) ;
#1011 = CARTESIAN_POINT ( 'NONE',  ( -12.39783375163931112, 95.57507728203586339, -54.49999999999996447 ) ) ;
#1012 = ORIENTED_EDGE ( 'NONE', *, *, #1041, .T. ) ;
#1013 = CARTESIAN_POINT ( 'NONE',  ( 48.45520578751709451, 88.21101833437529649, -54.49999999999996447 ) ) ;
#1014 = ORIENTED_EDGE ( 'NONE', *, *, #671, .F. ) ;
#1015 = CARTESIAN_POINT ( 'NONE',  ( 48.48832496976120154, 87.83246434910043376, 70.50000000000002842 ) ) ;
#1016 = CARTESIAN_POINT ( 'NONE',  ( -50.03001828159207065, 77.38285662772361206, 70.50000000000002842 ) ) ;
#1017 = CARTESIAN_POINT ( 'NONE',  ( -0.8366882598256127901, 49.24999999999999289, 29.73513398164221755 ) ) ;
#1018 = CARTESIAN_POINT ( 'NONE',  ( -21.98432404390554140, 61.49431817838602399, -3.499999999999975131 ) ) ;
#1019 = ORIENTED_EDGE ( 'NONE', *, *, #379, .F. ) ;
#1020 = VECTOR ( 'NONE', #299, 1000.000000000000000 ) ;
#1021 = FACE_OUTER_BOUND ( 'NONE', #902, .T. ) ;
#1022 = CARTESIAN_POINT ( 'NONE',  ( -44.42965761229429233, 88.00222267275574950, -54.49999999999996447 ) ) ;
#1023 = CARTESIAN_POINT ( 'NONE',  ( -21.87011748019989810, 62.31150391661628163, -3.549468065413059925 ) ) ;
#1024 = LINE ( 'NONE', #1344, #403 ) ;
#1025 = VERTEX_POINT ( 'NONE', #963 ) ;
#1026 = ADVANCED_FACE ( 'NONE', ( #1311 ), #1182, .F. ) ;
#1027 = DIRECTION ( 'NONE',  ( 0.000000000000000000, 0.000000000000000000, 1.000000000000000000 ) ) ;
#1028 = CARTESIAN_POINT ( 'NONE',  ( -22.09797551179235953, 62.79336040061812696, 2.500000000000030642 ) ) ;
#1029 = CARTESIAN_POINT ( 'NONE',  ( -20.68371190964622031, 69.57567994953680568, 0.5000000000000307532 ) ) ;
#1030 = CARTESIAN_POINT ( 'NONE',  ( -19.43900380885730073, 32.40117476450324574, 1.578052135410321855 ) ) ;
#1031 = ORIENTED_EDGE ( 'NONE', *, *, #318, .F. ) ;
#1032 = DIRECTION ( 'NONE',  ( 0.08715574274764477380, -0.9961946980917466554, 0.000000000000000000 ) ) ;
#1033 = FACE_OUTER_BOUND ( 'NONE', #1096, .T. ) ;
#1034 = CARTESIAN_POINT ( 'NONE',  ( -21.63500534730493996, 62.12732949139621041, -4.011978576822229137 ) ) ;
#1035 = CARTESIAN_POINT ( 'NONE',  ( -19.43901252443157190, 32.40127438397305326, 5.500000000000031086 ) ) ;
#1036 = ORIENTED_EDGE ( 'NONE', *, *, #1092, .F. ) ;
#1037 = CARTESIAN_POINT ( 'NONE',  ( -19.89735528124338160, 63.34827588570869494, 4.711330275018878133 ) ) ;
#1038 = AXIS2_PLACEMENT_3D ( 'NONE', #1252, #605, #147 ) ;
#1039 = VECTOR ( 'NONE', #287, 1000.000000000000000 ) ;
#1040 = PLANE ( 'NONE',  #1366 ) ;
#1041 = EDGE_CURVE ( 'NONE', #1005, #346, #545, .T. ) ;
#1042 = CARTESIAN_POINT ( 'NONE',  ( -6.404108411439013377E-15, 31.06826850986979949, 1.000000000000000444 ) ) ;
#1043 =( GEOMETRIC_REPRESENTATION_CONTEXT ( 3 ) GLOBAL_UNCERTAINTY_ASSIGNED_CONTEXT ( ( #942 ) ) GLOBAL_UNIT_ASSIGNED_CONTEXT ( ( #114, #541, #416 ) ) REPRESENTATION_CONTEXT ( 'NONE', 'WORKASPACE' ) );
#1044 = CARTESIAN_POINT ( 'NONE',  ( -20.16712406033790472, 63.82945581754471931, -4.330848446401389218 ) ) ;
#1045 = CARTESIAN_POINT ( 'NONE',  ( 0.4848814374033699748, 34.14438923892595312, 2.500000000000030642 ) ) ;
#1046 = ORIENTED_EDGE ( 'NONE', *, *, #926, .T. ) ;
#1047 = CARTESIAN_POINT ( 'NONE',  ( -19.52468020633196133, 61.72309883162613176, 5.464045825671245638 ) ) ;
#1048 = ORIENTED_EDGE ( 'NONE', *, *, #572, .T. ) ;
#1049 = CARTESIAN_POINT ( 'NONE',  ( 46.83814093227297803, 87.56961731603145438, -54.49999999999996447 ) ) ;
#1050 = CARTESIAN_POINT ( 'NONE',  ( -19.52468020633197199, 61.72309883162582622, -5.464045825671181689 ) ) ;
#1051 = EDGE_CURVE ( 'NONE', #807, #1103, #438, .T. ) ;
#1052 = DIRECTION ( 'NONE',  ( -5.204170427930421283E-15, 6.245004513516505540E-14, 1.000000000000000000 ) ) ;
#1053 = CARTESIAN_POINT ( 'NONE',  ( 0.4848814374033699748, 34.14438923892595312, 5.500000000000031086 ) ) ;
#1054 = ORIENTED_EDGE ( 'NONE', *, *, #1255, .F. ) ;
#1055 = CARTESIAN_POINT ( 'NONE',  ( -18.99573994963031609, 61.75578540662897353, 5.500000000000031086 ) ) ;
#1056 = ORIENTED_EDGE ( 'NONE', *, *, #1302, .T. ) ;
#1057 = ADVANCED_FACE ( 'NONE', ( #1402, #875 ), #420, .F. ) ;
#1058 = CARTESIAN_POINT ( 'NONE',  ( -20.57006284950486119, 61.78525599450822625, 5.066802077307814400 ) ) ;
#1059 = DIRECTION ( 'NONE',  ( 0.000000000000000000, -0.000000000000000000, -1.000000000000000000 ) ) ;
#1060 = CARTESIAN_POINT ( 'NONE',  ( -20.00241193764554382, 63.46221743893131162, -4.613277170040539055 ) ) ;
#1061 = CARTESIAN_POINT ( 'NONE',  ( -23.22992248907684498, 76.34137716850109712, -1.026898593086864375 ) ) ;
#1062 = VERTEX_POINT ( 'NONE', #86 ) ;
#1063 = CARTESIAN_POINT ( 'NONE',  ( -19.44082619457039840, 62.49151136050731736, 5.484473035778881567 ) ) ;
#1064 = CARTESIAN_POINT ( 'NONE',  ( -17.66278490929378009, 77.12597689956260183, -2.499999999999972911 ) ) ;
#1065 = CIRCLE ( 'NONE', #1246, 12.00000000000000000 ) ;
#1066 = CARTESIAN_POINT ( 'NONE',  ( -22.09797551179235953, 62.79336040061812696, 2.500000000000030642 ) ) ;
#1067 = VECTOR ( 'NONE', #501, 999.9999999999998863 ) ;
#1068 = DIRECTION ( 'NONE',  ( 0.000000000000000000, 0.000000000000000000, -1.000000000000000000 ) ) ;
#1069 = CIRCLE ( 'NONE', #494, 10.00000000000000000 ) ;
#1070 = DIRECTION ( 'NONE',  ( -0.08715574274764477380, 0.9961946980917466554, 0.000000000000000000 ) ) ;
#1071 = VECTOR ( 'NONE', #77, 1000.000000000000000 ) ;
#1072 = CARTESIAN_POINT ( 'NONE',  ( -19.43901252443157190, 32.40127438397305326, 2.500000000000030642 ) ) ;
#1073 = EDGE_LOOP ( 'NONE', ( #1056, #940, #440, #1036, #1219, #1148, #466, #1300 ) ) ;
#1074 = FACE_OUTER_BOUND ( 'NONE', #130, .T. ) ;
#1075 = EDGE_CURVE ( 'NONE', #1005, #993, #227, .T. ) ;
#1076 = CARTESIAN_POINT ( 'NONE',  ( 48.45520578751709451, 88.21101833437529649, 70.50000000000002842 ) ) ;
#1077 = CARTESIAN_POINT ( 'NONE',  ( -21.29919022269305273, 76.61062925887850383, 2.500000000000031530 ) ) ;
#1078 = CARTESIAN_POINT ( 'NONE',  ( -21.81184130144283273, 76.53823615611729281, -2.436398015128965255 ) ) ;
#1079 = ORIENTED_EDGE ( 'NONE', *, *, #116, .F. ) ;
#1080 = EDGE_CURVE ( 'NONE', #673, #999, #650, .T. ) ;
#1081 = APPLICATION_PROTOCOL_DEFINITION ( 'draft international standard', 'automotive_design', 1998, #687 ) ;
#1082 = CARTESIAN_POINT ( 'NONE',  ( -5.936335153480483129, 78.86422572820706023, -2.499999999999972911 ) ) ;
#1083 = CARTESIAN_POINT ( 'NONE',  ( -19.20279263507188006, 61.73767064390021631, 5.500000000000030198 ) ) ;
#1084 = CARTESIAN_POINT ( 'NONE',  ( 0.4848814374033699748, 34.14438923892595312, 5.500000000000031086 ) ) ;
#1085 = DIRECTION ( 'NONE',  ( 0.08715574274764478768, -0.9961946980917467664, 0.000000000000000000 ) ) ;
#1086 = ORIENTED_EDGE ( 'NONE', *, *, #308, .T. ) ;
#1087 = CARTESIAN_POINT ( 'NONE',  ( -21.43583582853159797, 63.19230521843375925, 4.719559774787924766 ) ) ;
#1088 = DIRECTION ( 'NONE',  ( 0.000000000000000000, 0.000000000000000000, -1.000000000000000000 ) ) ;
#1089 = ADVANCED_FACE ( 'NONE', ( #976, #8 ), #768, .F. ) ;
#1090 = CARTESIAN_POINT ( 'NONE',  ( 48.45520578751709451, 88.21101833437529649, 70.50000000000002842 ) ) ;
#1091 = VECTOR ( 'NONE', #761, 1000.000000000000000 ) ;
#1092 = EDGE_CURVE ( 'NONE', #461, #189, #1257, .T. ) ;
#1093 = CARTESIAN_POINT ( 'NONE',  ( -20.16351635187027469, 63.81274555759042499, -4.342706094509336090 ) ) ;
#1094 = CARTESIAN_POINT ( 'NONE',  ( -22.67610130582971806, 69.40136846404153914, -0.4999999999999709677 ) ) ;
#1095 = CIRCLE ( 'NONE', #269, 2.500000000000000444 ) ;
#1096 = EDGE_LOOP ( 'NONE', ( #892, #905, #1247, #1363, #315 ) ) ;
#1097 = CIRCLE ( 'NONE', #956, 3.000000000000000000 ) ;
#1098 = LINE ( 'NONE', #125, #333 ) ;
#1099 = EDGE_LOOP ( 'NONE', ( #549, #765, #547, #332 ) ) ;
#1100 = CARTESIAN_POINT ( 'NONE',  ( -12.39783375163931112, 95.57507728203586339, 70.50000000000002842 ) ) ;
#1101 = CARTESIAN_POINT ( 'NONE',  ( -2.347082251786224205, 95.55504402157842492, -54.49999999999996447 ) ) ;
#1102 = LINE ( 'NONE', #884, #1318 ) ;
#1103 = VERTEX_POINT ( 'NONE', #279 ) ;
#1104 = CARTESIAN_POINT ( 'NONE',  ( -21.21866823737472885, 63.04186615639962810, 4.855230845567914066 ) ) ;
#1105 = DIRECTION ( 'NONE',  ( 0.08715574274764474605, -0.9961946980917466554, 0.000000000000000000 ) ) ;
#1106 = ORIENTED_EDGE ( 'NONE', *, *, #33, .F. ) ;
#1107 = CARTESIAN_POINT ( 'NONE',  ( -48.06171442903052338, 76.32702306740574727, 70.50000000000002842 ) ) ;
#1108 = CARTESIAN_POINT ( 'NONE',  ( -46.84878846138395403, 86.47374161402807147, -54.49999999999996447 ) ) ;
#1109 = FACE_OUTER_BOUND ( 'NONE', #1263, .T. ) ;
#1110 = VERTEX_POINT ( 'NONE', #697 ) ;
#1111 = CYLINDRICAL_SURFACE ( 'NONE', #540, 2.000000000000000000 ) ;
#1112 = ORIENTED_EDGE ( 'NONE', *, *, #210, .T. ) ;
#1113 = CARTESIAN_POINT ( 'NONE',  ( -20.73732004275157337, 94.93880997825067425, 70.50000000000002842 ) ) ;
#1114 = DIRECTION ( 'NONE',  ( 0.08715574274764478768, -0.9961946980917467664, -0.000000000000000000 ) ) ;
#1115 = ORIENTED_EDGE ( 'NONE', *, *, #1281, .F. ) ;
#1116 = AXIS2_PLACEMENT_3D ( 'NONE', #721, #831, #1269 ) ;
#1117 = DIRECTION ( 'NONE',  ( -0.9961946980917467664, -0.08715574274764478768, -0.000000000000000000 ) ) ;
#1118 = ORIENTED_EDGE ( 'NONE', *, *, #612, .T. ) ;
#1119 = AXIS2_PLACEMENT_3D ( 'NONE', #1282, #169, #201 ) ;
#1120 = VECTOR ( 'NONE', #814, 1000.000000000000000 ) ;
#1121 = EDGE_CURVE ( 'NONE', #552, #673, #1249, .T. ) ;
#1122 = CARTESIAN_POINT ( 'NONE',  ( 28.05110258946051616, 92.53421584444119219, 70.50000000000002842 ) ) ;
#1123 = CARTESIAN_POINT ( 'NONE',  ( 7.746179418681991002, 95.01241311204023532, -54.49999999999996447 ) ) ;
#1124 = CARTESIAN_POINT ( 'NONE',  ( -0.9820010427219472149, 79.64059603494933981, -54.49999999999996447 ) ) ;
#1125 = VERTEX_POINT ( 'NONE', #828 ) ;
#1126 = CARTESIAN_POINT ( 'NONE',  ( -22.67610130582971095, 69.40136846404152493, 12.50000000000003197 ) ) ;
#1127 = ADVANCED_FACE ( 'NONE', ( #943 ), #586, .F. ) ;
#1128 = ORIENTED_EDGE ( 'NONE', *, *, #778, .F. ) ;
#1129 = DIRECTION ( 'NONE',  ( 0.9963466490417509647, -3.509413107732031008E-16, -0.08540114134643618515 ) ) ;
#1130 = CARTESIAN_POINT ( 'NONE',  ( -10.88430409121732367, 78.08565741893525569, -54.49999999999996447 ) ) ;
#1131 = ADVANCED_FACE ( 'NONE', ( #1021 ), #1149, .T. ) ;
#1132 = CARTESIAN_POINT ( 'NONE',  ( 28.05110258946051616, 92.53421584444119219, -54.49999999999996447 ) ) ;
#1133 = CARTESIAN_POINT ( 'NONE',  ( -1.781167874035399779, 60.04545138931135995, -2.499999999999976019 ) ) ;
#1134 = ORIENTED_EDGE ( 'NONE', *, *, #969, .T. ) ;
#1135 = PRODUCT_DEFINITION_CONTEXT ( 'detailed design', #581, 'design' ) ;
#1136 = CARTESIAN_POINT ( 'NONE',  ( 43.53728699343696462, 87.04384585981394196, 70.50000000000002842 ) ) ;
#1137 = CARTESIAN_POINT ( 'NONE',  ( -32.28224273912985609, 92.77968441977746750, -54.49999999999996447 ) ) ;
#1138 = EDGE_CURVE ( 'NONE', #502, #1357, #312, .T. ) ;
#1139 = DIRECTION ( 'NONE',  ( 0.07262978562303730456, -0.8301622484097888055, -0.5527707983925669311 ) ) ;
#1140 = AXIS2_PLACEMENT_3D ( 'NONE', #560, #216, #1224 ) ;
#1141 = ORIENTED_EDGE ( 'NONE', *, *, #630, .T. ) ;
#1142 = AXIS2_PLACEMENT_3D ( 'NONE', #740, #209, #967 ) ;
#1143 = AXIS2_PLACEMENT_3D ( 'NONE', #854, #432, #194 ) ;
#1144 = CARTESIAN_POINT ( 'NONE',  ( 46.83814093227297803, 87.56961731603145438, 70.50000000000002842 ) ) ;
#1145 = DIRECTION ( 'NONE',  ( 0.000000000000000000, -1.000000000000000000, 0.000000000000000000 ) ) ;
#1146 = CARTESIAN_POINT ( 'NONE',  ( -20.19129157202950609, 63.94728967616249093, -4.247712920923592428 ) ) ;
#1147 = FACE_OUTER_BOUND ( 'NONE', #124, .T. ) ;
#1148 = ORIENTED_EDGE ( 'NONE', *, *, #994, .T. ) ;
#1149 = CYLINDRICAL_SURFACE ( 'NONE', #410, 3.000000000000000000 ) ;
#1150 = ADVANCED_FACE ( 'NONE', ( #1382 ), #49, .F. ) ;
#1151 = CARTESIAN_POINT ( 'NONE',  ( -20.20194041461509471, 64.06900656335064070, -4.166666666666641206 ) ) ;
#1152 = LINE ( 'NONE', #930, #1039 ) ;
#1153 = CARTESIAN_POINT ( 'NONE',  ( -20.10558611560886888, 62.96767188611340771, -2.499999999999976019 ) ) ;
#1154 = ORIENTED_EDGE ( 'NONE', *, *, #1213, .F. ) ;
#1155 = CARTESIAN_POINT ( 'NONE',  ( -20.02430833112065756, 61.73049507780523015, 5.330510920846767142 ) ) ;
#1156 = FACE_OUTER_BOUND ( 'NONE', #1099, .T. ) ;
#1157 = DIRECTION ( 'NONE',  ( 0.9961946980917467664, 0.08715574274764478768, 0.000000000000000000 ) ) ;
#1158 = EDGE_CURVE ( 'NONE', #1007, #673, #477, .T. ) ;
#1159 = DIRECTION ( 'NONE',  ( 0.08715574274764478768, -0.9961946980917467664, 1.489033026589533876E-16 ) ) ;
#1160 = DIRECTION ( 'NONE',  ( -0.08715574274764477380, 0.9961946980917466554, 0.000000000000000000 ) ) ;
#1161 = ORIENTED_EDGE ( 'NONE', *, *, #455, .F. ) ;
#1162 = CARTESIAN_POINT ( 'NONE',  ( -19.73762705832844944, 63.21896466683550386, 4.828520909330975108 ) ) ;
#1163 = ORIENTED_EDGE ( 'NONE', *, *, #349, .T. ) ;
#1164 = VECTOR ( 'NONE', #848, 999.9999999999998863 ) ;
#1165 = CARTESIAN_POINT ( 'NONE',  ( -0.8366882598256127901, 49.24999999999999289, -2.499999999999976019 ) ) ;
#1166 = CARTESIAN_POINT ( 'NONE',  ( -20.73183978705224106, 62.77775804825220973, -5.115272265516071393 ) ) ;
#1167 = DIRECTION ( 'NONE',  ( 0.9961946980917466554, 0.08715574274764477380, 0.000000000000000000 ) ) ;
#1168 = ADVANCED_FACE ( 'NONE', ( #609 ), #808, .T. ) ;
#1169 = LINE ( 'NONE', #188, #1364 ) ;
#1170 = ORIENTED_EDGE ( 'NONE', *, *, #1265, .T. ) ;
#1171 = DIRECTION ( 'NONE',  ( 0.08540114134643618515, -3.008060442639502367E-17, 0.9963466490417509647 ) ) ;
#1172 = ORIENTED_EDGE ( 'NONE', *, *, #1080, .F. ) ;
#1173 = CARTESIAN_POINT ( 'NONE',  ( -20.10558611560886888, 62.96767188611342192, 2.500000000000029310 ) ) ;
#1174 = CARTESIAN_POINT ( 'NONE',  ( -19.53424994003696469, 63.12085355971024114, -4.926651735515617858 ) ) ;
#1175 = LINE ( 'NONE', #395, #726 ) ;
#1176 = DIRECTION ( 'NONE',  ( -0.08715574274764478768, 0.9961946980917467664, -1.489033026589533876E-16 ) ) ;
#1177 = ORIENTED_EDGE ( 'NONE', *, *, #1368, .T. ) ;
#1178 = CARTESIAN_POINT ( 'NONE',  ( -19.80739159962892515, 62.51887674585626087, 5.427198294891650399 ) ) ;
#1179 = PRESENTATION_STYLE_ASSIGNMENT (( #865 ) ) ;
#1180 = CARTESIAN_POINT ( 'NONE',  ( -21.46444464771667882, 62.03482526329074886, 4.262856550423237856 ) ) ;
#1181 = PLANE ( 'NONE',  #1272 ) ;
#1182 = PLANE ( 'NONE',  #120 ) ;
#1183 = DIRECTION ( 'NONE',  ( -0.9961946980917467664, -0.08715574274764478768, -0.000000000000000000 ) ) ;
#1184 = ADVANCED_FACE ( 'NONE', ( #1156 ), #1040, .F. ) ;
#1185 = ORIENTED_EDGE ( 'NONE', *, *, #1346, .F. ) ;
#1186 = CARTESIAN_POINT ( 'NONE',  ( -6.404108411439013377E-15, 31.06826850986979949, -1.000000000000000444 ) ) ;
#1187 = DIRECTION ( 'NONE',  ( -0.08715574274764478768, 0.9961946980917467664, 0.000000000000000000 ) ) ;
#1188 = VECTOR ( 'NONE', #160, 1000.000000000000000 ) ;
#1189 = DIRECTION ( 'NONE',  ( -0.9925827447676021098, -0.08683973777859738119, -0.08507852098007952224 ) ) ;
#1190 = AXIS2_PLACEMENT_3D ( 'NONE', #1029, #923, #945 ) ;
#1191 = DIRECTION ( 'NONE',  ( 0.000000000000000000, -0.000000000000000000, -1.000000000000000000 ) ) ;
#1192 = CARTESIAN_POINT ( 'NONE',  ( -21.29025815224791174, 76.50853522651858896, -2.499999999999972911 ) ) ;
#1193 = ORIENTED_EDGE ( 'NONE', *, *, #267, .F. ) ;
#1194 = ORIENTED_EDGE ( 'NONE', *, *, #349, .F. ) ;
#1195 = CARTESIAN_POINT ( 'NONE',  ( -3.437418009278751688E-15, 32.11481175695188739, -1.000000000000001110 ) ) ;
#1196 = CARTESIAN_POINT ( 'NONE',  ( -18.99573994963030898, 61.75578540662895932, -3.499999999999975131 ) ) ;
#1197 = CARTESIAN_POINT ( 'NONE',  ( -20.90400228915735070, 61.84785729622885242, -4.835964367705773981 ) ) ;
#1198 = ORIENTED_EDGE ( 'NONE', *, *, #484, .T. ) ;
#1199 = EDGE_CURVE ( 'NONE', #1110, #647, #185, .T. ) ;
#1200 = CARTESIAN_POINT ( 'NONE',  ( -19.26949684832715448, 63.05976360705743389, -4.999999999999976019 ) ) ;
#1201 = DIRECTION ( 'NONE',  ( -0.08715574274764474605, 0.9961946980917466554, 0.000000000000000000 ) ) ;
#1202 = ORIENTED_EDGE ( 'NONE', *, *, #692, .F. ) ;
#1203 = CARTESIAN_POINT ( 'NONE',  ( -20.91308501069254078, 49.24999999999999289, -2.499999999999976019 ) ) ;
#1204 = CARTESIAN_POINT ( 'NONE',  ( -45.87370233738926117, 75.63396832966115824, 70.50000000000002842 ) ) ;
#1205 = AXIS2_PLACEMENT_3D ( 'NONE', #1018, #46, #474 ) ;
#1206 = CARTESIAN_POINT ( 'NONE',  ( 18.79948105420779925, 82.96460367995454988, 70.50000000000002842 ) ) ;
#1207 = CARTESIAN_POINT ( 'NONE',  ( -23.21938306409178665, 76.34283337860205165, 1.017697161251005289 ) ) ;
#1208 = CIRCLE ( 'NONE', #519, 10.00000000000000178 ) ;
#1209 = ORIENTED_EDGE ( 'NONE', *, *, #1051, .T. ) ;
#1210 = AXIS2_PLACEMENT_3D ( 'NONE', #1238, #259, #643 ) ;
#1211 = CARTESIAN_POINT ( 'NONE',  ( -20.76376613873727450, 81.96441722077655356, -2.499999999999976019 ) ) ;
#1212 = ORIENTED_EDGE ( 'NONE', *, *, #1352, .T. ) ;
#1213 = EDGE_CURVE ( 'NONE', #639, #664, #921, .T. ) ;
#1214 = EDGE_CURVE ( 'NONE', #302, #66, #1353, .T. ) ;
#1215 = CARTESIAN_POINT ( 'NONE',  ( 28.69011459317516355, 84.62888364834111599, -54.49999999999996447 ) ) ;
#1216 = DIRECTION ( 'NONE',  ( -1.000000000000000000, 2.779109781899464598E-22, -1.387778780781445676E-17 ) ) ;
#1217 = ORIENTED_EDGE ( 'NONE', *, *, #893, .T. ) ;
#1218 = LINE ( 'NONE', #679, #117 ) ;
#1219 = ORIENTED_EDGE ( 'NONE', *, *, #874, .T. ) ;
#1220 = CARTESIAN_POINT ( 'NONE',  ( -50.76235822770803452, 82.68755769886570306, -54.49999999999996447 ) ) ;
#1221 = CARTESIAN_POINT ( 'NONE',  ( 0.000000000000000000, 0.000000000000000000, -2.499999999999991562 ) ) ;
#1222 = EDGE_LOOP ( 'NONE', ( #657, #556, #444, #166, #965, #787 ) ) ;
#1223 = EDGE_CURVE ( 'NONE', #191, #262, #380, .T. ) ;
#1224 = DIRECTION ( 'NONE',  ( -0.9961946980917466554, -0.08715574274764477380, 0.000000000000000000 ) ) ;
#1225 = ORIENTED_EDGE ( 'NONE', *, *, #954, .T. ) ;
#1226 = CARTESIAN_POINT ( 'NONE',  ( -51.82089031647806365, 79.66097621941473506, 70.50000000000002842 ) ) ;
#1227 = CARTESIAN_POINT ( 'NONE',  ( 17.87961456057471210, 93.99182532215499464, 70.50000000000002842 ) ) ;
#1228 = CARTESIAN_POINT ( 'NONE',  ( -41.24805719306088747, 89.67399909597412488, -54.49999999999996447 ) ) ;
#1229 = ORIENTED_EDGE ( 'NONE', *, *, #1302, .F. ) ;
#1230 = STYLED_ITEM ( 'NONE', ( #1179 ), #58 ) ;
#1231 = DIRECTION ( 'NONE',  ( -1.387778780781445676E-17, -6.842277657836020854E-49, 1.000000000000000000 ) ) ;
#1232 = ORIENTED_EDGE ( 'NONE', *, *, #379, .T. ) ;
#1233 = CARTESIAN_POINT ( 'NONE',  ( 48.45520578751709451, 88.21101833437529649, 70.50000000000002842 ) ) ;
#1234 = CARTESIAN_POINT ( 'NONE',  ( -32.28224273912985609, 92.77968441977746750, -54.49999999999996447 ) ) ;
#1235 = PLANE ( 'NONE',  #471 ) ;
#1236 = LINE ( 'NONE', #1356, #1188 ) ;
#1237 = ORIENTED_EDGE ( 'NONE', *, *, #33, .T. ) ;
#1238 = CARTESIAN_POINT ( 'NONE',  ( -18.99573994963030898, 61.75578540662895932, 3.500000000000030198 ) ) ;
#1239 = CARTESIAN_POINT ( 'NONE',  ( 18.79948105420779925, 82.96460367995454988, -54.49999999999996447 ) ) ;
#1240 = CARTESIAN_POINT ( 'NONE',  ( -2.175726292391301442, 64.55527474761484541, -4.999999999999975131 ) ) ;
#1241 = ORIENTED_EDGE ( 'NONE', *, *, #484, .F. ) ;
#1242 = CARTESIAN_POINT ( 'NONE',  ( -23.28264754843140238, 76.33422374102330821, 70.50000000000002842 ) ) ;
#1243 = CARTESIAN_POINT ( 'NONE',  ( 43.53728699343696462, 87.04384585981394196, -54.49999999999996447 ) ) ;
#1244 = DIRECTION ( 'NONE',  ( -0.000000000000000000, 0.000000000000000000, -1.000000000000000000 ) ) ;
#1245 = DIRECTION ( 'NONE',  ( -0.08715574274764478768, 0.9961946980917467664, 0.000000000000000000 ) ) ;
#1246 = AXIS2_PLACEMENT_3D ( 'NONE', #446, #782, #672 ) ;
#1247 = ORIENTED_EDGE ( 'NONE', *, *, #452, .T. ) ;
#1248 = VECTOR ( 'NONE', #1191, 1000.000000000000000 ) ;
#1249 = LINE ( 'NONE', #272, #1071 ) ;
#1250 = CARTESIAN_POINT ( 'NONE',  ( 46.83814093227297803, 87.56961731603145438, -54.49999999999996447 ) ) ;
#1251 = DIRECTION ( 'NONE',  ( -0.000000000000000000, 0.000000000000000000, -1.000000000000000000 ) ) ;
#1252 = CARTESIAN_POINT ( 'NONE',  ( -9.841977309562400578, 1.731897710729035684E-15, -1.843598055105342803 ) ) ;
#1253 = ORIENTED_EDGE ( 'NONE', *, *, #554, .F. ) ;
#1254 = CARTESIAN_POINT ( 'NONE',  ( 0.4848814374033699748, 34.14438923892595312, -5.499999999999975131 ) ) ;
#1255 = EDGE_CURVE ( 'NONE', #253, #458, #981, .T. ) ;
#1256 =( BOUNDED_SURFACE ( )  B_SPLINE_SURFACE ( 3, 2, ( 
 ( #959, #632, #1055 ),
 ( #739, #254, #149 ),
 ( #826, #1063, #1047 ),
 ( #1271, #1178, #1155 ),
 ( #198, #578, #910 ),
 ( #1347, #367, #174 ),
 ( #1162, #803, #278 ),
 ( #182, #714, #607 ),
 ( #1037, #616, #398 ),
 ( #832, #291, #107 ),
 ( #653, #1104, #871 ),
 ( #553, #1087, #221 ),
 ( #1398, #878, #1314 ),
 ( #754, #640, #966 ),
 ( #330, #1301, #215 ),
 ( #1292, #864, #857 ) ),
 .UNSPECIFIED., .F., .F., .F. ) 
 B_SPLINE_SURFACE_WITH_KNOTS ( ( 4, 2, 2, 2, 2, 2, 2, 4 ),
 ( 3, 3 ),
 ( 0.004635963571066485656, 0.004902230594476109440, 0.005168497617885733225, 0.005434764641295357010, 0.005701031664704981662, 0.005967298688114606314, 0.006233565711524230099, 0.006766099758343477669 ),
 ( 0.000000000000000000, 1.000000000000000000 ),
 .UNSPECIFIED. ) 
 GEOMETRIC_REPRESENTATION_ITEM ( )  RATIONAL_B_SPLINE_SURFACE ( (
 ( 1.000000000000000000, 0.9354143466934866646, 1.000000000000000000),
 ( 1.000000000000000000, 0.9354098695951877929, 1.000000000000000000),
 ( 1.000000000000000000, 0.9332930661161685792, 1.000000000000000000),
 ( 1.000000000000000000, 0.9252414482835765730, 1.000000000000000000),
 ( 1.000000000000000000, 0.9194819428115674764, 1.000000000000000000),
 ( 1.000000000000000000, 0.9053101983488467397, 1.000000000000000000),
 ( 1.000000000000000000, 0.8971149038921732988, 1.000000000000000000),
 ( 1.000000000000000000, 0.8788298938415242123, 1.000000000000000000),
 ( 1.000000000000000000, 0.8687612797503809769, 1.000000000000000000),
 ( 1.000000000000000000, 0.8476240924213513939, 1.000000000000000000),
 ( 1.000000000000000000, 0.8364572537790998519, 1.000000000000000000),
 ( 1.000000000000000000, 0.8129401750143386840, 1.000000000000000000),
 ( 1.000000000000000000, 0.8005803502266787275, 1.000000000000000000),
 ( 1.000000000000000000, 0.7625924932378385090, 1.000000000000000000),
 ( 1.000000000000000000, 0.7357548725555455027, 1.000000000000000000),
 ( 1.000000000000000000, 0.7071067811865475727, 1.000000000000000000) ) ) 
 REPRESENTATION_ITEM ( '' )  SURFACE ( )  );
#1257 = LINE ( 'NONE', #1242, #430 ) ;
#1258 = PRODUCT_DEFINITION ( 'UNKNOWN', '', #522, #1135 ) ;
#1259 = FACE_OUTER_BOUND ( 'NONE', #1328, .T. ) ;
#1260 =( BOUNDED_CURVE ( )  B_SPLINE_CURVE ( 3, ( #377, #276, #577, #172 ),
 .UNSPECIFIED., .F., .F. ) 
 B_SPLINE_CURVE_WITH_KNOTS ( ( 4, 4 ),
 ( 0.000000000000000000, 0.3126823973165610560 ),
 .UNSPECIFIED. ) 
 CURVE ( )  GEOMETRIC_REPRESENTATION_ITEM ( )  RATIONAL_B_SPLINE_CURVE ( ( 1.000000000000000000, 0.9918690585533369575, 0.9918690585533369575, 1.000000000000000000 ) ) 
 REPRESENTATION_ITEM ( '' )  );
#1261 = CARTESIAN_POINT ( 'NONE',  ( -22.09797551179236308, 62.79336040061812696, -2.499999999999998224 ) ) ;
#1262 = CARTESIAN_POINT ( 'NONE',  ( -23.28264754843140238, 76.33422374102330821, -0.4999999999999709677 ) ) ;
#1263 = EDGE_LOOP ( 'NONE', ( #534, #978, #329, #895 ) ) ;
#1264 = CARTESIAN_POINT ( 'NONE',  ( -20.00241193764555092, 63.46221743893131162, 4.613277170040591457 ) ) ;
#1265 = EDGE_CURVE ( 'NONE', #302, #1110, #730, .T. ) ;
#1266 = CARTESIAN_POINT ( 'NONE',  ( -19.67831967957517136, 32.38033772079735684, 2.686713115392166618 ) ) ;
#1267 = CARTESIAN_POINT ( 'NONE',  ( -20.45206173536689320, 62.66922500890371595, -5.234134625590439960 ) ) ;
#1268 = DIRECTION ( 'NONE',  ( -0.9961946980917466554, -0.08715574274764477380, 0.000000000000000000 ) ) ;
#1269 = DIRECTION ( 'NONE',  ( 1.000000000000000000, -3.630701386744606278E-16, 1.387778780781415785E-17 ) ) ;
#1270 = EDGE_LOOP ( 'NONE', ( #1046, #161, #932, #1330 ) ) ;
#1271 = CARTESIAN_POINT ( 'NONE',  ( -19.45670095360511809, 63.09730015601587638, 4.952919715463510286 ) ) ;
#1272 = AXIS2_PLACEMENT_3D ( 'NONE', #63, #493, #1383 ) ;
#1273 = CARTESIAN_POINT ( 'NONE',  ( -19.43900380885730073, 32.40117476450324574, -1.578051751253285673 ) ) ;
#1274 = FACE_OUTER_BOUND ( 'NONE', #504, .T. ) ;
#1275 = CARTESIAN_POINT ( 'NONE',  ( -22.19432981079857115, 63.89469507785534574, -4.166666666666649199 ) ) ;
#1276 = DIRECTION ( 'NONE',  ( 0.9963466490417508536, -3.509413107732030515E-16, -0.08540114134643618515 ) ) ;
#1277 = ORIENTED_EDGE ( 'NONE', *, *, #1138, .F. ) ;
#1278 = FACE_OUTER_BOUND ( 'NONE', #60, .T. ) ;
#1279 = ORIENTED_EDGE ( 'NONE', *, *, #572, .F. ) ;
#1280 = DIRECTION ( 'NONE',  ( 0.000000000000000000, 0.000000000000000000, 1.000000000000000000 ) ) ;
#1281 = EDGE_CURVE ( 'NONE', #647, #639, #1097, .T. ) ;
#1282 = CARTESIAN_POINT ( 'NONE',  ( -23.75235023301251402, 81.70294999253360402, 8.000000000000037303 ) ) ;
#1283 = DIRECTION ( 'NONE',  ( 0.000000000000000000, 0.000000000000000000, 1.000000000000000000 ) ) ;
#1284 = LINE ( 'NONE', #1403, #516 ) ;
#1285 = VERTEX_POINT ( 'NONE', #205 ) ;
#1286 = CARTESIAN_POINT ( 'NONE',  ( -2.175726292391301442, 64.55527474761484541, 5.000000000000029310 ) ) ;
#1287 = CARTESIAN_POINT ( 'NONE',  ( -19.40747071110197552, 61.72784980042624881, 5.478630831963458014 ) ) ;
#1288 = CARTESIAN_POINT ( 'NONE',  ( -21.53624251550708024, 62.07079149798477147, -4.163680842965254314 ) ) ;
#1289 = CARTESIAN_POINT ( 'NONE',  ( -19.70398946834642828, 63.18830726494403649, -4.856393938282015377 ) ) ;
#1290 = LINE ( 'NONE', #421, #951 ) ;
#1291 = ORIENTED_EDGE ( 'NONE', *, *, #445, .F. ) ;
#1292 = CARTESIAN_POINT ( 'NONE',  ( -20.20194041461509471, 64.06900656335065491, 4.166666666666695384 ) ) ;
#1293 = VERTEX_POINT ( 'NONE', #192 ) ;
#1294 = B_SPLINE_CURVE_WITH_KNOTS ( 'NONE', 3,
 ( #165, #806, #907, #1030 ),
 .UNSPECIFIED., .F., .F.,
 ( 4, 4 ),
 ( 0.000000000000000000, 1.000000000000000000 ),
 .UNSPECIFIED. ) ;
#1295 = VECTOR ( 'NONE', #383, 1000.000000000000000 ) ;
#1296 =( BOUNDED_CURVE ( )  B_SPLINE_CURVE ( 3, ( #321, #9, #439, #780 ),
 .UNSPECIFIED., .F., .T. ) 
 B_SPLINE_CURVE_WITH_KNOTS ( ( 4, 4 ),
 ( 4.712388980384689674, 5.600061990845476956 ),
 .UNSPECIFIED. ) 
 CURVE ( )  GEOMETRIC_REPRESENTATION_ITEM ( )  RATIONAL_B_SPLINE_CURVE ( ( 1.000000000000000000, 0.9354072598895852853, 0.9354072598895852853, 1.000000000000000000 ) ) 
 REPRESENTATION_ITEM ( '' )  );
#1297 = CARTESIAN_POINT ( 'NONE',  ( -2.752207343994776512, 71.14448331899441769, 12.50000000000003197 ) ) ;
#1298 = VECTOR ( 'NONE', #1367, 1000.000000000000114 ) ;
#1299 = LINE ( 'NONE', #1305, #25 ) ;
#1300 = ORIENTED_EDGE ( 'NONE', *, *, #881, .F. ) ;
#1301 = CARTESIAN_POINT ( 'NONE',  ( -22.02144888825513291, 63.70556220272445813, 4.301640521755968116 ) ) ;
#1302 = EDGE_CURVE ( 'NONE', #1293, #678, #544, .T. ) ;
#1303 = FILL_AREA_STYLE_COLOUR ( '', #156 ) ;
#1304 = CARTESIAN_POINT ( 'NONE',  ( -20.68371190964622386, 69.57567994953681989, -0.4999999999999709677 ) ) ;
#1305 = CARTESIAN_POINT ( 'NONE',  ( -19.43901252443157190, 32.40127438397305326, -2.499999999999976019 ) ) ;
#1306 = EDGE_LOOP ( 'NONE', ( #250, #15, #958, #1161 ) ) ;
#1307 = CARTESIAN_POINT ( 'NONE',  ( 0.000000000000000000, 0.000000000000000000, -2.499999999999991562 ) ) ;
#1308 = FACE_OUTER_BOUND ( 'NONE', #988, .T. ) ;
#1309 = ADVANCED_FACE ( 'NONE', ( #109 ), #982, .F. ) ;
#1310 = CARTESIAN_POINT ( 'NONE',  ( -50.76235822770803452, 82.68755769886570306, 70.50000000000002842 ) ) ;
#1311 = FACE_OUTER_BOUND ( 'NONE', #173, .T. ) ;
#1312 = CARTESIAN_POINT ( 'NONE',  ( -21.34084214839777616, 61.98123529739832804, -4.416471149544208608 ) ) ;
#1313 = ORIENTED_EDGE ( 'NONE', *, *, #490, .T. ) ;
#1314 = CARTESIAN_POINT ( 'NONE',  ( -21.87011748019956059, 62.31150391661567056, 3.549468065414025375 ) ) ;
#1315 = DIRECTION ( 'NONE',  ( 1.000000000000000000, 0.000000000000000000, 0.000000000000000000 ) ) ;
#1316 = ORIENTED_EDGE ( 'NONE', *, *, #1121, .T. ) ;
#1317 = CARTESIAN_POINT ( 'NONE',  ( -43.28611125990199326, 75.27734910698562487, 70.50000000000002842 ) ) ;
#1318 = VECTOR ( 'NONE', #134, 1000.000000000000114 ) ;
#1319 = CARTESIAN_POINT ( 'NONE',  ( 36.54097012848816917, 90.98437268683380807, 70.50000000000002842 ) ) ;
#1320 = CARTESIAN_POINT ( 'NONE',  ( -20.38872425533386590, 61.76162781478822694, -5.167841588897833738 ) ) ;
#1321 = VECTOR ( 'NONE', #758, 1000.000000000000000 ) ;
#1322 = ORIENTED_EDGE ( 'NONE', *, *, #78, .F. ) ;
#1323 = CYLINDRICAL_SURFACE ( 'NONE', #265, 10.00000000000000000 ) ;
#1324 = EDGE_LOOP ( 'NONE', ( #1086, #427, #767, #1279 ) ) ;
#1325 = ADVANCED_FACE ( 'NONE', ( #119 ), #217, .F. ) ;
#1326 = CARTESIAN_POINT ( 'NONE',  ( -44.42965761229429233, 88.00222267275574950, 70.50000000000002842 ) ) ;
#1327 = CARTESIAN_POINT ( 'NONE',  ( -21.05974833421205972, 61.88734614849207105, -4.704182410178563423 ) ) ;
#1328 = EDGE_LOOP ( 'NONE', ( #925, #409, #1170, #873 ) ) ;
#1329 = DIRECTION ( 'NONE',  ( -0.9961946980917466554, -0.08715574274764477380, 0.000000000000000000 ) ) ;
#1330 = ORIENTED_EDGE ( 'NONE', *, *, #778, .T. ) ;
#1331 = CARTESIAN_POINT ( 'NONE',  ( -46.84878846138395403, 86.47374161402807147, 70.50000000000002842 ) ) ;
#1332 = CARTESIAN_POINT ( 'NONE',  ( 36.54097012848816917, 90.98437268683380807, -54.49999999999996447 ) ) ;
#1333 = CARTESIAN_POINT ( 'NONE',  ( 48.48832496976120154, 87.83246434910043376, -54.49999999999996447 ) ) ;
#1334 = ORIENTED_EDGE ( 'NONE', *, *, #1080, .T. ) ;
#1335 = CARTESIAN_POINT ( 'NONE',  ( -1.781167874035399779, 60.04545138931137416, 2.500000000000030642 ) ) ;
#1336 = VERTEX_POINT ( 'NONE', #401 ) ;
#1337 = EDGE_CURVE ( 'NONE', #999, #1397, #102, .T. ) ;
#1338 = CARTESIAN_POINT ( 'NONE',  ( -0.9820010427219472149, 79.64059603494933981, 70.50000000000002842 ) ) ;
#1339 = VECTOR ( 'NONE', #436, 1000.000000000000000 ) ;
#1340 = CARTESIAN_POINT ( 'NONE',  ( -17.50000000000000000, 7.261402971149854973E-15, 8.135853102331225273E-15 ) ) ;
#1341 = VERTEX_POINT ( 'NONE', #1273 ) ;
#1342 = PRESENTATION_LAYER_ASSIGNMENT (  '', '', ( #1230 ) ) ;
#1343 = AXIS2_PLACEMENT_3D ( 'NONE', #479, #810, #500 ) ;
#1344 = CARTESIAN_POINT ( 'NONE',  ( -1.781167874035399779, 60.04545138931137416, -2.499999999999969358 ) ) ;
#1345 = ORIENTED_EDGE ( 'NONE', *, *, #934, .T. ) ;
#1346 = EDGE_CURVE ( 'NONE', #1357, #678, #757, .T. ) ;
#1347 = CARTESIAN_POINT ( 'NONE',  ( -19.67566789309147524, 63.18216774806322178, 4.863969182533287139 ) ) ;
#1348 = CARTESIAN_POINT ( 'NONE',  ( -43.28611125990199326, 75.27734910698562487, 70.50000000000002842 ) ) ;
#1349 = DIRECTION ( 'NONE',  ( 0.9961946980917467664, 0.08715574274764478768, 0.000000000000000000 ) ) ;
#1350 = DIRECTION ( 'NONE',  ( 0.9961946980917467664, 0.08715574274764478768, 0.000000000000000000 ) ) ;
#1351 = ORIENTED_EDGE ( 'NONE', *, *, #1358, .T. ) ;
#1352 = EDGE_CURVE ( 'NONE', #1110, #678, #400, .T. ) ;
#1353 = LINE ( 'NONE', #264, #251 ) ;
#1354 = CARTESIAN_POINT ( 'NONE',  ( -22.09797551179235953, 62.79336040061812696, -2.499999999999976019 ) ) ;
#1355 = CARTESIAN_POINT ( 'NONE',  ( -51.07737250282493591, 81.39207217714270826, -54.49999999999996447 ) ) ;
#1356 = CARTESIAN_POINT ( 'NONE',  ( 0.4848814374033699748, 34.14438923892595312, 5.500000000000031086 ) ) ;
#1357 = VERTEX_POINT ( 'NONE', #417 ) ;
#1358 = EDGE_CURVE ( 'NONE', #999, #437, #852, .T. ) ;
#1359 = DIRECTION ( 'NONE',  ( 0.9961946980917467664, 0.08715574274764478768, 0.000000000000000000 ) ) ;
#1360 = CARTESIAN_POINT ( 'NONE',  ( 8.906157204203534405, 81.31062722032942247, -54.49999999999996447 ) ) ;
#1361 = LINE ( 'NONE', #1384, #1295 ) ;
#1362 = LINE ( 'NONE', #152, #562 ) ;
#1363 = ORIENTED_EDGE ( 'NONE', *, *, #459, .F. ) ;
#1364 = VECTOR ( 'NONE', #207, 1000.000000000000114 ) ;
#1365 = EDGE_CURVE ( 'NONE', #1371, #1025, #661, .T. ) ;
#1366 = AXIS2_PLACEMENT_3D ( 'NONE', #285, #595, #724 ) ;
#1367 = DIRECTION ( 'NONE',  ( 0.9925827447676019988, 0.08683973777859736731, -0.08507852098008061859 ) ) ;
#1368 = EDGE_CURVE ( 'NONE', #1357, #302, #520, .T. ) ;
#1369 = FACE_OUTER_BOUND ( 'NONE', #793, .T. ) ;
#1370 = CARTESIAN_POINT ( 'NONE',  ( -23.28264754843140238, 76.33422374102327979, -0.7642924876056956807 ) ) ;
#1371 = VERTEX_POINT ( 'NONE', #1233 ) ;
#1372 = ADVANCED_FACE ( 'NONE', ( #1278 ), #1380, .T. ) ;
#1373 = CARTESIAN_POINT ( 'NONE',  ( -9.841977309562398801, 1.731898002254456753E-15, 1.843598055105351685 ) ) ;
#1374 = EDGE_CURVE ( 'NONE', #1062, #346, #297, .T. ) ;
#1375 = CARTESIAN_POINT ( 'NONE',  ( -20.68371190964622031, 69.57567994953680568, 12.50000000000003197 ) ) ;
#1376 = CARTESIAN_POINT ( 'NONE',  ( -19.97955960848786816, 62.54651955019270559, -5.386370690793851779 ) ) ;
#1377 = LINE ( 'NONE', #720, #311 ) ;
#1378 = CARTESIAN_POINT ( 'NONE',  ( -19.43900380885730073, 32.40117476450324574, 1.578052135410321855 ) ) ;
#1379 = ORIENTED_EDGE ( 'NONE', *, *, #969, .F. ) ;
#1380 = PLANE ( 'NONE',  #93 ) ;
#1381 = DIRECTION ( 'NONE',  ( -0.9961946980917467664, -0.08715574274764478768, -0.000000000000000000 ) ) ;
#1382 = FACE_OUTER_BOUND ( 'NONE', #972, .T. ) ;
#1383 = DIRECTION ( 'NONE',  ( 1.000000000000000000, -3.630701386744604799E-16, 1.387778780781445676E-17 ) ) ;
#1384 = CARTESIAN_POINT ( 'NONE',  ( -1.734723475976807094E-14, -1.734723357380413914E-15, -1.000000000000000444 ) ) ;
#1385 = CARTESIAN_POINT ( 'NONE',  ( -23.28264754843140238, 76.33422374102330821, -0.4999999999999709677 ) ) ;
#1386 = ORIENTED_EDGE ( 'NONE', *, *, #769, .T. ) ;
#1387 = CARTESIAN_POINT ( 'NONE',  ( 8.906157204203534405, 81.31062722032942247, 70.50000000000002842 ) ) ;
#1388 = SURFACE_STYLE_FILL_AREA ( #429 ) ;
#1389 = ADVANCED_FACE ( 'NONE', ( #624 ), #1256, .T. ) ;
#1390 = VECTOR ( 'NONE', #1381, 999.9999999999998863 ) ;
#1391 = AXIS2_PLACEMENT_3D ( 'NONE', #983, #320, #1283 ) ;
#1392 = AXIS2_PLACEMENT_3D ( 'NONE', #1173, #626, #211 ) ;
#1393 = CARTESIAN_POINT ( 'NONE',  ( -21.05974833421206682, 61.88734614849207816, 4.704182410178617602 ) ) ;
#1394 = CARTESIAN_POINT ( 'NONE',  ( -20.00000000000000000, 30.30750847630600830, 0.5806306003280834460 ) ) ;
#1395 = CARTESIAN_POINT ( 'NONE',  ( 0.4848814374033699748, 34.14438923892595312, -0.9584387339368550807 ) ) ;
#1396 = CARTESIAN_POINT ( 'NONE',  ( 48.45520578751709451, 88.21101833437529649, 70.50000000000002842 ) ) ;
#1397 = VERTEX_POINT ( 'NONE', #1186 ) ;
#1398 = CARTESIAN_POINT ( 'NONE',  ( -20.10420393934518302, 63.65939783146051667, 4.458185572730719137 ) ) ;
#1399 = CARTESIAN_POINT ( 'NONE',  ( -20.01065599299704090, 61.73142672940753783, 5.331095885409121493 ) ) ;
#1400 = EDGE_CURVE ( 'NONE', #985, #521, #310, .T. ) ;
#1401 = CARTESIAN_POINT ( 'NONE',  ( -19.73762705832860576, 63.21896466683554650, -4.828520909330882738 ) ) ;
#1402 = FACE_BOUND ( 'NONE', #47, .T. ) ;
#1403 = CARTESIAN_POINT ( 'NONE',  ( -0.8366882598256127901, 49.24999999999999289, 29.73513398164221755 ) ) ;
#1404 = ORIENTED_EDGE ( 'NONE', *, *, #199, .F. ) ;
#1405 = DIRECTION ( 'NONE',  ( 1.000000000000000000, 0.000000000000000000, 0.000000000000000000 ) ) ;
#1406 = CARTESIAN_POINT ( 'NONE',  ( -19.43901252443157190, 32.40127438397305326, 5.500000000000031086 ) ) ;
#1407 = DIRECTION ( 'NONE',  ( 0.08715574274764477380, -0.9961946980917466554, -0.000000000000000000 ) ) ;
ENDSEC;
END-ISO-10303-21;
