ISO-10303-21;
HEADER;
FILE_DESCRIPTION (( 'STEP AP214' ),
    '1' );
FILE_NAME ('NACA4418 0 AoA.STEP',
    '2026-09-23T09:34:29',
    ( '' ),
    ( '' ),
    'SwSTEP 2.0',
    'SolidWorks 2026',
    '' );
FILE_SCHEMA (( 'AUTOMOTIVE_DESIGN' ));
ENDSEC;

DATA;
#1 = AXIS2_PLACEMENT_3D ( 'NONE', #1151, #517, #944 ) ;
#2 = ADVANCED_FACE ( 'NONE', ( #295 ), #278, .F. ) ;
#3 = CARTESIAN_POINT ( 'NONE',  ( -17.68960523405938545, 64.03416344323504461, 4.779709185115907921 ) ) ;
#4 = ORIENTED_EDGE ( 'NONE', *, *, #922, .F. ) ;
#5 = CARTESIAN_POINT ( 'NONE',  ( -42.56612028555027649, 78.62211551786958807, 70.50000000000008527 ) ) ;
#6 = FACE_OUTER_BOUND ( 'NONE', #126, .T. ) ;
#7 = DIRECTION ( 'NONE',  ( 0.000000000000000000, 0.000000000000000000, 1.000000000000000000 ) ) ;
#8 =( GEOMETRIC_REPRESENTATION_CONTEXT ( 3 ) GLOBAL_UNCERTAINTY_ASSIGNED_CONTEXT ( ( #110 ) ) GLOBAL_UNIT_ASSIGNED_CONTEXT ( ( #659, #371, #1178 ) ) REPRESENTATION_CONTEXT ( 'NONE', 'WORKASPACE' ) );
#9 = DIRECTION ( 'NONE',  ( 1.000000000000000000, -3.630701386744606278E-16, 1.387778780781415785E-17 ) ) ;
#10 = CARTESIAN_POINT ( 'NONE',  ( -22.51607581671860103, 95.19142468844474081, -54.49999999999990763 ) ) ;
#11 = CARTESIAN_POINT ( 'NONE',  ( 2.775557561562891351E-14, 33.25000000000001421, 5.500000000000086153 ) ) ;
#12 = CARTESIAN_POINT ( 'NONE',  ( -22.49730017352570854, 77.21206238823860701, -54.49999999999990763 ) ) ;
#13 = CARTESIAN_POINT ( 'NONE',  ( -40.04960619283911427, 90.81744812853416704, -54.49999999999990763 ) ) ;
#14 = ADVANCED_FACE ( 'NONE', ( #1317 ), #1100, .T. ) ;
#15 = CARTESIAN_POINT ( 'NONE',  ( -18.02685856565846478, 62.51862604511759969, 5.330510920846815104 ) ) ;
#16 = CARTESIAN_POINT ( 'NONE',  ( 2.531104017842296550, 94.67379059958665266, -54.49999999999990763 ) ) ;
#17 = EDGE_CURVE ( 'NONE', #143, #177, #490, .T. ) ;
#18 = ORIENTED_EDGE ( 'NONE', *, *, #1028, .F. ) ;
#19 =( BOUNDED_SURFACE ( )  B_SPLINE_SURFACE ( 3, 2, ( 
 ( #235, #137, #40 ),
 ( #541, #950, #747 ),
 ( #844, #1069, #450 ),
 ( #857, #759, #1167 ),
 ( #1253, #1153, #252 ),
 ( #656, #1208, #267 ),
 ( #1004, #277, #395 ),
 ( #83, #883, #662 ),
 ( #367, #974, #595 ),
 ( #582, #1187, #991 ),
 ( #681, #1290, #771 ),
 ( #65, #1073, #670 ),
 ( #100, #1090, #803 ),
 ( #480, #374, #159 ),
 ( #1181, #465, #497 ),
 ( #891, #176, #1298 ) ),
 .UNSPECIFIED., .F., .F., .T. ) 
 B_SPLINE_SURFACE_WITH_KNOTS ( ( 4, 2, 2, 2, 2, 2, 2, 4 ),
 ( 3, 3 ),
 ( 0.004635963571066456165, 0.004902230594476079950, 0.005168497617885703735, 0.005434764641295327520, 0.005701031664704951304, 0.005967298688114575089, 0.006233565711524198874, 0.006766099758343446444 ),
 ( 0.000000000000000000, 1.000000000000000000 ),
 .UNSPECIFIED. ) 
 GEOMETRIC_REPRESENTATION_ITEM ( )  RATIONAL_B_SPLINE_SURFACE ( (
 ( 1.000000000000000000, 0.9354143466934852214, 1.000000000000000000),
 ( 1.000000000000000000, 0.9354098695951672537, 1.000000000000000000),
 ( 1.000000000000000000, 0.9332930661161923380, 1.000000000000000000),
 ( 1.000000000000000000, 0.9252414482835505938, 1.000000000000000000),
 ( 1.000000000000000000, 0.9194819428115703630, 1.000000000000000000),
 ( 1.000000000000000000, 0.9053101983488398563, 1.000000000000000000),
 ( 1.000000000000000000, 0.8971149038921090169, 1.000000000000000000),
 ( 1.000000000000000000, 0.8788298938415878281, 1.000000000000000000),
 ( 1.000000000000000000, 0.8687612797503218021, 1.000000000000000000),
 ( 1.000000000000000000, 0.8476240924214096806, 1.000000000000000000),
 ( 1.000000000000000000, 0.8364572537791048479, 1.000000000000000000),
 ( 1.000000000000000000, 0.8129401750143339100, 1.000000000000000000),
 ( 1.000000000000000000, 0.8005803502266722882, 1.000000000000000000),
 ( 1.000000000000000000, 0.7625924932378467247, 1.000000000000000000),
 ( 1.000000000000000000, 0.7357548725555369540, 1.000000000000000000),
 ( 1.000000000000000000, 0.7071067811865465735, 1.000000000000000000) ) ) 
 REPRESENTATION_ITEM ( '' )  SURFACE ( )  );
#20 = CARTESIAN_POINT ( 'NONE',  ( -16.99999999999997513, 63.77705015088139362, 5.000000000000086153 ) ) ;
#21 = CARTESIAN_POINT ( 'NONE',  ( -36.73440780787871773, 92.20556819007458671, 70.50000000000008527 ) ) ;
#22 =( NAMED_UNIT ( * ) SI_UNIT ( $, .STERADIAN. ) SOLID_ANGLE_UNIT ( ) );
#23 = ORIENTED_EDGE ( 'NONE', *, *, #437, .T. ) ;
#24 = AXIS2_PLACEMENT_3D ( 'NONE', #178, #1085, #1112 ) ;
#25 = CARTESIAN_POINT ( 'NONE',  ( -17.99999999999997513, 64.86372044461720066, 4.166666666666751340 ) ) ;
#26 = CARTESIAN_POINT ( 'NONE',  ( 32.55033206481378016, 89.01508120765731746, 70.50000000000008527 ) ) ;
#27 = AXIS2_PLACEMENT_3D ( 'NONE', #861, #784, #1170 ) ;
#28 = CARTESIAN_POINT ( 'NONE',  ( 0.000000000000000000, 0.000000000000000000, 0.000000000000000000 ) ) ;
#29 = VERTEX_POINT ( 'NONE', #1189 ) ;
#30 = CIRCLE ( 'NONE', #875, 2.500000000000000000 ) ;
#31 = ADVANCED_FACE ( 'NONE', ( #190 ), #1005, .T. ) ;
#32 = ORIENTED_EDGE ( 'NONE', *, *, #73, .T. ) ;
#33 = CARTESIAN_POINT ( 'NONE',  ( -17.50000000000001776, 4.429268965962580379E-15, 2.500000000000007994 ) ) ;
#34 = CARTESIAN_POINT ( 'NONE',  ( 47.49906958775666510, 82.19589383435402397, 70.50000000000008527 ) ) ;
#35 = DIRECTION ( 'NONE',  ( 1.000000000000000000, -3.630701386744604799E-16, 1.387778780781445676E-17 ) ) ;
#36 = VERTEX_POINT ( 'NONE', #101 ) ;
#37 = VERTEX_POINT ( 'NONE', #909 ) ;
#38 = LINE ( 'NONE', #233, #1217 ) ;
#39 = EDGE_CURVE ( 'NONE', #778, #59, #843, .T. ) ;
#40 = CARTESIAN_POINT ( 'NONE',  ( -16.99999999999997513, 63.77705015088139362, -4.999999999999918288 ) ) ;
#41 = LINE ( 'NONE', #958, #462 ) ;
#42 = ORIENTED_EDGE ( 'NONE', *, *, #502, .T. ) ;
#43 = FACE_OUTER_BOUND ( 'NONE', #682, .T. ) ;
#44 = CARTESIAN_POINT ( 'NONE',  ( -19.84426095776699484, 64.66023971196908349, 4.301640521757738256 ) ) ;
#45 = EDGE_CURVE ( 'NONE', #637, #449, #1146, .T. ) ;
#46 = CARTESIAN_POINT ( 'NONE',  ( -9.999999999999985789, 39.25000000000000000, -5.499999999999991118 ) ) ;
#47 = VECTOR ( 'NONE', #580, 1000.000000000000227 ) ;
#48 = EDGE_LOOP ( 'NONE', ( #1038, #250, #474, #236 ) ) ;
#49 = CYLINDRICAL_SURFACE ( 'NONE', #865, 10.00000000000000000 ) ;
#50 = CARTESIAN_POINT ( 'NONE',  ( 2.531104017842296550, 94.67379059958665266, 70.50000000000008527 ) ) ;
#51 = VECTOR ( 'NONE', #611, 1000.000000000000000 ) ;
#52 = AXIS2_PLACEMENT_3D ( 'NONE', #204, #1199, #292 ) ;
#53 = DIRECTION ( 'NONE',  ( 1.000000000000000000, 0.000000000000000000, 1.387778780781415785E-17 ) ) ;
#54 = ORIENTED_EDGE ( 'NONE', *, *, #1249, .T. ) ;
#55 = CARTESIAN_POINT ( 'NONE',  ( -18.56576359496360240, 62.62074422040725352, 5.066802077307870356 ) ) ;
#56 = CARTESIAN_POINT ( 'NONE',  ( -7.479655324454194343, 95.56972833958153046, 70.50000000000008527 ) ) ;
#57 = ORIENTED_EDGE ( 'NONE', *, *, #1018, .T. ) ;
#58 = DIRECTION ( 'NONE',  ( -4.857225732735060481E-17, -7.906425674510506042E-23, -1.000000000000000000 ) ) ;
#59 = VERTEX_POINT ( 'NONE', #548 ) ;
#60 = CARTESIAN_POINT ( 'NONE',  ( 50.83318678258250145, 82.43197619470515747, -54.49999999999990763 ) ) ;
#61 = CARTESIAN_POINT ( 'NONE',  ( 2.775557561562891351E-14, 33.25000000000001421, -2.499999999999920508 ) ) ;
#62 = ORIENTED_EDGE ( 'NONE', *, *, #502, .F. ) ;
#63 = CARTESIAN_POINT ( 'NONE',  ( -9.999999999999987566, 33.25000000000000000, 8.239927637081424682E-15 ) ) ;
#64 = VECTOR ( 'NONE', #439, 1000.000000000000000 ) ;
#65 = CARTESIAN_POINT ( 'NONE',  ( -19.75279947573866934, 63.18876153508336557, -3.704886809864981423 ) ) ;
#66 = VECTOR ( 'NONE', #1313, 1000.000000000000000 ) ;
#67 = CARTESIAN_POINT ( 'NONE',  ( -9.999999999999987566, 33.25000000000000000, 8.239927637081424682E-15 ) ) ;
#68 = EDGE_LOOP ( 'NONE', ( #339, #245 ) ) ;
#69 = CARTESIAN_POINT ( 'NONE',  ( 47.49906958775666510, 82.19589383435402397, -54.49999999999990763 ) ) ;
#70 = CARTESIAN_POINT ( 'NONE',  ( -14.33251680028188524, 77.64970308267471921, -2.499999999999917399 ) ) ;
#71 = CARTESIAN_POINT ( 'NONE',  ( -17.61153952907210396, 63.97644563871897105, 4.828520909330361377 ) ) ;
#72 = VECTOR ( 'NONE', #112, 1000.000000000000000 ) ;
#73 = EDGE_CURVE ( 'NONE', #660, #968, #1177, .T. ) ;
#74 = DIRECTION ( 'NONE',  ( -0.000000000000000000, -0.8333333333333330373, -0.5527707983925669311 ) ) ;
#75 = ORIENTED_EDGE ( 'NONE', *, *, #971, .T. ) ;
#76 = ORIENTED_EDGE ( 'NONE', *, *, #1254, .F. ) ;
#77 = CARTESIAN_POINT ( 'NONE',  ( -17.50000000000000000, 6.353727624463703600E-15, 8.135853102331225273E-15 ) ) ;
#78 = CARTESIAN_POINT ( 'NONE',  ( 50.83605464191938239, 83.50484591452269001, 70.50000000000008527 ) ) ;
#79 = CARTESIAN_POINT ( 'NONE',  ( -19.81500559677047235, 63.25829683724247587, 3.549468065414486784 ) ) ;
#80 = B_SPLINE_CURVE_WITH_KNOTS ( 'NONE', 3,
 ( #1093, #78, #1295, #179, #965, #377, #1191, #50, #56, #454, #447, #605, #598, #800, #312, #291, #1223, #1119, #1320, #1102, #501, #905, #924, #1205, #95, #203, #793, #714, #709, #298, #1010, #1115, #493, #410, #701, #513, #194 ),
 .UNSPECIFIED., .F., .F.,
 ( 4, 1, 1, 1, 1, 1, 1, 1, 1, 1, 1, 1, 1, 1, 1, 1, 1, 1, 1, 1, 1, 1, 1, 1, 1, 1, 1, 1, 1, 1, 1, 1, 1, 1, 4 ),
 ( 0.000000000000000000, 0.02536508872464449810, 0.05053612755872174955, 0.1003618701347641917, 0.1496783382512865135, 0.1985585996384787444, 0.2470636409939346301, 0.2952667862627077477, 0.3432976001428697521, 0.3673747411682081188, 0.3916107887708328850, 0.4161594968373788506, 0.4413019252272763482, 0.4543254831295238660, 0.4678815906748556852, 0.4825385968735472764, 0.4909952784889383692, 0.5100263542411189732, 0.5218055463173286723, 0.5291478474586019942, 0.5422089031537518089, 0.5545686619652151483, 0.5667213781472770773, 0.5908249965976484219, 0.6148423246242851192, 0.6388596526509219276, 0.6629000217420070173, 0.7110052231000469902, 0.7591460896194277552, 0.8073219245187539528, 0.8555015182051326494, 0.9036773531044588470, 0.9518386289141608225, 0.9759228589746615778, 1.000000000000000000 ),
 .UNSPECIFIED. ) ;
#81 = VERTEX_POINT ( 'NONE', #1155 ) ;
#82 = DIRECTION ( 'NONE',  ( -0.000000000000000000, -0.000000000000000000, 1.000000000000000000 ) ) ;
#83 = CARTESIAN_POINT ( 'NONE',  ( -19.14488151782387604, 62.80440093982117844, -4.607712085240192934 ) ) ;
#84 = EDGE_LOOP ( 'NONE', ( #834, #1063, #1007, #743, #328, #916 ) ) ;
#85 = CARTESIAN_POINT ( 'NONE',  ( -44.71432481699435613, 88.05395587217280706, -54.49999999999990763 ) ) ;
#86 = ORIENTED_EDGE ( 'NONE', *, *, #1292, .F. ) ;
#87 = DIRECTION ( 'NONE',  ( -0.9963466490417509647, 3.509412972688475853E-16, -0.08540114134643517207 ) ) ;
#88 = CARTESIAN_POINT ( 'NONE',  ( -9.841977309562400578, 1.731897710729035684E-15, -1.843598055105342803 ) ) ;
#89 = LINE ( 'NONE', #801, #1129 ) ;
#90 = DIRECTION ( 'NONE',  ( 0.000000000000000000, -1.000000000000000000, 0.000000000000000000 ) ) ;
#91 = CARTESIAN_POINT ( 'NONE',  ( -17.99999999999997513, 59.25000000000002842, 0.5000000000000862643 ) ) ;
#92 = CIRCLE ( 'NONE', #24, 10.00000000000000000 ) ;
#93 = ADVANCED_FACE ( 'NONE', ( #638 ), #49, .F. ) ;
#94 = LINE ( 'NONE', #304, #1107 ) ;
#95 = CARTESIAN_POINT ( 'NONE',  ( -32.50812871773886314, 77.18008039652791297, 70.50000000000008527 ) ) ;
#96 = DIRECTION ( 'NONE',  ( 0.000000000000000000, 0.000000000000000000, 1.000000000000000000 ) ) ;
#97 = CARTESIAN_POINT ( 'NONE',  ( -19.99999999999996803, 33.25000000000001421, -2.499999999999922284 ) ) ;
#98 = AXIS2_PLACEMENT_3D ( 'NONE', #986, #461, #255 ) ;
#99 = VECTOR ( 'NONE', #1081, 1000.000000000000000 ) ;
#100 = CARTESIAN_POINT ( 'NONE',  ( -19.81500559677054696, 63.25829683724247587, -3.549468065414100426 ) ) ;
#101 = CARTESIAN_POINT ( 'NONE',  ( -19.99999999999996803, 77.35076608639424478, -0.4999999999999154565 ) ) ;
#102 = ORIENTED_EDGE ( 'NONE', *, *, #772, .T. ) ;
#103 = LINE ( 'NONE', #799, #1276 ) ;
#104 = DIRECTION ( 'NONE',  ( 0.000000000000000000, -0.000000000000000000, 1.000000000000000000 ) ) ;
#105 = FACE_OUTER_BOUND ( 'NONE', #549, .T. ) ;
#106 = LINE ( 'NONE', #181, #615 ) ;
#107 = CARTESIAN_POINT ( 'NONE',  ( 2.775557561562891351E-14, 59.25000000000002842, -2.499999999999913847 ) ) ;
#108 = VERTEX_POINT ( 'NONE', #242 ) ;
#109 = CARTESIAN_POINT ( 'NONE',  ( -46.82141254377091144, 86.07493828514583356, 70.50000000000008527 ) ) ;
#110 = UNCERTAINTY_MEASURE_WITH_UNIT (LENGTH_MEASURE( 1.000000000000000082E-05 ), #659, 'distance_accuracy_value', 'NONE');
#111 = DIRECTION ( 'NONE',  ( 0.000000000000000000, 0.000000000000000000, -1.000000000000000000 ) ) ;
#112 = DIRECTION ( 'NONE',  ( -0.000000000000000000, 1.000000000000000000, -0.000000000000000000 ) ) ;
#113 = VECTOR ( 'NONE', #973, 1000.000000000000000 ) ;
#114 = CARTESIAN_POINT ( 'NONE',  ( -18.22763451057751993, 63.43115351986138251, 5.289325524356949693 ) ) ;
#115 = CARTESIAN_POINT ( 'NONE',  ( 47.52089356444172097, 84.65014001454694892, 70.50000000000008527 ) ) ;
#116 = CARTESIAN_POINT ( 'NONE',  ( 2.775557561562891351E-14, 59.25000000000002842, -2.499999999999913847 ) ) ;
#117 = CARTESIAN_POINT ( 'NONE',  ( -19.99999999999997158, 49.25000000000000000, 2.500000000000086153 ) ) ;
#118 = EDGE_CURVE ( 'NONE', #355, #270, #362, .T. ) ;
#119 = LINE ( 'NONE', #107, #1045 ) ;
#120 = EDGE_CURVE ( 'NONE', #29, #81, #1025, .T. ) ;
#121 = CARTESIAN_POINT ( 'NONE',  ( 40.87281536315073538, 86.73119495998199113, -54.49999999999990763 ) ) ;
#122 = VECTOR ( 'NONE', #1185, 1000.000000000000000 ) ;
#123 = LINE ( 'NONE', #325, #333 ) ;
#124 = CARTESIAN_POINT ( 'NONE',  ( -18.65906957227599605, 62.64298069089487342, 5.010289011252021751 ) ) ;
#125 = CARTESIAN_POINT ( 'NONE',  ( 12.53866438045674769, 93.25353884684801642, 70.50000000000008527 ) ) ;
#126 = EDGE_LOOP ( 'NONE', ( #763, #1164, #833, #1096 ) ) ;
#127 = ORIENTED_EDGE ( 'NONE', *, *, #479, .T. ) ;
#128 = DIRECTION ( 'NONE',  ( -3.630704165854387192E-16, -1.000000000000000000, 2.668814559449603746E-22 ) ) ;
#129 = CARTESIAN_POINT ( 'NONE',  ( -19.99999999999997158, 63.75817884783207035, -2.499999999999920508 ) ) ;
#130 = DIRECTION ( 'NONE',  ( 1.000000000000000000, 0.000000000000000000, 0.000000000000000000 ) ) ;
#131 = ORIENTED_EDGE ( 'NONE', *, *, #873, .T. ) ;
#132 = CARTESIAN_POINT ( 'NONE',  ( 40.83436004407698050, 81.67628698923304853, 70.50000000000008527 ) ) ;
#133 = ORIENTED_EDGE ( 'NONE', *, *, #614, .T. ) ;
#134 = AXIS2_PLACEMENT_3D ( 'NONE', #406, #284, #1296 ) ;
#135 = ORIENTED_EDGE ( 'NONE', *, *, #836, .F. ) ;
#136 = CARTESIAN_POINT ( 'NONE',  ( -19.99999999999997513, 63.75817884783207035, 2.500000000000091482 ) ) ;
#137 = CARTESIAN_POINT ( 'NONE',  ( -16.99999999999997513, 63.21010344136755776, -5.499999999999919176 ) ) ;
#138 = CARTESIAN_POINT ( 'NONE',  ( -17.68960523405939256, 64.03416344323504461, -4.779709185115739167 ) ) ;
#139 = ORIENTED_EDGE ( 'NONE', *, *, #228, .T. ) ;
#140 = DIRECTION ( 'NONE',  ( 2.779109781899464598E-22, 1.000000000000000000, -2.668814559499989665E-22 ) ) ;
#141 = CARTESIAN_POINT ( 'NONE',  ( 52.50000000000004974, 82.55000000000002558, -54.49999999999990763 ) ) ;
#142 = EDGE_CURVE ( 'NONE', #968, #504, #1197, .T. ) ;
#143 = VERTEX_POINT ( 'NONE', #1074 ) ;
#144 = CARTESIAN_POINT ( 'NONE',  ( 52.50000000000004974, 82.55000000000002558, 70.50000000000008527 ) ) ;
#145 = EDGE_CURVE ( 'NONE', #59, #778, #1059, .T. ) ;
#146 = AXIS2_PLACEMENT_3D ( 'NONE', #257, #140, #53 ) ;
#147 =( BOUNDED_SURFACE ( )  B_SPLINE_SURFACE ( 3, 2, ( 
 ( #915, #423, #724 ),
 ( #503, #1126, #216 ),
 ( #205, #407, #519 ),
 ( #607, #1019, #15 ),
 ( #617, #1030, #816 ),
 ( #1220, #114, #124 ),
 ( #71, #979, #949 ),
 ( #578, #470, #264 ),
 ( #330, #987, #880 ),
 ( #569, #1141, #737 ),
 ( #835, #1078, #1287 ),
 ( #1136, #668, #1244 ),
 ( #1240, #1041, #79 ),
 ( #540, #1152, #341 ),
 ( #732, #44, #945 ),
 ( #1252, #443, #136 ) ),
 .UNSPECIFIED., .F., .F., .T. ) 
 B_SPLINE_SURFACE_WITH_KNOTS ( ( 4, 2, 2, 2, 2, 2, 2, 4 ),
 ( 3, 3 ),
 ( 0.004635963571066486523, 0.004902230594476111175, 0.005168497617885736695, 0.005434764641295361347, 0.005701031664704985999, 0.005967298688114611518, 0.006233565711524236171, 0.006766099758343486342 ),
 ( 0.000000000000000000, 1.000000000000000000 ),
 .UNSPECIFIED. ) 
 GEOMETRIC_REPRESENTATION_ITEM ( )  RATIONAL_B_SPLINE_SURFACE ( (
 ( 1.000000000000000000, 0.9354143466934852214, 1.000000000000000000),
 ( 1.000000000000000000, 0.9354098695951768017, 1.000000000000000000),
 ( 1.000000000000000000, 0.9332930661161822350, 1.000000000000000000),
 ( 1.000000000000000000, 0.9252414482835602527, 1.000000000000000000),
 ( 1.000000000000000000, 0.9194819428115214022, 1.000000000000000000),
 ( 1.000000000000000000, 0.9053101983488897053, 1.000000000000000000),
 ( 1.000000000000000000, 0.8971149038920304131, 1.000000000000000000),
 ( 1.000000000000000000, 0.8788298938416666539, 1.000000000000000000),
 ( 1.000000000000000000, 0.8687612797503573292, 1.000000000000000000),
 ( 1.000000000000000000, 0.8476240924213765959, 1.000000000000000000),
 ( 1.000000000000000000, 0.8364572537790915252, 1.000000000000000000),
 ( 1.000000000000000000, 0.8129401750143498973, 1.000000000000000000),
 ( 1.000000000000000000, 0.8005803502266839455, 1.000000000000000000),
 ( 1.000000000000000000, 0.7625924932378289611, 1.000000000000000000),
 ( 1.000000000000000000, 0.7357548725555504987, 1.000000000000000000),
 ( 1.000000000000000000, 0.7071067811865480168, 1.000000000000000000) ) ) 
 REPRESENTATION_ITEM ( '' )  SURFACE ( )  );
#148 = ORIENTED_EDGE ( 'NONE', *, *, #1076, .T. ) ;
#149 = CARTESIAN_POINT ( 'NONE',  ( -8.330481429501325863, 77.97037435468040201, -2.499999999999917399 ) ) ;
#150 = VECTOR ( 'NONE', #473, 1000.000000000000000 ) ;
#151 = VERTEX_POINT ( 'NONE', #741 ) ;
#152 = EDGE_LOOP ( 'NONE', ( #131, #334, #414, #1275, #1179 ) ) ;
#153 = PLANE ( 'NONE',  #505 ) ;
#154 = CARTESIAN_POINT ( 'NONE',  ( 32.49791733571333197, 81.08413762144003556, 70.50000000000008527 ) ) ;
#155 = CARTESIAN_POINT ( 'NONE',  ( 2.503955146083383543, 78.70092722556303499, -54.49999999999990763 ) ) ;
#156 = CARTESIAN_POINT ( 'NONE',  ( 2.775557561562891351E-14, 49.24999999999998579, -2.499999999999920508 ) ) ;
#157 = EDGE_LOOP ( 'NONE', ( #1250, #858, #554, #133 ) ) ;
#158 = DIRECTION ( 'NONE',  ( -4.829470157119430951E-13, 0.000000000000000000, 1.000000000000000000 ) ) ;
#159 = CARTESIAN_POINT ( 'NONE',  ( -17.98619435563879421, 64.62204681650588611, -4.330848446400399787 ) ) ;
#160 = CARTESIAN_POINT ( 'NONE',  ( 50.83605464191938239, 83.50484591452269001, -54.49999999999990763 ) ) ;
#161 = DIRECTION ( 'NONE',  ( 0.000000000000000000, 0.000000000000000000, -1.000000000000000000 ) ) ;
#162 = LINE ( 'NONE', #978, #494 ) ;
#163 = EDGE_CURVE ( 'NONE', #1138, #1039, #41, .T. ) ;
#164 = ORIENTED_EDGE ( 'NONE', *, *, #733, .T. ) ;
#165 = DIRECTION ( 'NONE',  ( 1.685329016848847677E-15, -0.8333333333333333703, 0.5527707983925665980 ) ) ;
#166 = CARTESIAN_POINT ( 'NONE',  ( -16.99999999999997513, 33.25000000000001421, 2.500000000000086153 ) ) ;
#167 = ORIENTED_EDGE ( 'NONE', *, *, #1143, .F. ) ;
#168 = CARTESIAN_POINT ( 'NONE',  ( -46.55419453415900932, 80.72659557116496387, -54.49999999999990763 ) ) ;
#169 = CARTESIAN_POINT ( 'NONE',  ( -19.59777429641639657, 77.37032325856053205, -1.730913744535909515 ) ) ;
#170 = CARTESIAN_POINT ( 'NONE',  ( -17.83333139918673993, 77.46214253415568862, -2.499999999999917399 ) ) ;
#171 = DIRECTION ( 'NONE',  ( 1.000000000000000000, 0.000000000000000000, -0.000000000000000000 ) ) ;
#172 = ORIENTED_EDGE ( 'NONE', *, *, #453, .T. ) ;
#173 = EDGE_CURVE ( 'NONE', #289, #847, #94, .T. ) ;
#174 = LINE ( 'NONE', #688, #47 ) ;
#175 = VECTOR ( 'NONE', #1226, 1000.000000000000000 ) ;
#176 = CARTESIAN_POINT ( 'NONE',  ( -19.99999999999998224, 64.86372044461721487, -4.166666666666582586 ) ) ;
#177 = VERTEX_POINT ( 'NONE', #297 ) ;
#178 = CARTESIAN_POINT ( 'NONE',  ( 2.775557561562891351E-14, 70.39142842854288062, -12.49999999999991651 ) ) ;
#179 = CARTESIAN_POINT ( 'NONE',  ( 40.87281536315073538, 86.73119495998199113, 70.50000000000008527 ) ) ;
#180 = CARTESIAN_POINT ( 'NONE',  ( -18.56576359496359885, 62.62074422040723931, -5.066802077307702490 ) ) ;
#181 = CARTESIAN_POINT ( 'NONE',  ( -5.204170427930421283E-15, 33.24999999999999289, 8.378705515159567672E-15 ) ) ;
#182 = EDGE_CURVE ( 'NONE', #851, #221, #320, .T. ) ;
#183 = DIRECTION ( 'NONE',  ( -2.779109781899464598E-22, -1.000000000000000000, 2.668814559499989665E-22 ) ) ;
#184 = CARTESIAN_POINT ( 'NONE',  ( -27.53203267366174600, 94.51801322551889939, -54.49999999999990763 ) ) ;
#185 = EDGE_LOOP ( 'NONE', ( #903, #740 ) ) ;
#186 = PLANE ( 'NONE',  #529 ) ;
#187 = CYLINDRICAL_SURFACE ( 'NONE', #1133, 2.000000000000000000 ) ;
#188 = FACE_OUTER_BOUND ( 'NONE', #157, .T. ) ;
#189 = CARTESIAN_POINT ( 'NONE',  ( 2.775557561562891351E-14, 33.25000000000001421, -5.499999999999920064 ) ) ;
#190 = FACE_OUTER_BOUND ( 'NONE', #1259, .T. ) ;
#191 = CARTESIAN_POINT ( 'NONE',  ( -9.841977309562398801, 1.731898002254456753E-15, 1.843598055105351685 ) ) ;
#192 = VECTOR ( 'NONE', #993, 1000.000000000000000 ) ;
#193 = UNCERTAINTY_MEASURE_WITH_UNIT (LENGTH_MEASURE( 1.000000000000000082E-05 ), #524, 'distance_accuracy_value', 'NONE');
#194 = CARTESIAN_POINT ( 'NONE',  ( 52.50000000000004974, 82.55000000000002558, 70.50000000000008527 ) ) ;
#195 = CARTESIAN_POINT ( 'NONE',  ( -18.01317698001576062, 62.51836427183471301, -5.331095885409012247 ) ) ;
#196 = VECTOR ( 'NONE', #90, 1000.000000000000000 ) ;
#197 = FILL_AREA_STYLE_COLOUR ( '', #1280 ) ;
#198 = AXIS2_PLACEMENT_3D ( 'NONE', #689, #74, #1104 ) ;
#199 = PLANE ( 'NONE',  #345 ) ;
#200 = ORIENTED_EDGE ( 'NONE', *, *, #1249, .F. ) ;
#201 = DIRECTION ( 'NONE',  ( -0.000000000000000000, -0.000000000000000000, 1.000000000000000000 ) ) ;
#202 = APPLICATION_CONTEXT ( 'automotive_design' ) ;
#203 = CARTESIAN_POINT ( 'NONE',  ( -27.49974071452236757, 77.17196993340932920, 70.50000000000008527 ) ) ;
#204 = CARTESIAN_POINT ( 'NONE',  ( -16.99999999999997513, 82.74000000000002331, -2.499999999999920508 ) ) ;
#205 = CARTESIAN_POINT ( 'NONE',  ( -17.17659209544098076, 63.78833180864469909, 4.990012714125075632 ) ) ;
#206 = CARTESIAN_POINT ( 'NONE',  ( -36.68203589442436652, 77.53847531502744062, 70.50000000000008527 ) ) ;
#207 = EDGE_CURVE ( 'NONE', #851, #1202, #1183, .T. ) ;
#208 = LINE ( 'NONE', #912, #231 ) ;
#209 = EDGE_CURVE ( 'NONE', #471, #1014, #1163, .T. ) ;
#210 = EDGE_CURVE ( 'NONE', #1050, #1071, #1000, .T. ) ;
#211 = CARTESIAN_POINT ( 'NONE',  ( 0.000000000000000000, 0.000000000000000000, -2.499999999999991562 ) ) ;
#212 = ADVANCED_FACE ( 'NONE', ( #1319 ), #1101, .F. ) ;
#213 = CARTESIAN_POINT ( 'NONE',  ( -32.50812871773886314, 77.18008039652791297, 70.50000000000008527 ) ) ;
#214 = VECTOR ( 'NONE', #787, 1000.000000000000000 ) ;
#215 = CARTESIAN_POINT ( 'NONE',  ( -19.00689058734940673, 77.40022076693031750, 2.247539515482815276 ) ) ;
#216 = CARTESIAN_POINT ( 'NONE',  ( -17.26842752273037362, 62.45417452461039431, 5.500000000000086153 ) ) ;
#217 = CARTESIAN_POINT ( 'NONE',  ( 52.50000000000004974, 82.93000000000002103, -54.49999999999990763 ) ) ;
#218 = AXIS2_PLACEMENT_3D ( 'NONE', #509, #919, #7 ) ;
#219 = ORIENTED_EDGE ( 'NONE', *, *, #794, .F. ) ;
#220 = EDGE_CURVE ( 'NONE', #322, #782, #376, .T. ) ;
#221 = VERTEX_POINT ( 'NONE', #783 ) ;
#222 = DIRECTION ( 'NONE',  ( 1.000000000000000000, 2.168404344971010594E-16, 0.000000000000000000 ) ) ;
#223 = CARTESIAN_POINT ( 'NONE',  ( 2.775557561562891351E-14, 59.25000000000002842, 2.500000000000086153 ) ) ;
#224 = DIRECTION ( 'NONE',  ( 0.000000000000000000, 0.000000000000000000, 1.000000000000000000 ) ) ;
#225 = AXIS2_PLACEMENT_3D ( 'NONE', #533, #222, #238 ) ;
#226 = ORIENTED_EDGE ( 'NONE', *, *, #314, .T. ) ;
#227 = CARTESIAN_POINT ( 'NONE',  ( -15.84286170191646903, 95.66271634681729097, -54.49999999999990763 ) ) ;
#228 = EDGE_CURVE ( 'NONE', #81, #270, #230, .T. ) ;
#229 = ORIENTED_EDGE ( 'NONE', *, *, #707, .F. ) ;
#230 = CIRCLE ( 'NONE', #593, 10.00000000000000000 ) ;
#231 = VECTOR ( 'NONE', #1108, 1000.000000000000000 ) ;
#232 = ORIENTED_EDGE ( 'NONE', *, *, #1292, .T. ) ;
#233 = CARTESIAN_POINT ( 'NONE',  ( 0.000000000000000000, 49.24999999999999289, -2.499999999999991562 ) ) ;
#234 = STYLED_ITEM ( 'NONE', ( #1194 ), #1057 ) ;
#235 = CARTESIAN_POINT ( 'NONE',  ( -16.99999999999997513, 62.45417449534909338, -5.499999999999920064 ) ) ;
#236 = ORIENTED_EDGE ( 'NONE', *, *, #1018, .F. ) ;
#237 = EDGE_LOOP ( 'NONE', ( #786, #23, #127, #789 ) ) ;
#238 = DIRECTION ( 'NONE',  ( -2.168404344971010594E-16, 1.000000000000000000, 0.000000000000000000 ) ) ;
#239 = CYLINDRICAL_SURFACE ( 'NONE', #518, 10.00000000000000000 ) ;
#240 = CARTESIAN_POINT ( 'NONE',  ( 50.83318678258250145, 82.43197619470515747, -54.49999999999990763 ) ) ;
#241 = ORIENTED_EDGE ( 'NONE', *, *, #259, .F. ) ;
#242 = CARTESIAN_POINT ( 'NONE',  ( -19.99999999999997158, 70.39142842854288062, -0.4999999999999154565 ) ) ;
#243 = EDGE_CURVE ( 'NONE', #526, #355, #92, .T. ) ;
#244 = ADVANCED_FACE ( 'NONE', ( #583 ), #186, .T. ) ;
#245 = ORIENTED_EDGE ( 'NONE', *, *, #17, .T. ) ;
#246 = DIRECTION ( 'NONE',  ( 0.000000000000000000, 0.000000000000000000, -1.000000000000000000 ) ) ;
#247 = ORIENTED_EDGE ( 'NONE', *, *, #542, .F. ) ;
#248 = CARTESIAN_POINT ( 'NONE',  ( -17.81607374512082131, 62.49430710288712021, 5.394218893631660627 ) ) ;
#249 = FACE_OUTER_BOUND ( 'NONE', #84, .T. ) ;
#250 = ORIENTED_EDGE ( 'NONE', *, *, #1125, .F. ) ;
#251 = DIRECTION ( 'NONE',  ( -0.000000000000000000, -1.000000000000000000, -0.000000000000000000 ) ) ;
#252 = CARTESIAN_POINT ( 'NONE',  ( -17.41748726852948437, 63.86098239017344724, -4.926651735515588548 ) ) ;
#253 = VECTOR ( 'NONE', #755, 1000.000000000000000 ) ;
#254 = CARTESIAN_POINT ( 'NONE',  ( -19.04468793536371862, 62.76512479266575895, 4.704182410178674445 ) ) ;
#255 = DIRECTION ( 'NONE',  ( -1.000000000000000000, 0.000000000000000000, -0.000000000000000000 ) ) ;
#256 = ORIENTED_EDGE ( 'NONE', *, *, #1114, .T. ) ;
#257 = CARTESIAN_POINT ( 'NONE',  ( -17.50000000000000000, 7.261402971149854973E-15, 8.135853102331225273E-15 ) ) ;
#258 = CARTESIAN_POINT ( 'NONE',  ( -17.99999999999997513, 70.39142842854288062, 0.5000000000000862643 ) ) ;
#259 = EDGE_CURVE ( 'NONE', #790, #36, #631, .T. ) ;
#260 = CARTESIAN_POINT ( 'NONE',  ( -36.73440780787871773, 92.20556819007458671, -54.49999999999990763 ) ) ;
#261 = ORIENTED_EDGE ( 'NONE', *, *, #228, .F. ) ;
#262 = CARTESIAN_POINT ( 'NONE',  ( -18.38717438044431418, 62.58140125318088565, 5.167841588897944760 ) ) ;
#263 = LINE ( 'NONE', #350, #253 ) ;
#264 = CARTESIAN_POINT ( 'NONE',  ( -19.14488151782267167, 62.80440093982056737, 4.607712085241429278 ) ) ;
#265 = ORIENTED_EDGE ( 'NONE', *, *, #243, .T. ) ;
#266 = CARTESIAN_POINT ( 'NONE',  ( -19.99999999999997158, 70.39142842854288062, 0.5000000000000862643 ) ) ;
#267 = CARTESIAN_POINT ( 'NONE',  ( -17.55302319995072224, 63.93438864626453721, -4.863969182533440794 ) ) ;
#268 = AXIS2_PLACEMENT_3D ( 'NONE', #63, #276, #58 ) ;
#269 = CARTESIAN_POINT ( 'NONE',  ( -32.55680431060481794, 93.46081524236788596, -54.49999999999990763 ) ) ;
#270 = VERTEX_POINT ( 'NONE', #1286 ) ;
#271 = DIRECTION ( 'NONE',  ( -1.000000000000000000, 0.000000000000000000, -0.000000000000000000 ) ) ;
#272 = EDGE_CURVE ( 'NONE', #355, #804, #103, .T. ) ;
#273 = DIRECTION ( 'NONE',  ( 0.9963466490417508536, -3.509413107732030515E-16, -0.08540114134643618515 ) ) ;
#274 = CARTESIAN_POINT ( 'NONE',  ( -17.99999999999997513, 64.86372044461720066, 4.166666666666751340 ) ) ;
#275 = ORIENTED_EDGE ( 'NONE', *, *, #941, .T. ) ;
#276 = DIRECTION ( 'NONE',  ( 3.522283948605836748E-16, 1.000000000000000000, -7.906425676221359311E-23 ) ) ;
#277 = CARTESIAN_POINT ( 'NONE',  ( -18.37116853467468047, 63.49106499107861623, -5.234134625590426637 ) ) ;
#278 = PLANE ( 'NONE',  #301 ) ;
#279 = CARTESIAN_POINT ( 'NONE',  ( 2.531104017842296550, 94.67379059958665266, -54.49999999999990763 ) ) ;
#280 = ORIENTED_EDGE ( 'NONE', *, *, #39, .T. ) ;
#281 = DIRECTION ( 'NONE',  ( 4.857225732735061097E-17, 7.906425674510506042E-23, 1.000000000000000000 ) ) ;
#282 = DIRECTION ( 'NONE',  ( 0.000000000000000000, 0.000000000000000000, 1.000000000000000000 ) ) ;
#283 = ADVANCED_FACE ( 'NONE', ( #700 ), #370, .T. ) ;
#284 = DIRECTION ( 'NONE',  ( -1.000000000000000000, -0.000000000000000000, -0.000000000000000000 ) ) ;
#285 = ORIENTED_EDGE ( 'NONE', *, *, #118, .T. ) ;
#286 = CARTESIAN_POINT ( 'NONE',  ( 2.775557561562891351E-14, 33.25000000000001421, 2.500000000000086153 ) ) ;
#287 = DIRECTION ( 'NONE',  ( -1.000000000000000000, 0.000000000000000000, -0.000000000000000000 ) ) ;
#288 = EDGE_LOOP ( 'NONE', ( #830, #438, #1243, #1139 ) ) ;
#289 = VERTEX_POINT ( 'NONE', #985 ) ;
#290 = DIRECTION ( 'NONE',  ( 0.9963466490417508536, -3.509413107732030515E-16, -0.08540114134643618515 ) ) ;
#291 = CARTESIAN_POINT ( 'NONE',  ( -42.59274742064154395, 89.50562454765211839, 70.50000000000008527 ) ) ;
#292 = DIRECTION ( 'NONE',  ( 0.000000000000000000, 0.000000000000000000, 1.000000000000000000 ) ) ;
#293 = LINE ( 'NONE', #989, #1306 ) ;
#294 = LINE ( 'NONE', #697, #99 ) ;
#295 = FACE_OUTER_BOUND ( 'NONE', #855, .T. ) ;
#296 = CIRCLE ( 'NONE', #1035, 3.000000000000000000 ) ;
#297 = CARTESIAN_POINT ( 'NONE',  ( 52.50000000000004974, 82.93000000000002103, 70.50000000000008527 ) ) ;
#298 = CARTESIAN_POINT ( 'NONE',  ( 2.503955146083383543, 78.70092722556303499, 70.50000000000008527 ) ) ;
#299 = B_SPLINE_CURVE_WITH_KNOTS ( 'NONE', 3,
 ( #25, #729, #1023, #511, #705, #3, #401, #1013, #1034, #20 ),
 .UNSPECIFIED., .F., .F.,
 ( 4, 2, 2, 2, 4 ),
 ( 0.000000000000000000, 0.0004678355512128940094, 0.0009356711024257880187, 0.001403506653638681920, 0.001871342204851576037 ),
 .UNSPECIFIED. ) ;
#300 = CARTESIAN_POINT ( 'NONE',  ( -19.99999999999997158, 70.39142842854288062, 12.50000000000008704 ) ) ;
#301 = AXIS2_PLACEMENT_3D ( 'NONE', #67, #997, #1299 ) ;
#302 = LINE ( 'NONE', #286, #846 ) ;
#303 = CARTESIAN_POINT ( 'NONE',  ( 2.775557561562891351E-14, 78.53771764494315732, 2.500000000000086153 ) ) ;
#304 = CARTESIAN_POINT ( 'NONE',  ( -19.99999999999996803, 33.25000000000001421, -28.11249694973128399 ) ) ;
#305 = PRODUCT_DEFINITION_CONTEXT ( 'detailed design', #812, 'design' ) ;
#306 = DIRECTION ( 'NONE',  ( 1.000000000000000000, 0.000000000000000000, 0.000000000000000000 ) ) ;
#307 = LINE ( 'NONE', #606, #72 ) ;
#308 = CIRCLE ( 'NONE', #926, 2.500000000000000444 ) ;
#309 = LINE ( 'NONE', #824, #600 ) ;
#310 = DIRECTION ( 'NONE',  ( 0.000000000000000000, 0.000000000000000000, -1.000000000000000000 ) ) ;
#311 = ADVANCED_FACE ( 'NONE', ( #530 ), #719, .T. ) ;
#312 = CARTESIAN_POINT ( 'NONE',  ( -40.04960619283911427, 90.81744812853416704, 70.50000000000008527 ) ) ;
#313 = CARTESIAN_POINT ( 'NONE',  ( -9.999999999999985789, 39.25000000000000000, 5.500000000000006217 ) ) ;
#314 = EDGE_CURVE ( 'NONE', #36, #948, #1228, .T. ) ;
#315 = DIRECTION ( 'NONE',  ( -0.000000000000000000, -1.000000000000000000, -0.000000000000000000 ) ) ;
#316 = CARTESIAN_POINT ( 'NONE',  ( 50.83605464191938239, 83.50484591452269001, -54.49999999999990763 ) ) ;
#317 = LINE ( 'NONE', #1124, #192 ) ;
#318 = CARTESIAN_POINT ( 'NONE',  ( -19.99999999999996803, 59.25000000000001421, -2.499999999999920508 ) ) ;
#319 = DIRECTION ( 'NONE',  ( 2.779109781899464598E-22, 1.000000000000000000, -2.668814559499989665E-22 ) ) ;
#320 = CIRCLE ( 'NONE', #487, 2.500000000000000444 ) ;
#321 = CARTESIAN_POINT ( 'NONE',  ( 22.54458865540023993, 91.35364763525041099, -54.49999999999990763 ) ) ;
#322 = VERTEX_POINT ( 'NONE', #129 ) ;
#323 = EDGE_CURVE ( 'NONE', #1047, #999, #734, .T. ) ;
#324 = CIRCLE ( 'NONE', #1235, 2.500000000000000000 ) ;
#325 = CARTESIAN_POINT ( 'NONE',  ( 52.50000000000004974, 82.55000000000002558, 70.50000000000008527 ) ) ;
#326 = CARTESIAN_POINT ( 'NONE',  ( -16.99999999999997513, 62.45417449534909338, -5.499999999999920064 ) ) ;
#327 = CARTESIAN_POINT ( 'NONE',  ( -48.13970055519141056, 83.15213101239305615, 70.50000000000008527 ) ) ;
#328 = ORIENTED_EDGE ( 'NONE', *, *, #873, .F. ) ;
#329 = ORIENTED_EDGE ( 'NONE', *, *, #432, .F. ) ;
#330 = CARTESIAN_POINT ( 'NONE',  ( -17.75938972254843407, 64.11918602126938538, 4.711330275018890568 ) ) ;
#331 = CARTESIAN_POINT ( 'NONE',  ( -42.59274742064154395, 89.50562454765211839, 70.50000000000008527 ) ) ;
#332 = SHAPE_DEFINITION_REPRESENTATION ( #1268, #424 ) ;
#333 = VECTOR ( 'NONE', #1061, 1000.000000000000000 ) ;
#334 = ORIENTED_EDGE ( 'NONE', *, *, #437, .F. ) ;
#335 = CARTESIAN_POINT ( 'NONE',  ( -47.49999999999997158, 62.45417449534909338, -5.499999999999920064 ) ) ;
#336 = CARTESIAN_POINT ( 'NONE',  ( -27.49974071452236757, 77.17196993340932920, 70.50000000000008527 ) ) ;
#337 = EDGE_LOOP ( 'NONE', ( #538, #256, #172, #845 ) ) ;
#338 = CARTESIAN_POINT ( 'NONE',  ( -19.72676080528286136, 63.16182958318421470, 3.765273383443180855 ) ) ;
#339 = ORIENTED_EDGE ( 'NONE', *, *, #1188, .T. ) ;
#340 = EDGE_LOOP ( 'NONE', ( #391, #943, #1242, #994 ) ) ;
#341 = CARTESIAN_POINT ( 'NONE',  ( -19.95858304211395762, 63.46817049424528534, 3.091054399874678005 ) ) ;
#342 = ADVANCED_FACE ( 'NONE', ( #1134, #623 ), #753, .F. ) ;
#343 = PLANE ( 'NONE',  #1307 ) ;
#344 = DIRECTION ( 'NONE',  ( -1.000000000000000000, -0.000000000000000000, -0.000000000000000000 ) ) ;
#345 = AXIS2_PLACEMENT_3D ( 'NONE', #211, #522, #319 ) ;
#346 = ADVANCED_FACE ( 'NONE', ( #1144 ), #752, .T. ) ;
#347 = PLANE ( 'NONE',  #860 ) ;
#348 = ORIENTED_EDGE ( 'NONE', *, *, #1149, .F. ) ;
#349 = CARTESIAN_POINT ( 'NONE',  ( -16.99999999999997513, 63.77705015088139362, -4.999999999999919176 ) ) ;
#350 = CARTESIAN_POINT ( 'NONE',  ( -19.99999999999996803, 33.25000000000001421, 2.500000000000086153 ) ) ;
#351 = PRODUCT ( 'NACA4418 0 AoA', 'NACA4418 0 AoA', '', ( #827 ) ) ;
#352 = ORIENTED_EDGE ( 'NONE', *, *, #413, .F. ) ;
#353 = DIRECTION ( 'NONE',  ( 4.857225732735060481E-17, 7.906425674510506042E-23, 1.000000000000000000 ) ) ;
#354 = CARTESIAN_POINT ( 'NONE',  ( 0.000000000000000000, 0.000000000000000000, -2.499999999999991562 ) ) ;
#355 = VERTEX_POINT ( 'NONE', #648 ) ;
#356 = CARTESIAN_POINT ( 'NONE',  ( -19.93361979840916476, 63.40062280628118430, 3.233784556043301173 ) ) ;
#357 = EDGE_LOOP ( 'NONE', ( #757, #1168, #86, #1229 ) ) ;
#358 = CARTESIAN_POINT ( 'NONE',  ( -19.99999999999996803, 33.25000000000001421, 2.500000000000086153 ) ) ;
#359 = VECTOR ( 'NONE', #838, 1000.000000000000227 ) ;
#360 = DIRECTION ( 'NONE',  ( 1.387778780781445676E-17, -7.906425676710171005E-23, -1.000000000000000000 ) ) ;
#361 = ORIENTED_EDGE ( 'NONE', *, *, #733, .F. ) ;
#362 = LINE ( 'NONE', #1256, #936 ) ;
#363 = VECTOR ( 'NONE', #1077, 1000.000000000000000 ) ;
#364 = VECTOR ( 'NONE', #1308, 1000.000000000000000 ) ;
#365 = ORIENTED_EDGE ( 'NONE', *, *, #413, .T. ) ;
#366 = CARTESIAN_POINT ( 'NONE',  ( -17.99999999999997513, 70.39142842854288062, 12.50000000000008704 ) ) ;
#367 = CARTESIAN_POINT ( 'NONE',  ( -19.27816918711934591, 62.86473753933166364, -4.460789003005533715 ) ) ;
#368 = ADVANCED_FACE ( 'NONE', ( #1158 ), #343, .F. ) ;
#369 = DIRECTION ( 'NONE',  ( -0.000000000000000000, 1.000000000000000000, -0.000000000000000000 ) ) ;
#370 = PLANE ( 'NONE',  #867 ) ;
#371 =( NAMED_UNIT ( * ) PLANE_ANGLE_UNIT ( ) SI_UNIT ( $, .RADIAN. ) );
#372 = CARTESIAN_POINT ( 'NONE',  ( -1.734723475976807094E-14, -1.734723199251901835E-15, 1.000000000000000444 ) ) ;
#373 = ORIENTED_EDGE ( 'NONE', *, *, #720, .T. ) ;
#374 = CARTESIAN_POINT ( 'NONE',  ( -19.67960627077975033, 64.46449014609984829, -4.440338652664816088 ) ) ;
#375 = ORIENTED_EDGE ( 'NONE', *, *, #1254, .T. ) ;
#376 = LINE ( 'NONE', #1008, #626 ) ;
#377 = CARTESIAN_POINT ( 'NONE',  ( 22.54458865540023993, 91.35364763525041099, 70.50000000000008527 ) ) ;
#378 = EDGE_LOOP ( 'NONE', ( #1281, #766, #603, #525 ) ) ;
#379 = DIRECTION ( 'NONE',  ( 0.9963466490417509647, -3.509413107732031008E-16, -0.08540114134643618515 ) ) ;
#380 = FACE_OUTER_BOUND ( 'NONE', #185, .T. ) ;
#381 = EDGE_CURVE ( 'NONE', #37, #889, #425, .T. ) ;
#382 = DIRECTION ( 'NONE',  ( -2.779109781899464598E-22, -1.000000000000000000, 2.668814559499989665E-22 ) ) ;
#383 = VECTOR ( 'NONE', #273, 1000.000000000000114 ) ;
#384 = CARTESIAN_POINT ( 'NONE',  ( 2.775557561562891351E-14, 59.25000000000002842, 2.500000000000086153 ) ) ;
#385 = AXIS2_PLACEMENT_3D ( 'NONE', #366, #770, #1180 ) ;
#386 = CARTESIAN_POINT ( 'NONE',  ( -19.99999999999996803, 63.77705015088139362, -4.999999999999919176 ) ) ;
#387 = CARTESIAN_POINT ( 'NONE',  ( -16.99999999999997513, 62.45417449534909338, -5.499999999999920064 ) ) ;
#388 = ADVANCED_FACE ( 'NONE', ( #1049 ), #19, .T. ) ;
#389 = CARTESIAN_POINT ( 'NONE',  ( -19.99999999999997158, 63.25000000000001421, 2.500000000000086153 ) ) ;
#390 = CARTESIAN_POINT ( 'NONE',  ( 2.775557561562891351E-14, 59.25000000000001421, -2.499999999999920508 ) ) ;
#391 = ORIENTED_EDGE ( 'NONE', *, *, #145, .T. ) ;
#392 = CARTESIAN_POINT ( 'NONE',  ( -19.21798785263620601, 77.38945991473430297, -2.091714808705634088 ) ) ;
#393 = LINE ( 'NONE', #88, #359 ) ;
#394 = DIRECTION ( 'NONE',  ( 0.000000000000000000, 0.000000000000000000, 1.000000000000000000 ) ) ;
#395 = CARTESIAN_POINT ( 'NONE',  ( -17.61153952907164211, 63.97644563871851631, -4.828520909330572763 ) ) ;
#396 = VERTEX_POINT ( 'NONE', #390 ) ;
#397 = CARTESIAN_POINT ( 'NONE',  ( -9.841977309562400578, 1.731897710729035684E-15, -1.843598055105342803 ) ) ;
#398 = DIRECTION ( 'NONE',  ( 0.000000000000000000, 1.000000000000000000, 0.000000000000000000 ) ) ;
#399 = FACE_OUTER_BOUND ( 'NONE', #735, .T. ) ;
#400 = B_SPLINE_CURVE_WITH_KNOTS ( 'NONE', 3,
 ( #823, #422, #621, #616, #415, #931, #1140, #1239, #728, #633, #215, #641, #539, #1251 ),
 .UNSPECIFIED., .F., .F.,
 ( 4, 2, 2, 2, 2, 2, 4 ),
 ( 2.168404344971008868E-19, 0.0003908006319814190323, 0.0007816012639628378477, 0.001172401895944256717, 0.001563202527925675479, 0.002344803791888507363, 0.003126405055851338814 ),
 .UNSPECIFIED. ) ;
#401 = CARTESIAN_POINT ( 'NONE',  ( -17.58070190890731865, 63.94297318835749877, 4.856393938282125511 ) ) ;
#402 = EDGE_CURVE ( 'NONE', #482, #782, #572, .T. ) ;
#403 = CARTESIAN_POINT ( 'NONE',  ( -42.56612028555027649, 78.62211551786958807, -54.49999999999990763 ) ) ;
#404 =( GEOMETRIC_REPRESENTATION_CONTEXT ( 3 ) GLOBAL_UNCERTAINTY_ASSIGNED_CONTEXT ( ( #193 ) ) GLOBAL_UNIT_ASSIGNED_CONTEXT ( ( #524, #624, #22 ) ) REPRESENTATION_CONTEXT ( 'NONE', 'WORKASPACE' ) );
#405 = FACE_OUTER_BOUND ( 'NONE', #1311, .T. ) ;
#406 = CARTESIAN_POINT ( 'NONE',  ( -17.99999999999997513, 70.39142842854288062, 12.50000000000008704 ) ) ;
#407 = CARTESIAN_POINT ( 'NONE',  ( -17.37926981543387228, 63.22589261211506084, 5.484473035778864691 ) ) ;
#408 = ADVANCED_FACE ( 'NONE', ( #380 ), #788, .T. ) ;
#409 = CARTESIAN_POINT ( 'NONE',  ( -46.55419453415900932, 80.72659557116496387, -54.49999999999990763 ) ) ;
#410 = CARTESIAN_POINT ( 'NONE',  ( 40.83436004407698050, 81.67628698923304853, 70.50000000000008527 ) ) ;
#411 = CARTESIAN_POINT ( 'NONE',  ( -17.50000000000000000, 33.25000000000001421, 8.135844228522814679E-15 ) ) ;
#412 = CARTESIAN_POINT ( 'NONE',  ( -46.82141254377091144, 86.07493828514583356, -54.49999999999990763 ) ) ;
#413 = EDGE_CURVE ( 'NONE', #322, #81, #657, .T. ) ;
#414 = ORIENTED_EDGE ( 'NONE', *, *, #210, .T. ) ;
#415 = CARTESIAN_POINT ( 'NONE',  ( -19.89776858078293742, 77.35568181086529194, 1.144713663245071844 ) ) ;
#416 = DIRECTION ( 'NONE',  ( -1.000000000000000000, -0.000000000000000000, -0.000000000000000000 ) ) ;
#417 = VECTOR ( 'NONE', #369, 1000.000000000000000 ) ;
#418 = CARTESIAN_POINT ( 'NONE',  ( 22.54458865540023993, 91.35364763525041099, 70.50000000000008527 ) ) ;
#419 = ORIENTED_EDGE ( 'NONE', *, *, #73, .F. ) ;
#420 = AXIS2_PLACEMENT_3D ( 'NONE', #116, #398, #104 ) ;
#421 = ORIENTED_EDGE ( 'NONE', *, *, #1149, .T. ) ;
#422 = CARTESIAN_POINT ( 'NONE',  ( -19.99999999999997158, 77.35076608639425899, 0.6321432016542467558 ) ) ;
#423 = CARTESIAN_POINT ( 'NONE',  ( -16.99999999999997513, 63.21010344136755776, 5.500000000000086153 ) ) ;
#424 = ADVANCED_BREP_SHAPE_REPRESENTATION ( 'NACA4418 0 AoA', ( #1057, #825 ), #404 ) ;
#425 = CIRCLE ( 'NONE', #1089, 2.000000000000000000 ) ;
#426 = CARTESIAN_POINT ( 'NONE',  ( 2.531104017842296550, 94.67379059958665266, 70.50000000000008527 ) ) ;
#427 = ORIENTED_EDGE ( 'NONE', *, *, #884, .T. ) ;
#428 = ORIENTED_EDGE ( 'NONE', *, *, #819, .T. ) ;
#429 = CARTESIAN_POINT ( 'NONE',  ( 2.775557561562891351E-14, 78.53771764494315732, -2.499999999999917399 ) ) ;
#430 = DIRECTION ( 'NONE',  ( 1.000000000000000000, -3.522281169496054356E-16, 1.387778780781445676E-17 ) ) ;
#431 = CARTESIAN_POINT ( 'NONE',  ( -22.49730017352570854, 77.21206238823860701, -54.49999999999990763 ) ) ;
#432 = EDGE_CURVE ( 'NONE', #289, #221, #1099, .T. ) ;
#433 = EDGE_LOOP ( 'NONE', ( #750, #756, #499, #1060, #1203 ) ) ;
#434 = CARTESIAN_POINT ( 'NONE',  ( -16.99999999999997513, 33.25000000000001421, 5.500000000000086153 ) ) ;
#435 = ADVANCED_FACE ( 'NONE', ( #588 ), #996, .T. ) ;
#436 = CARTESIAN_POINT ( 'NONE',  ( 2.503955146083383543, 78.70092722556303499, -54.49999999999990763 ) ) ;
#437 = EDGE_CURVE ( 'NONE', #1050, #665, #797, .T. ) ;
#438 = ORIENTED_EDGE ( 'NONE', *, *, #720, .F. ) ;
#439 = DIRECTION ( 'NONE',  ( -0.000000000000000000, 1.000000000000000000, -0.000000000000000000 ) ) ;
#440 = EDGE_CURVE ( 'NONE', #1082, #456, #294, .T. ) ;
#441 = ORIENTED_EDGE ( 'NONE', *, *, #173, .F. ) ;
#442 = DIRECTION ( 'NONE',  ( 0.000000000000000000, 0.000000000000000000, -1.000000000000000000 ) ) ;
#443 = CARTESIAN_POINT ( 'NONE',  ( -19.99999999999997158, 64.86372044461720066, 4.166666666666754892 ) ) ;
#444 = VECTOR ( 'NONE', #955, 1000.000000000000000 ) ;
#445 = CARTESIAN_POINT ( 'NONE',  ( -15.83183415494863944, 77.56959892240905674, 70.50000000000008527 ) ) ;
#446 = VECTOR ( 'NONE', #171, 1000.000000000000000 ) ;
#447 = CARTESIAN_POINT ( 'NONE',  ( -22.51607581671860103, 95.19142468844474081, 70.50000000000008527 ) ) ;
#448 = ORIENTED_EDGE ( 'NONE', *, *, #707, .T. ) ;
#449 = VERTEX_POINT ( 'NONE', #189 ) ;
#450 = CARTESIAN_POINT ( 'NONE',  ( -17.17659209544113352, 63.78833180864468488, -4.990012714124906879 ) ) ;
#451 = ORIENTED_EDGE ( 'NONE', *, *, #510, .F. ) ;
#452 = CARTESIAN_POINT ( 'NONE',  ( 22.49986908664088148, 80.28821625312650667, -54.49999999999990763 ) ) ;
#453 = EDGE_CURVE ( 'NONE', #37, #1130, #780, .T. ) ;
#454 = CARTESIAN_POINT ( 'NONE',  ( -15.84286170191646903, 95.66271634681729097, 70.50000000000008527 ) ) ;
#455 = AXIS2_PLACEMENT_3D ( 'NONE', #856, #571, #882 ) ;
#456 = VERTEX_POINT ( 'NONE', #1316 ) ;
#457 = DIRECTION ( 'NONE',  ( -1.000000000000000000, 0.000000000000000000, 0.000000000000000000 ) ) ;
#458 = CARTESIAN_POINT ( 'NONE',  ( -22.49730017352570854, 77.21206238823860701, 70.50000000000008527 ) ) ;
#459 = ORIENTED_EDGE ( 'NONE', *, *, #957, .T. ) ;
#460 = CARTESIAN_POINT ( 'NONE',  ( -17.15906598246273873, 63.77705015088139362, -4.999999999999918288 ) ) ;
#461 = DIRECTION ( 'NONE',  ( 0.000000000000000000, 0.000000000000000000, -1.000000000000000000 ) ) ;
#462 = VECTOR ( 'NONE', #281, 1000.000000000000000 ) ;
#463 = EDGE_CURVE ( 'NONE', #653, #847, #829, .T. ) ;
#464 = CARTESIAN_POINT ( 'NONE',  ( -47.49999999999997158, 82.74000000000002331, -2.499999999999920508 ) ) ;
#465 = CARTESIAN_POINT ( 'NONE',  ( -19.84426095776834487, 64.66023971196614184, -4.301640521755448532 ) ) ;
#466 = CARTESIAN_POINT ( 'NONE',  ( 32.55033206481378016, 89.01508120765731746, -54.49999999999990763 ) ) ;
#467 = CARTESIAN_POINT ( 'NONE',  ( -19.32092806416076058, 77.38423913894777684, -2.007367535309926065 ) ) ;
#468 = CARTESIAN_POINT ( 'NONE',  ( -2.499191358360715931, 78.35930991147365887, -2.499999999999917399 ) ) ;
#469 = CIRCLE ( 'NONE', #635, 12.00000000000000000 ) ;
#470 = CARTESIAN_POINT ( 'NONE',  ( -18.64042266874833231, 63.62356929334193723, 5.115272265516501271 ) ) ;
#471 = VERTEX_POINT ( 'NONE', #303 ) ;
#472 = DIRECTION ( 'NONE',  ( -0.000000000000000000, 1.489033026589533876E-16, 1.000000000000000000 ) ) ;
#473 = DIRECTION ( 'NONE',  ( 1.000000000000000000, 0.000000000000000000, 0.000000000000000000 ) ) ;
#474 = ORIENTED_EDGE ( 'NONE', *, *, #483, .F. ) ;
#475 = DIRECTION ( 'NONE',  ( 1.000000000000000000, -3.630701386744606278E-16, 9.020562075079392947E-16 ) ) ;
#476 = DIRECTION ( 'NONE',  ( 1.000000000000000000, 0.000000000000000000, 0.000000000000000000 ) ) ;
#477 = ORIENTED_EDGE ( 'NONE', *, *, #510, .T. ) ;
#478 = CARTESIAN_POINT ( 'NONE',  ( -16.99999999999997513, 62.45417449534909338, 5.500000000000086153 ) ) ;
#479 = EDGE_CURVE ( 'NONE', #665, #1039, #309, .T. ) ;
#480 = CARTESIAN_POINT ( 'NONE',  ( -19.95858304211384038, 63.46817049424528534, -3.091054399874892500 ) ) ;
#481 = CARTESIAN_POINT ( 'NONE',  ( -42.56612028555027649, 78.62211551786958807, -54.49999999999990763 ) ) ;
#482 = VERTEX_POINT ( 'NONE', #831 ) ;
#483 = EDGE_CURVE ( 'NONE', #151, #482, #820, .T. ) ;
#484 = CARTESIAN_POINT ( 'NONE',  ( -14.33251680028188524, 77.64970308267471921, 2.500000000000087041 ) ) ;
#485 = LINE ( 'NONE', #386, #66 ) ;
#486 = CARTESIAN_POINT ( 'NONE',  ( -17.50000000000120792, 33.25000000000001421, 2.500000000000086153 ) ) ;
#487 = AXIS2_PLACEMENT_3D ( 'NONE', #77, #1015, #475 ) ;
#488 = DIRECTION ( 'NONE',  ( 0.000000000000000000, 1.000000000000000000, 0.000000000000000000 ) ) ;
#489 = DIRECTION ( 'NONE',  ( 0.000000000000000000, 1.000000000000000000, 0.000000000000000000 ) ) ;
#490 = LINE ( 'NONE', #1309, #417 ) ;
#491 = ORIENTED_EDGE ( 'NONE', *, *, #220, .T. ) ;
#492 = CARTESIAN_POINT ( 'NONE',  ( -8.330481429501325863, 77.97037435468041622, 2.500000000000087041 ) ) ;
#493 = CARTESIAN_POINT ( 'NONE',  ( 32.49791733571333197, 81.08413762144003556, 70.50000000000008527 ) ) ;
#494 = VECTOR ( 'NONE', #1161, 1000.000000000000000 ) ;
#495 = CARTESIAN_POINT ( 'NONE',  ( -19.72676080528285425, 63.16182958318421470, -3.765273383443010324 ) ) ;
#496 = FILL_AREA_STYLE ('',( #197 ) ) ;
#497 = CARTESIAN_POINT ( 'NONE',  ( -18.00000000518244647, 64.74153861914621189, -4.247712920924183067 ) ) ;
#498 = DIRECTION ( 'NONE',  ( 0.000000000000000000, -1.000000000000000000, 1.489033026589533876E-16 ) ) ;
#499 = ORIENTED_EDGE ( 'NONE', *, *, #542, .T. ) ;
#500 = CARTESIAN_POINT ( 'NONE',  ( -19.99999999999997158, 82.74000000000002331, 8.000000000000092371 ) ) ;
#501 = CARTESIAN_POINT ( 'NONE',  ( -44.68540263017102632, 79.50323079208591537, 70.50000000000008527 ) ) ;
#502 = EDGE_CURVE ( 'NONE', #289, #456, #30, .T. ) ;
#503 = CARTESIAN_POINT ( 'NONE',  ( -17.08947584485093074, 63.77705017527291176, 4.999999978488784969 ) ) ;
#504 = VERTEX_POINT ( 'NONE', #602 ) ;
#505 = AXIS2_PLACEMENT_3D ( 'NONE', #1080, #472, #967 ) ;
#506 = CARTESIAN_POINT ( 'NONE',  ( -44.68540263017102632, 79.50323079208591537, 70.50000000000008527 ) ) ;
#507 = LINE ( 'NONE', #693, #927 ) ;
#508 = PRODUCT_RELATED_PRODUCT_CATEGORY ( 'part', '', ( #351 ) ) ;
#509 = CARTESIAN_POINT ( 'NONE',  ( 2.775557561562891351E-14, 62.45417449534909338, -3.499999999999920064 ) ) ;
#510 = EDGE_CURVE ( 'NONE', #804, #471, #1227, .T. ) ;
#511 = CARTESIAN_POINT ( 'NONE',  ( -17.91127136175361656, 64.35930030979562844, 4.522742560427152725 ) ) ;
#512 = CARTESIAN_POINT ( 'NONE',  ( -48.13970055519141056, 83.15213101239305615, -54.49999999999990763 ) ) ;
#513 = CARTESIAN_POINT ( 'NONE',  ( 50.83318678258250145, 82.43197619470515747, 70.50000000000008527 ) ) ;
#514 = TOROIDAL_SURFACE ( 'NONE', #385, 12.00000000000000000, 2.000000000000000000 ) ;
#515 = CARTESIAN_POINT ( 'NONE',  ( -15.84286170191646903, 95.66271634681729097, -54.49999999999990763 ) ) ;
#516 = EDGE_CURVE ( 'NONE', #396, #782, #119, .T. ) ;
#517 = DIRECTION ( 'NONE',  ( -1.000000000000000000, -0.000000000000000000, -0.000000000000000000 ) ) ;
#518 = AXIS2_PLACEMENT_3D ( 'NONE', #634, #476, #1048 ) ;
#519 = CARTESIAN_POINT ( 'NONE',  ( -17.52977630205564097, 62.46771248357431006, 5.464045825671314027 ) ) ;
#520 = CARTESIAN_POINT ( 'NONE',  ( 52.50000000000004974, 82.93000000000002103, 70.50000000000008527 ) ) ;
#521 = VERTEX_POINT ( 'NONE', #326 ) ;
#522 = DIRECTION ( 'NONE',  ( -1.000000000000000000, 2.779109781899464598E-22, -1.387778780781445676E-17 ) ) ;
#523 = CARTESIAN_POINT ( 'NONE',  ( -32.55680431060481794, 93.46081524236788596, 70.50000000000008527 ) ) ;
#524 =( LENGTH_UNIT ( ) NAMED_UNIT ( * ) SI_UNIT ( .MILLI., .METRE. ) );
#525 = ORIENTED_EDGE ( 'NONE', *, *, #516, .T. ) ;
#526 = VERTEX_POINT ( 'NONE', #718 ) ;
#527 = CARTESIAN_POINT ( 'NONE',  ( 52.50000000000004974, 82.93000000000002103, -54.49999999999990763 ) ) ;
#528 = FACE_OUTER_BOUND ( 'NONE', #1067, .T. ) ;
#529 = AXIS2_PLACEMENT_3D ( 'NONE', #397, #992, #87 ) ;
#530 = FACE_OUTER_BOUND ( 'NONE', #1159, .T. ) ;
#531 = ORIENTED_EDGE ( 'NONE', *, *, #163, .T. ) ;
#532 = ORIENTED_EDGE ( 'NONE', *, *, #815, .F. ) ;
#533 = CARTESIAN_POINT ( 'NONE',  ( -19.99999999999996803, 33.25000000000001421, -28.11249694973128399 ) ) ;
#534 = VECTOR ( 'NONE', #712, 1000.000000000000000 ) ;
#535 = DIRECTION ( 'NONE',  ( 0.000000000000000000, 0.000000000000000000, -1.000000000000000000 ) ) ;
#536 = EDGE_LOOP ( 'NONE', ( #1156, #531, #57, #640 ) ) ;
#537 = EDGE_CURVE ( 'NONE', #632, #1032, #299, .T. ) ;
#538 = ORIENTED_EDGE ( 'NONE', *, *, #209, .T. ) ;
#539 = CARTESIAN_POINT ( 'NONE',  ( -18.26390133314165709, 77.43916991557173901, 2.500000000000087486 ) ) ;
#540 = CARTESIAN_POINT ( 'NONE',  ( -17.98619435563879065, 64.62204681650592875, 4.330848446400544560 ) ) ;
#541 = CARTESIAN_POINT ( 'NONE',  ( -17.26842752273004677, 62.45417452460946350, -5.499999999999920064 ) ) ;
#542 = EDGE_CURVE ( 'NONE', #221, #1082, #308, .T. ) ;
#543 = CARTESIAN_POINT ( 'NONE',  ( -18.89297623128070924, 62.71221204517062375, 4.835964367705883227 ) ) ;
#544 = ORIENTED_EDGE ( 'NONE', *, *, #1222, .T. ) ;
#545 = ORIENTED_EDGE ( 'NONE', *, *, #323, .T. ) ;
#546 = CARTESIAN_POINT ( 'NONE',  ( -19.99999999999996803, 33.25000000000001421, -2.499999999999920508 ) ) ;
#547 = CARTESIAN_POINT ( 'NONE',  ( -15.83183415494863944, 77.56959892240905674, -54.49999999999990763 ) ) ;
#548 = CARTESIAN_POINT ( 'NONE',  ( 52.50000000000004974, 82.55000000000002558, -54.49999999999990763 ) ) ;
#549 = EDGE_LOOP ( 'NONE', ( #1255, #1084, #1266, #557, #677, #947 ) ) ;
#550 = DIRECTION ( 'NONE',  ( -2.168404344971010594E-16, 1.000000000000000000, 0.000000000000000000 ) ) ;
#551 = CIRCLE ( 'NONE', #1024, 2.000000000000000000 ) ;
#552 = EDGE_CURVE ( 'NONE', #151, #396, #1122, .T. ) ;
#553 = DIRECTION ( 'NONE',  ( -3.522283948605836748E-16, -1.000000000000000000, 7.906425676221359311E-23 ) ) ;
#554 = ORIENTED_EDGE ( 'NONE', *, *, #207, .T. ) ;
#555 = CARTESIAN_POINT ( 'NONE',  ( -16.99999999999997513, 62.45417449534909338, 5.500000000000086153 ) ) ;
#556 = ORIENTED_EDGE ( 'NONE', *, *, #402, .F. ) ;
#557 = ORIENTED_EDGE ( 'NONE', *, *, #921, .F. ) ;
#558 = CARTESIAN_POINT ( 'NONE',  ( -19.99999999999996803, 33.25000000000001421, 2.500000000000086153 ) ) ;
#559 = ORIENTED_EDGE ( 'NONE', *, *, #671, .F. ) ;
#560 = CARTESIAN_POINT ( 'NONE',  ( -19.43499060542423962, 62.94731431269817534, 4.262856550423296476 ) ) ;
#561 = CYLINDRICAL_SURFACE ( 'NONE', #1065, 3.000000000000000000 ) ;
#562 = EDGE_LOOP ( 'NONE', ( #895, #1176, #1111, #1131, #441, #976 ) ) ;
#563 = CIRCLE ( 'NONE', #1, 10.00000000000000178 ) ;
#564 = CARTESIAN_POINT ( 'NONE',  ( -20.00000000000000000, 7.261402971149854973E-15, 8.101158632811689131E-15 ) ) ;
#565 = CARTESIAN_POINT ( 'NONE',  ( 47.52089356444172097, 84.65014001454694892, -54.49999999999990763 ) ) ;
#566 = ORIENTED_EDGE ( 'NONE', *, *, #1215, .F. ) ;
#567 = CARTESIAN_POINT ( 'NONE',  ( 52.50000000000004974, 82.93000000000002103, -54.49999999999990763 ) ) ;
#568 = CARTESIAN_POINT ( 'NONE',  ( 2.775557561562891351E-14, 62.45417449534908627, -5.499999999999920064 ) ) ;
#569 = CARTESIAN_POINT ( 'NONE',  ( -17.83446020540889165, 64.22307247227638527, 4.628800237750976265 ) ) ;
#570 = ORIENTED_EDGE ( 'NONE', *, *, #259, .T. ) ;
#571 = DIRECTION ( 'NONE',  ( 1.000000000000000000, 0.000000000000000000, 0.000000000000000000 ) ) ;
#572 = LINE ( 'NONE', #874, #364 ) ;
#573 = CARTESIAN_POINT ( 'NONE',  ( -17.99999999999997513, 82.55000000000002558, -0.4999999999999171774 ) ) ;
#574 = CARTESIAN_POINT ( 'NONE',  ( -44.68540263017102632, 79.50323079208591537, -54.49999999999990763 ) ) ;
#575 = CARTESIAN_POINT ( 'NONE',  ( -19.74693924848451942, 77.36300951764059164, -1.507997291612154456 ) ) ;
#576 = TOROIDAL_SURFACE ( 'NONE', #795, 12.00000000000000000, 2.000000000000000000 ) ;
#577 = ADVANCED_FACE ( 'NONE', ( #528, #937 ), #199, .F. ) ;
#578 = CARTESIAN_POINT ( 'NONE',  ( -17.71496051172427144, 64.06890552044956166, 4.752142250340824603 ) ) ;
#579 = EDGE_LOOP ( 'NONE', ( #625, #373, #862, #654, #54, #148, #491, #556 ) ) ;
#580 = DIRECTION ( 'NONE',  ( -0.9963466490417509647, 3.509412972688475853E-16, -0.08540114134643517207 ) ) ;
#581 = ADVANCED_FACE ( 'NONE', ( #1117 ), #147, .T. ) ;
#582 = CARTESIAN_POINT ( 'NONE',  ( -19.50338059675275915, 62.98940128150612594, -4.163680842965171713 ) ) ;
#583 = FACE_OUTER_BOUND ( 'NONE', #966, .T. ) ;
#584 = LINE ( 'NONE', #813, #1142 ) ;
#585 = DIRECTION ( 'NONE',  ( -1.000000000000000000, 0.000000000000000000, -0.000000000000000000 ) ) ;
#586 = EDGE_LOOP ( 'NONE', ( #822, #1209, #1238, #139, #589 ) ) ;
#587 = PLANE ( 'NONE',  #960 ) ;
#588 = FACE_OUTER_BOUND ( 'NONE', #1054, .T. ) ;
#589 = ORIENTED_EDGE ( 'NONE', *, *, #118, .F. ) ;
#590 = DIRECTION ( 'NONE',  ( 0.000000000000000000, 0.000000000000000000, -1.000000000000000000 ) ) ;
#591 = DIRECTION ( 'NONE',  ( 1.000000000000000000, 0.000000000000000000, 0.000000000000000000 ) ) ;
#592 = DIRECTION ( 'NONE',  ( 0.000000000000000000, 0.000000000000000000, -1.000000000000000000 ) ) ;
#593 = AXIS2_PLACEMENT_3D ( 'NONE', #692, #904, #1190 ) ;
#594 = CARTESIAN_POINT ( 'NONE',  ( -9.841977309562398801, 1.731898002254456753E-15, 1.843598055105351685 ) ) ;
#595 = CARTESIAN_POINT ( 'NONE',  ( -17.75938972254844117, 64.11918602126938538, -4.711330275018718261 ) ) ;
#596 = ORIENTED_EDGE ( 'NONE', *, *, #614, .F. ) ;
#597 = CARTESIAN_POINT ( 'NONE',  ( -17.99999999999997513, 77.45325010137190702, 2.500000000000087041 ) ) ;
#598 = CARTESIAN_POINT ( 'NONE',  ( -32.55680431060481794, 93.46081524236788596, 70.50000000000008527 ) ) ;
#599 = CYLINDRICAL_SURFACE ( 'NONE', #52, 3.000000000000000000 ) ;
#600 = VECTOR ( 'NONE', #928, 1000.000000000000000 ) ;
#601 = DIRECTION ( 'NONE',  ( -1.000000000000000000, 0.000000000000000000, 0.000000000000000000 ) ) ;
#602 = CARTESIAN_POINT ( 'NONE',  ( -19.99999999999997158, 63.75817884783207035, 2.500000000000086153 ) ) ;
#603 = ORIENTED_EDGE ( 'NONE', *, *, #1094, .T. ) ;
#604 = CARTESIAN_POINT ( 'NONE',  ( -18.64386796872553020, 77.41914686069399920, -2.398047921132873128 ) ) ;
#605 = CARTESIAN_POINT ( 'NONE',  ( -27.53203267366174600, 94.51801322551889939, 70.50000000000008527 ) ) ;
#606 = CARTESIAN_POINT ( 'NONE',  ( -16.99999999999997513, 63.25000000000001421, -5.499999999999920064 ) ) ;
#607 = CARTESIAN_POINT ( 'NONE',  ( -17.34228619379702607, 63.83075977477951568, 4.952919715463429462 ) ) ;
#608 = CARTESIAN_POINT ( 'NONE',  ( -36.68203589442436652, 77.53847531502744062, -54.49999999999990763 ) ) ;
#609 = LINE ( 'NONE', #11, #938 ) ;
#610 = CARTESIAN_POINT ( 'NONE',  ( -18.38717438044431063, 62.58140125318084301, -5.167841588897776006 ) ) ;
#611 = DIRECTION ( 'NONE',  ( -1.000000000000000000, -0.000000000000000000, -0.000000000000000000 ) ) ;
#612 = CARTESIAN_POINT ( 'NONE',  ( -32.50812871773886314, 77.18008039652791297, -54.49999999999990763 ) ) ;
#613 = CIRCLE ( 'NONE', #680, 2.000000000000001776 ) ;
#614 = EDGE_CURVE ( 'NONE', #1202, #972, #848, .T. ) ;
#615 = VECTOR ( 'NONE', #796, 1000.000000000000000 ) ;
#616 = CARTESIAN_POINT ( 'NONE',  ( -19.93622587676536284, 77.35382909858053324, 1.017697161251074567 ) ) ;
#617 = CARTESIAN_POINT ( 'NONE',  ( -17.41748726852994622, 63.86098239017385936, 4.926651735515402031 ) ) ;
#618 = EDGE_CURVE ( 'NONE', #851, #669, #776, .T. ) ;
#619 = CARTESIAN_POINT ( 'NONE',  ( 40.87281536315073538, 86.73119495998199113, 70.50000000000008527 ) ) ;
#620 = ORIENTED_EDGE ( 'NONE', *, *, #884, .F. ) ;
#621 = CARTESIAN_POINT ( 'NONE',  ( -19.98703238199556864, 77.35138626452379640, 0.7620750074390532092 ) ) ;
#622 = DIRECTION ( 'NONE',  ( 0.000000000000000000, 0.000000000000000000, 1.000000000000000000 ) ) ;
#623 = FACE_BOUND ( 'NONE', #839, .T. ) ;
#624 =( NAMED_UNIT ( * ) PLANE_ANGLE_UNIT ( ) SI_UNIT ( $, .RADIAN. ) );
#625 = ORIENTED_EDGE ( 'NONE', *, *, #980, .T. ) ;
#626 = VECTOR ( 'NONE', #1106, 1000.000000000000000 ) ;
#627 = CARTESIAN_POINT ( 'NONE',  ( -40.04960619283911427, 90.81744812853416704, -54.49999999999990763 ) ) ;
#628 = ORIENTED_EDGE ( 'NONE', *, *, #209, .F. ) ;
#629 = EDGE_CURVE ( 'NONE', #1050, #1138, #38, .T. ) ;
#630 = B_SPLINE_CURVE_WITH_KNOTS ( 'NONE', 3,
 ( #710, #1017, #888, #495, #807, #1304, #686, #1116, #694, #180, #610, #195, #1011, #785, #1213, #387 ),
 .UNSPECIFIED., .F., .F.,
 ( 4, 2, 2, 2, 2, 2, 2, 4 ),
 ( 0.000000000000000000, 0.001221576178797541918, 0.001832364268196314937, 0.002443152357595088173, 0.003053940446993861409, 0.003664728536392634212, 0.004275516625791407448, 0.004886304715190180684 ),
 .UNSPECIFIED. ) ;
#631 = B_SPLINE_CURVE_WITH_KNOTS ( 'NONE', 3,
 ( #1302, #791, #805, #1196, #604, #1210, #1312, #392, #467, #169, #575, #774, #708, #878 ),
 .UNSPECIFIED., .F., .F.,
 ( 4, 2, 2, 2, 2, 2, 4 ),
 ( 0.000000000000000000, 0.0003908010613668798676, 0.0007816021227337597351, 0.001172403184100639711, 0.001563204245467519470, 0.002344806368201288529, 0.003126408490935057589 ),
 .UNSPECIFIED. ) ;
#632 = VERTEX_POINT ( 'NONE', #274 ) ;
#633 = CARTESIAN_POINT ( 'NONE',  ( -19.22981121124933424, 77.38881854593417131, 2.098618522826370736 ) ) ;
#634 = CARTESIAN_POINT ( 'NONE',  ( -19.99999999999996803, 70.39142842854288062, -12.49999999999991651 ) ) ;
#635 = AXIS2_PLACEMENT_3D ( 'NONE', #300, #702, #1321 ) ;
#636 = CARTESIAN_POINT ( 'NONE',  ( 12.50003877393625373, 79.50279366166950012, 70.50000000000008527 ) ) ;
#637 = VERTEX_POINT ( 'NONE', #674 ) ;
#638 = FACE_OUTER_BOUND ( 'NONE', #1150, .T. ) ;
#639 = EDGE_CURVE ( 'NONE', #521, #1145, #745, .T. ) ;
#640 = ORIENTED_EDGE ( 'NONE', *, *, #552, .T. ) ;
#641 = CARTESIAN_POINT ( 'NONE',  ( -18.52616137252484307, 77.42528285461889936, 2.447017519985269285 ) ) ;
#642 = CARTESIAN_POINT ( 'NONE',  ( 2.775557561562891351E-14, 62.45417449534908627, 5.500000000000086153 ) ) ;
#643 = CARTESIAN_POINT ( 'NONE',  ( 22.49986908664088148, 80.28821625312650667, -54.49999999999990763 ) ) ;
#644 = CARTESIAN_POINT ( 'NONE',  ( -19.99999999999997158, 63.75817884783207035, 2.500000000000086153 ) ) ;
#645 = ADVANCED_FACE ( 'NONE', ( #842 ), #239, .F. ) ;
#646 = ORIENTED_EDGE ( 'NONE', *, *, #272, .F. ) ;
#647 = FACE_OUTER_BOUND ( 'NONE', #1318, .T. ) ;
#648 = CARTESIAN_POINT ( 'NONE',  ( 2.775557561562891351E-14, 70.39142842854288062, -2.499999999999915623 ) ) ;
#649 = FACE_OUTER_BOUND ( 'NONE', #433, .T. ) ;
#650 = CARTESIAN_POINT ( 'NONE',  ( -17.91127136175362367, 64.35930030979562844, -4.522742560426984859 ) ) ;
#651 = DIRECTION ( 'NONE',  ( 0.000000000000000000, 1.000000000000000000, 0.000000000000000000 ) ) ;
#652 = AXIS2_PLACEMENT_3D ( 'NONE', #806, #306, #111 ) ;
#653 = VERTEX_POINT ( 'NONE', #434 ) ;
#654 = ORIENTED_EDGE ( 'NONE', *, *, #314, .F. ) ;
#655 = FACE_OUTER_BOUND ( 'NONE', #288, .T. ) ;
#656 = CARTESIAN_POINT ( 'NONE',  ( -18.65906957227736029, 62.64298069089549159, -5.010289011251095381 ) ) ;
#657 = CIRCLE ( 'NONE', #198, 2.000000000000001332 ) ;
#658 = CARTESIAN_POINT ( 'NONE',  ( -17.98405677070873310, 64.60508571162330327, -4.342706094509281023 ) ) ;
#659 =( LENGTH_UNIT ( ) NAMED_UNIT ( * ) SI_UNIT ( .MILLI., .METRE. ) );
#660 = VERTEX_POINT ( 'NONE', #642 ) ;
#661 = CARTESIAN_POINT ( 'NONE',  ( -17.50000000000000000, 33.25000000000001421, 8.135844228522814679E-15 ) ) ;
#662 = CARTESIAN_POINT ( 'NONE',  ( -17.71496051172473329, 64.06890552045003062, -4.752142250340276597 ) ) ;
#663 = CARTESIAN_POINT ( 'NONE',  ( 52.50000000000004974, 82.93000000000002103, -54.49999999999990763 ) ) ;
#664 = CARTESIAN_POINT ( 'NONE',  ( -46.82141254377091144, 86.07493828514583356, -54.49999999999990763 ) ) ;
#665 = VERTEX_POINT ( 'NONE', #117 ) ;
#666 = CARTESIAN_POINT ( 'NONE',  ( 32.49791733571333197, 81.08413762144003556, -54.49999999999990763 ) ) ;
#667 = CARTESIAN_POINT ( 'NONE',  ( 2.775557561562891351E-14, 70.39142842854288062, 2.500000000000086153 ) ) ;
#668 = CARTESIAN_POINT ( 'NONE',  ( -19.30560962622737264, 64.09789628427235186, 4.719559774788192108 ) ) ;
#669 = VERTEX_POINT ( 'NONE', #486 ) ;
#670 = CARTESIAN_POINT ( 'NONE',  ( -17.91759982917815819, 64.38920601699068413, -4.501357448407663497 ) ) ;
#671 = EDGE_CURVE ( 'NONE', #322, #521, #630, .T. ) ;
#672 = ORIENTED_EDGE ( 'NONE', *, *, #815, .T. ) ;
#673 = DIRECTION ( 'NONE',  ( -0.000000000000000000, 0.000000000000000000, 1.000000000000000000 ) ) ;
#674 = CARTESIAN_POINT ( 'NONE',  ( -16.99999999999997513, 33.25000000000001421, -5.499999999999920064 ) ) ;
#675 = EDGE_CURVE ( 'NONE', #37, #632, #1148, .T. ) ;
#676 = ADVANCED_FACE ( 'NONE', ( #1192 ), #913, .F. ) ;
#677 = ORIENTED_EDGE ( 'NONE', *, *, #210, .F. ) ;
#678 = LINE ( 'NONE', #358, #1075 ) ;
#679 = ADVANCED_FACE ( 'NONE', ( #105 ), #599, .T. ) ;
#680 = AXIS2_PLACEMENT_3D ( 'NONE', #872, #165, #899 ) ;
#681 = CARTESIAN_POINT ( 'NONE',  ( -19.59683999534917120, 63.05433187874452727, -4.011978576821966236 ) ) ;
#682 = EDGE_LOOP ( 'NONE', ( #285, #448, #421, #646 ) ) ;
#683 = CARTESIAN_POINT ( 'NONE',  ( -17.83333139918673993, 77.46214253415568862, 2.500000000000087041 ) ) ;
#684 = AXIS2_PLACEMENT_3D ( 'NONE', #983, #1195, #287 ) ;
#685 = CARTESIAN_POINT ( 'NONE',  ( -17.99999999999997513, 77.45325010137190702, -2.499999999999917399 ) ) ;
#686 = CARTESIAN_POINT ( 'NONE',  ( -19.31652912421303370, 62.88315560517158787, -4.416471149544148211 ) ) ;
#687 = ORIENTED_EDGE ( 'NONE', *, *, #1246, .F. ) ;
#688 = CARTESIAN_POINT ( 'NONE',  ( -9.841977309562388143, 33.25000000000000000, -1.843598055105342803 ) ) ;
#689 = CARTESIAN_POINT ( 'NONE',  ( -17.99999999999997513, 63.75817884783207035, -2.499999999999920508 ) ) ;
#690 = ORIENTED_EDGE ( 'NONE', *, *, #971, .F. ) ;
#691 = CARTESIAN_POINT ( 'NONE',  ( -32.50812871773886314, 77.18008039652791297, -54.49999999999990763 ) ) ;
#692 = CARTESIAN_POINT ( 'NONE',  ( -17.99999999999997513, 70.39142842854288062, -12.49999999999991651 ) ) ;
#693 = CARTESIAN_POINT ( 'NONE',  ( 0.000000000000000000, 0.000000000000000000, -2.499999999999991562 ) ) ;
#694 = CARTESIAN_POINT ( 'NONE',  ( -18.89297623128070924, 62.71221204517059533, -4.835964367705716249 ) ) ;
#695 = CARTESIAN_POINT ( 'NONE',  ( -16.99999999999997513, 63.77705015088139362, 5.000000000000086153 ) ) ;
#696 = ADVANCED_FACE ( 'NONE', ( #399 ), #576, .T. ) ;
#697 = CARTESIAN_POINT ( 'NONE',  ( -17.50000000000000000, 49.25000000000000000, -2.499999999999991562 ) ) ;
#698 = DIRECTION ( 'NONE',  ( -1.000000000000000000, 0.000000000000000000, -1.387778780781416864E-17 ) ) ;
#699 = ORIENTED_EDGE ( 'NONE', *, *, #1264, .F. ) ;
#700 = FACE_OUTER_BOUND ( 'NONE', #579, .T. ) ;
#701 = CARTESIAN_POINT ( 'NONE',  ( 47.49906958775666510, 82.19589383435402397, 70.50000000000008527 ) ) ;
#702 = DIRECTION ( 'NONE',  ( 1.000000000000000000, 0.000000000000000000, 0.000000000000000000 ) ) ;
#703 = AXIS2_PLACEMENT_3D ( 'NONE', #384, #590, #896 ) ;
#704 = LINE ( 'NONE', #1297, #196 ) ;
#705 = CARTESIAN_POINT ( 'NONE',  ( -17.85411594595455043, 64.24185028340133385, 4.613277170040649189 ) ) ;
#706 = VERTEX_POINT ( 'NONE', #906 ) ;
#707 = EDGE_CURVE ( 'NONE', #270, #790, #89, .T. ) ;
#708 = CARTESIAN_POINT ( 'NONE',  ( -19.99999999999996092, 77.35076608639421636, -0.7642924876056405026 ) ) ;
#709 = CARTESIAN_POINT ( 'NONE',  ( -7.496188479731157983, 78.01494819753555987, 70.50000000000008527 ) ) ;
#710 = CARTESIAN_POINT ( 'NONE',  ( -19.99999999999997158, 63.75817884783207035, -2.499999999999920508 ) ) ;
#711 = VECTOR ( 'NONE', #821, 1000.000000000000000 ) ;
#712 = DIRECTION ( 'NONE',  ( -0.000000000000000000, -0.000000000000000000, -1.000000000000000000 ) ) ;
#713 = CARTESIAN_POINT ( 'NONE',  ( -1.734723475976807094E-14, -1.734723357380413914E-15, -1.000000000000000444 ) ) ;
#714 = CARTESIAN_POINT ( 'NONE',  ( -15.83183415494863944, 77.56959892240905674, 70.50000000000008527 ) ) ;
#715 = DIRECTION ( 'NONE',  ( 1.387778780781445676E-17, -7.906425676710171005E-23, -1.000000000000000000 ) ) ;
#716 = CARTESIAN_POINT ( 'NONE',  ( 12.53866438045674769, 93.25353884684801642, -54.49999999999990763 ) ) ;
#717 = CARTESIAN_POINT ( 'NONE',  ( -42.59274742064154395, 89.50562454765211839, -54.49999999999990763 ) ) ;
#718 = CARTESIAN_POINT ( 'NONE',  ( 2.775557561562891351E-14, 63.77705015088139362, -4.999999999999919176 ) ) ;
#719 = CYLINDRICAL_SURFACE ( 'NONE', #792, 2.000000000000000000 ) ;
#720 = EDGE_CURVE ( 'NONE', #504, #889, #469, .T. ) ;
#721 = CARTESIAN_POINT ( 'NONE',  ( -16.99999999999997513, 62.45417449534909338, -3.499999999999920064 ) ) ;
#722 = EDGE_CURVE ( 'NONE', #637, #521, #307, .T. ) ;
#723 = FACE_OUTER_BOUND ( 'NONE', #152, .T. ) ;
#724 = CARTESIAN_POINT ( 'NONE',  ( -16.99999999999997513, 62.45417449534909338, 5.500000000000086153 ) ) ;
#725 = CARTESIAN_POINT ( 'NONE',  ( 47.52089356444172097, 84.65014001454694892, -54.49999999999990763 ) ) ;
#726 = ORIENTED_EDGE ( 'NONE', *, *, #772, .F. ) ;
#727 = AXIS2_PLACEMENT_3D ( 'NONE', #594, #1003, #379 ) ;
#728 = CARTESIAN_POINT ( 'NONE',  ( -19.50642974591801604, 77.37491508702413512, 1.821996074057349757 ) ) ;
#729 = CARTESIAN_POINT ( 'NONE',  ( -17.99999999999997513, 64.73236821998030166, 4.253795875566565243 ) ) ;
#730 = CARTESIAN_POINT ( 'NONE',  ( -22.51607581671860103, 95.19142468844474081, 70.50000000000008527 ) ) ;
#731 = ORIENTED_EDGE ( 'NONE', *, *, #537, .F. ) ;
#732 = CARTESIAN_POINT ( 'NONE',  ( -18.00000000518244647, 64.74153861914615504, 4.247712920924386459 ) ) ;
#733 = EDGE_CURVE ( 'NONE', #1145, #526, #746, .T. ) ;
#734 = LINE ( 'NONE', #713, #711 ) ;
#735 = EDGE_LOOP ( 'NONE', ( #1068, #261, #352, #1271 ) ) ;
#736 = CARTESIAN_POINT ( 'NONE',  ( -17.99999999999997513, 77.45325010137190702, -2.499999999999917399 ) ) ;
#737 = CARTESIAN_POINT ( 'NONE',  ( -19.50338059675278757, 62.98940128150551487, 4.163680842965304940 ) ) ;
#738 = CARTESIAN_POINT ( 'NONE',  ( 40.83436004407698050, 81.67628698923304853, -54.49999999999990763 ) ) ;
#739 = ADVANCED_FACE ( 'NONE', ( #814 ), #1219, .F. ) ;
#740 = ORIENTED_EDGE ( 'NONE', *, *, #145, .F. ) ;
#741 = CARTESIAN_POINT ( 'NONE',  ( 2.775557561562891351E-14, 59.25000000000002842, 2.500000000000086153 ) ) ;
#742 = AXIS2_PLACEMENT_3D ( 'NONE', #721, #1022, #818 ) ;
#743 = ORIENTED_EDGE ( 'NONE', *, *, #1125, .T. ) ;
#744 = CARTESIAN_POINT ( 'NONE',  ( 2.775557561562891351E-14, 59.25000000000002842, 2.500000000000086153 ) ) ;
#745 = LINE ( 'NONE', #335, #446 ) ;
#746 = CIRCLE ( 'NONE', #218, 2.000000000000000000 ) ;
#747 = CARTESIAN_POINT ( 'NONE',  ( -17.08947584485080995, 63.77705017527173226, -4.999999978489659824 ) ) ;
#748 = CARTESIAN_POINT ( 'NONE',  ( -7.496188479731157983, 78.01494819753555987, -54.49999999999990763 ) ) ;
#749 = ADVANCED_FACE ( 'NONE', ( #649 ), #1270, .F. ) ;
#750 = ORIENTED_EDGE ( 'NONE', *, *, #207, .F. ) ;
#751 = FACE_OUTER_BOUND ( 'NONE', #378, .T. ) ;
#752 = PLANE ( 'NONE',  #1009 ) ;
#753 = B_SPLINE_SURFACE_WITH_KNOTS ( 'NONE', 3, 1, ( 
 ( #520, #217 ),
 ( #1241, #316 ),
 ( #115, #725 ),
 ( #619, #121 ),
 ( #26, #1026 ),
 ( #418, #321 ),
 ( #125, #929 ),
 ( #426, #16 ),
 ( #826, #1127 ),
 ( #1036, #227 ),
 ( #730, #10 ),
 ( #1221, #1118 ),
 ( #523, #933 ),
 ( #21, #1021 ),
 ( #939, #627 ),
 ( #331, #1236 ),
 ( #832, #1123 ),
 ( #109, #412 ),
 ( #327, #512 ),
 ( #1137, #409 ),
 ( #506, #917 ),
 ( #5, #403 ),
 ( #817, #811 ),
 ( #206, #608 ),
 ( #213, #612 ),
 ( #336, #1043 ),
 ( #458, #431 ),
 ( #445, #547 ),
 ( #1062, #1056 ),
 ( #1269, #436 ),
 ( #636, #850 ),
 ( #866, #643 ),
 ( #154, #1261 ),
 ( #132, #738 ),
 ( #34, #1277 ),
 ( #956, #240 ),
 ( #144, #837 ) ),
 .UNSPECIFIED., .F., .F., .F.,
 ( 4, 1, 1, 1, 1, 1, 1, 1, 1, 1, 1, 1, 1, 1, 1, 1, 1, 1, 1, 1, 1, 1, 1, 1, 1, 1, 1, 1, 1, 1, 1, 1, 1, 1, 4 ),
 ( 2, 2 ),
 ( 0.000000000000000000, 0.02536508872464449810, 0.05053612755872174955, 0.1003618701347641917, 0.1496783382512865135, 0.1985585996384787444, 0.2470636409939346301, 0.2952667862627077477, 0.3432976001428697521, 0.3673747411682081188, 0.3916107887708328850, 0.4161594968373788506, 0.4413019252272763482, 0.4543254831295238660, 0.4678815906748556852, 0.4825385968735472764, 0.4909952784889383692, 0.5100263542411189732, 0.5218055463173286723, 0.5291478474586019942, 0.5422089031537518089, 0.5545686619652151483, 0.5667213781472770773, 0.5908249965976484219, 0.6148423246242851192, 0.6388596526509219276, 0.6629000217420070173, 0.7110052231000469902, 0.7591460896194277552, 0.8073219245187539528, 0.8555015182051326494, 0.9036773531044588470, 0.9518386289141608225, 0.9759228589746615778, 1.000000000000000000 ),
 ( 0.000000000000000000, 1.000000000000000000 ),
 .UNSPECIFIED. ) ;
#754 = CARTESIAN_POINT ( 'NONE',  ( -17.58070190890731865, 63.94297318835747035, -4.856393938281958533 ) ) ;
#755 = DIRECTION ( 'NONE',  ( -0.000000000000000000, -1.000000000000000000, -0.000000000000000000 ) ) ;
#756 = ORIENTED_EDGE ( 'NONE', *, *, #182, .T. ) ;
#757 = ORIENTED_EDGE ( 'NONE', *, *, #722, .T. ) ;
#758 = CARTESIAN_POINT ( 'NONE',  ( -16.99999999999997513, 33.25000000000001421, -2.499999999999920508 ) ) ;
#759 = CARTESIAN_POINT ( 'NONE',  ( -17.74205527797089132, 63.28510214405571332, -5.427198294891583785 ) ) ;
#760 = CLOSED_SHELL ( 'NONE', ( #31, #925, #749, #368, #577, #1053, #892, #244, #2, #212, #342, #990, #676, #408, #849, #283, #1231, #1098, #93, #920, #645, #679, #1147, #435, #953, #581, #1193, #14, #696, #388, #311, #346, #739, #777 ) ) ;
#761 = CARTESIAN_POINT ( 'NONE',  ( -19.99999999999997513, 63.57207309738138434, 2.870345767343658760 ) ) ;
#762 = CARTESIAN_POINT ( 'NONE',  ( -17.50000000000001776, 4.429268570641297914E-15, -2.499999999999991562 ) ) ;
#763 = ORIENTED_EDGE ( 'NONE', *, *, #402, .T. ) ;
#764 = CIRCLE ( 'NONE', #27, 12.00000000000000000 ) ;
#765 = CARTESIAN_POINT ( 'NONE',  ( 0.000000000000000000, 49.24999999999999289, -2.499999999999991562 ) ) ;
#766 = ORIENTED_EDGE ( 'NONE', *, *, #629, .T. ) ;
#767 = CARTESIAN_POINT ( 'NONE',  ( -17.31383581230317503, 63.81341056372578890, -4.967605322239516674 ) ) ;
#768 = CARTESIAN_POINT ( 'NONE',  ( -17.99999999999997513, 70.39142842854288062, 2.500000000000086153 ) ) ;
#769 = ORIENTED_EDGE ( 'NONE', *, *, #853, .T. ) ;
#770 = DIRECTION ( 'NONE',  ( -1.000000000000000000, -0.000000000000000000, -0.000000000000000000 ) ) ;
#771 = CARTESIAN_POINT ( 'NONE',  ( -17.86561332785108647, 64.27718130404684871, -4.586660714560816920 ) ) ;
#772 = EDGE_CURVE ( 'NONE', #1032, #706, #951, .T. ) ;
#773 = ORIENTED_EDGE ( 'NONE', *, *, #182, .F. ) ;
#774 = CARTESIAN_POINT ( 'NONE',  ( -19.94685211312936346, 77.35329700121133101, -1.026898593086808864 ) ) ;
#775 = FACE_OUTER_BOUND ( 'NONE', #48, .T. ) ;
#776 = LINE ( 'NONE', #33, #122 ) ;
#777 = ADVANCED_FACE ( 'NONE', ( #723 ), #1040, .F. ) ;
#778 = VERTEX_POINT ( 'NONE', #527 ) ;
#779 = DIRECTION ( 'NONE',  ( 0.000000000000000000, -1.000000000000000000, 0.000000000000000000 ) ) ;
#780 = LINE ( 'NONE', #908, #150 ) ;
#781 = DIRECTION ( 'NONE',  ( 0.000000000000000000, 0.000000000000000000, -1.000000000000000000 ) ) ;
#782 = VERTEX_POINT ( 'NONE', #318 ) ;
#783 = CARTESIAN_POINT ( 'NONE',  ( -20.00000000000000000, 7.261402971149854973E-15, 8.101158632811689131E-15 ) ) ;
#784 = DIRECTION ( 'NONE',  ( 1.000000000000000000, 0.000000000000000000, 0.000000000000000000 ) ) ;
#785 = CARTESIAN_POINT ( 'NONE',  ( -17.41259875012702452, 62.46222989289009320, -5.478630831963347880 ) ) ;
#786 = ORIENTED_EDGE ( 'NONE', *, *, #629, .F. ) ;
#787 = DIRECTION ( 'NONE',  ( -0.000000000000000000, 1.000000000000000000, -0.000000000000000000 ) ) ;
#788 = PLANE ( 'NONE',  #684 ) ;
#789 = ORIENTED_EDGE ( 'NONE', *, *, #163, .F. ) ;
#790 = VERTEX_POINT ( 'NONE', #736 ) ;
#791 = CARTESIAN_POINT ( 'NONE',  ( -18.13195356148682436, 77.44620985401653002, -2.499999999999916955 ) ) ;
#792 = AXIS2_PLACEMENT_3D ( 'NONE', #923, #1031, #310 ) ;
#793 = CARTESIAN_POINT ( 'NONE',  ( -22.49730017352570854, 77.21206238823860701, 70.50000000000008527 ) ) ;
#794 = EDGE_CURVE ( 'NONE', #1130, #706, #563, .T. ) ;
#795 = AXIS2_PLACEMENT_3D ( 'NONE', #1314, #1002, #96 ) ;
#796 = DIRECTION ( 'NONE',  ( -4.857225732735061097E-17, -7.906425674510506042E-23, -1.000000000000000000 ) ) ;
#797 = LINE ( 'NONE', #1283, #1113 ) ;
#798 = EDGE_LOOP ( 'NONE', ( #459, #868, #1265, #731 ) ) ;
#799 = CARTESIAN_POINT ( 'NONE',  ( 2.775557561562891351E-14, 82.55000000000002558, -2.499999999999917399 ) ) ;
#800 = CARTESIAN_POINT ( 'NONE',  ( -36.73440780787871773, 92.20556819007458671, 70.50000000000008527 ) ) ;
#801 = CARTESIAN_POINT ( 'NONE',  ( -17.99999999999997513, 77.35076608639424478, -2.499999999999917399 ) ) ;
#802 = CARTESIAN_POINT ( 'NONE',  ( -17.99999999999997513, 77.45325010137190702, 2.500000000000087041 ) ) ;
#803 = CARTESIAN_POINT ( 'NONE',  ( -17.93833519478973315, 64.44715210252036286, -4.458185572730697821 ) ) ;
#804 = VERTEX_POINT ( 'NONE', #429 ) ;
#805 = CARTESIAN_POINT ( 'NONE',  ( -18.26171014918316615, 77.43931032597647857, -2.487069239873231474 ) ) ;
#806 = CARTESIAN_POINT ( 'NONE',  ( -16.99999999999997513, 62.45417449534909338, 3.500000000000085709 ) ) ;
#807 = CARTESIAN_POINT ( 'NONE',  ( -19.63979614455600498, 63.08624480016414537, -3.938165074343465744 ) ) ;
#808 = VECTOR ( 'NONE', #1092, 1000.000000000000000 ) ;
#809 = PRODUCT_DEFINITION_FORMATION_WITH_SPECIFIED_SOURCE ( 'ANY', '', #351, .NOT_KNOWN. ) ;
#810 = CARTESIAN_POINT ( 'NONE',  ( 2.775557561562891351E-14, 78.53771764494315732, 70.50000000000008527 ) ) ;
#811 = CARTESIAN_POINT ( 'NONE',  ( -40.01945718655831996, 78.04132991671703223, -54.49999999999990763 ) ) ;
#812 = APPLICATION_CONTEXT ( 'automotive_design' ) ;
#813 = CARTESIAN_POINT ( 'NONE',  ( -19.99999999999997158, 70.39142842854288062, -0.4999999999999154565 ) ) ;
#814 = FACE_OUTER_BOUND ( 'NONE', #961, .T. ) ;
#815 = EDGE_CURVE ( 'NONE', #948, #1014, #400, .T. ) ;
#816 = CARTESIAN_POINT ( 'NONE',  ( -18.25246183316317783, 62.55489318141358979, 5.235946293722574474 ) ) ;
#817 = CARTESIAN_POINT ( 'NONE',  ( -40.01945718655831996, 78.04132991671703223, 70.50000000000008527 ) ) ;
#818 = DIRECTION ( 'NONE',  ( 0.000000000000000000, 0.000000000000000000, -1.000000000000000000 ) ) ;
#819 = EDGE_CURVE ( 'NONE', #471, #1130, #1029, .T. ) ;
#820 = LINE ( 'NONE', #223, #51 ) ;
#821 = DIRECTION ( 'NONE',  ( 3.522283948605836748E-16, 1.000000000000000000, -2.668814559451108378E-22 ) ) ;
#822 = ORIENTED_EDGE ( 'NONE', *, *, #243, .F. ) ;
#823 = CARTESIAN_POINT ( 'NONE',  ( -19.99999999999996803, 77.35076608639424478, 0.5000000000000854872 ) ) ;
#824 = CARTESIAN_POINT ( 'NONE',  ( 0.000000000000000000, 49.24999999999999289, 2.500000000000007994 ) ) ;
#825 = AXIS2_PLACEMENT_3D ( 'NONE', #28, #1037, #130 ) ;
#826 = CARTESIAN_POINT ( 'NONE',  ( -7.479655324454194343, 95.56972833958153046, 70.50000000000008527 ) ) ;
#827 = PRODUCT_CONTEXT ( 'NONE', #202, 'mechanical' ) ;
#828 = ORIENTED_EDGE ( 'NONE', *, *, #120, .F. ) ;
#829 = CIRCLE ( 'NONE', #1173, 3.000000000000000000 ) ;
#830 = ORIENTED_EDGE ( 'NONE', *, *, #381, .T. ) ;
#831 = CARTESIAN_POINT ( 'NONE',  ( -19.99999999999997158, 59.25000000000002842, 2.500000000000086153 ) ) ;
#832 = CARTESIAN_POINT ( 'NONE',  ( -44.71432481699435613, 88.05395587217280706, 70.50000000000008527 ) ) ;
#833 = ORIENTED_EDGE ( 'NONE', *, *, #552, .F. ) ;
#834 = ORIENTED_EDGE ( 'NONE', *, *, #1052, .F. ) ;
#835 = CARTESIAN_POINT ( 'NONE',  ( -17.86561332785108291, 64.27718130404686292, 4.586660714560973240 ) ) ;
#836 = EDGE_CURVE ( 'NONE', #143, #59, #123, .T. ) ;
#837 = CARTESIAN_POINT ( 'NONE',  ( 52.50000000000004974, 82.55000000000002558, -54.49999999999990763 ) ) ;
#838 = DIRECTION ( 'NONE',  ( -0.9963466490417509647, 3.509412972688475853E-16, -0.08540114134643517207 ) ) ;
#839 = EDGE_LOOP ( 'NONE', ( #451, #348, #570, #226, #672, #628 ) ) ;
#840 = CARTESIAN_POINT ( 'NONE',  ( -19.99999999999996803, 70.39142842854288062, 12.50000000000008704 ) ) ;
#841 = ORIENTED_EDGE ( 'NONE', *, *, #537, .T. ) ;
#842 = FACE_OUTER_BOUND ( 'NONE', #586, .T. ) ;
#843 = B_SPLINE_CURVE_WITH_KNOTS ( 'NONE', 3,
 ( #663, #160, #565, #975, #466, #876, #716, #279, #1284, #515, #1310, #184, #269, #260, #13, #717, #85, #664, #1083, #168, #574, #481, #894, #1300, #691, #998, #12, #1224, #748, #155, #977, #452, #666, #859, #69, #60, #141 ),
 .UNSPECIFIED., .F., .F.,
 ( 4, 1, 1, 1, 1, 1, 1, 1, 1, 1, 1, 1, 1, 1, 1, 1, 1, 1, 1, 1, 1, 1, 1, 1, 1, 1, 1, 1, 1, 1, 1, 1, 1, 1, 4 ),
 ( 0.000000000000000000, 0.02536508872464449810, 0.05053612755872174955, 0.1003618701347641917, 0.1496783382512865135, 0.1985585996384787444, 0.2470636409939346301, 0.2952667862627077477, 0.3432976001428697521, 0.3673747411682081188, 0.3916107887708328850, 0.4161594968373788506, 0.4413019252272763482, 0.4543254831295238660, 0.4678815906748556852, 0.4825385968735472764, 0.4909952784889383692, 0.5100263542411189732, 0.5218055463173286723, 0.5291478474586019942, 0.5422089031537518089, 0.5545686619652151483, 0.5667213781472770773, 0.5908249965976484219, 0.6148423246242851192, 0.6388596526509219276, 0.6629000217420070173, 0.7110052231000469902, 0.7591460896194277552, 0.8073219245187539528, 0.8555015182051326494, 0.9036773531044588470, 0.9518386289141608225, 0.9759228589746615778, 1.000000000000000000 ),
 .UNSPECIFIED. ) ;
#844 = CARTESIAN_POINT ( 'NONE',  ( -17.52977630205611703, 62.46771248357460848, -5.464045825671021817 ) ) ;
#845 = ORIENTED_EDGE ( 'NONE', *, *, #819, .F. ) ;
#846 = VECTOR ( 'NONE', #488, 1000.000000000000000 ) ;
#847 = VERTEX_POINT ( 'NONE', #558 ) ;
#848 = LINE ( 'NONE', #372, #1091 ) ;
#849 = ADVANCED_FACE ( 'NONE', ( #43 ), #153, .F. ) ;
#850 = CARTESIAN_POINT ( 'NONE',  ( 12.50003877393625373, 79.50279366166950012, -54.49999999999990763 ) ) ;
#851 = VERTEX_POINT ( 'NONE', #962 ) ;
#852 = DIRECTION ( 'NONE',  ( 1.000000000000000000, 0.000000000000000000, 0.000000000000000000 ) ) ;
#853 = EDGE_CURVE ( 'NONE', #653, #1262, #1260, .T. ) ;
#854 = PLANE ( 'NONE',  #98 ) ;
#855 = EDGE_LOOP ( 'NONE', ( #75, #62, #18, #893, #1182, #687 ) ) ;
#856 = CARTESIAN_POINT ( 'NONE',  ( 2.775557561562891351E-14, 62.45417449534909338, 3.500000000000085709 ) ) ;
#857 = CARTESIAN_POINT ( 'NONE',  ( -18.02685856565801004, 62.51862604511727994, -5.330510920846770695 ) ) ;
#858 = ORIENTED_EDGE ( 'NONE', *, *, #618, .F. ) ;
#859 = CARTESIAN_POINT ( 'NONE',  ( 40.83436004407698050, 81.67628698923304853, -54.49999999999990763 ) ) ;
#860 = AXIS2_PLACEMENT_3D ( 'NONE', #464, #1288, #457 ) ;
#861 = CARTESIAN_POINT ( 'NONE',  ( -19.99999999999997158, 70.39142842854288062, -12.49999999999991651 ) ) ;
#862 = ORIENTED_EDGE ( 'NONE', *, *, #1143, .T. ) ;
#863 = ORIENTED_EDGE ( 'NONE', *, *, #794, .T. ) ;
#864 = CYLINDRICAL_SURFACE ( 'NONE', #146, 2.500000000000000444 ) ;
#865 = AXIS2_PLACEMENT_3D ( 'NONE', #840, #1051, #161 ) ;
#866 = CARTESIAN_POINT ( 'NONE',  ( 22.49986908664088148, 80.28821625312650667, 70.50000000000008527 ) ) ;
#867 = AXIS2_PLACEMENT_3D ( 'NONE', #500, #271, #673 ) ;
#868 = ORIENTED_EDGE ( 'NONE', *, *, #142, .F. ) ;
#869 = CARTESIAN_POINT ( 'NONE',  ( -18.01317698001574996, 62.51836427183472722, 5.331095885409177448 ) ) ;
#870 = LINE ( 'NONE', #768, #1006 ) ;
#871 = ORIENTED_EDGE ( 'NONE', *, *, #1289, .F. ) ;
#872 = CARTESIAN_POINT ( 'NONE',  ( -17.99999999999997513, 63.75817884783207035, 2.500000000000084821 ) ) ;
#873 = EDGE_CURVE ( 'NONE', #847, #665, #678, .T. ) ;
#874 = CARTESIAN_POINT ( 'NONE',  ( -19.99999999999997158, 59.25000000000002842, -2.499999999999913847 ) ) ;
#875 = AXIS2_PLACEMENT_3D ( 'NONE', #411, #315, #1234 ) ;
#876 = CARTESIAN_POINT ( 'NONE',  ( 22.54458865540023993, 91.35364763525041099, -54.49999999999990763 ) ) ;
#877 = ORIENTED_EDGE ( 'NONE', *, *, #323, .F. ) ;
#878 = CARTESIAN_POINT ( 'NONE',  ( -19.99999999999996803, 77.35076608639424478, -0.4999999999999154565 ) ) ;
#879 = CARTESIAN_POINT ( 'NONE',  ( 2.775557561562891351E-14, 78.53771764494315732, -2.499999999999917399 ) ) ;
#880 = CARTESIAN_POINT ( 'NONE',  ( -19.27816918711929617, 62.86473753933227471, 4.460789003005764641 ) ) ;
#881 = ORIENTED_EDGE ( 'NONE', *, *, #381, .F. ) ;
#882 = DIRECTION ( 'NONE',  ( 0.000000000000000000, 2.081668171172168513E-14, 1.000000000000000000 ) ) ;
#883 = CARTESIAN_POINT ( 'NONE',  ( -18.64042266874942655, 63.62356929334258382, -5.115272265515978134 ) ) ;
#884 = EDGE_CURVE ( 'NONE', #706, #660, #1245, .T. ) ;
#885 = ORIENTED_EDGE ( 'NONE', *, *, #1289, .T. ) ;
#886 = CARTESIAN_POINT ( 'NONE',  ( -2.499191358360716375, 78.35930991147367308, 2.500000000000087041 ) ) ;
#887 = LINE ( 'NONE', #61, #902 ) ;
#888 = CARTESIAN_POINT ( 'NONE',  ( -19.93361979840915055, 63.40062280628115587, -3.233784556043130642 ) ) ;
#889 = VERTEX_POINT ( 'NONE', #266 ) ;
#890 = CARTESIAN_POINT ( 'NONE',  ( 52.50000000000004974, 82.93000000000002103, 70.50000000000008527 ) ) ;
#891 = CARTESIAN_POINT ( 'NONE',  ( -19.99999999999997513, 63.75817884783207035, -2.499999999999911626 ) ) ;
#892 = ADVANCED_FACE ( 'NONE', ( #1172 ), #981, .F. ) ;
#893 = ORIENTED_EDGE ( 'NONE', *, *, #921, .T. ) ;
#894 = CARTESIAN_POINT ( 'NONE',  ( -40.01945718655831996, 78.04132991671703223, -54.49999999999990763 ) ) ;
#895 = ORIENTED_EDGE ( 'NONE', *, *, #1162, .T. ) ;
#896 = DIRECTION ( 'NONE',  ( -1.000000000000000000, 0.000000000000000000, -0.000000000000000000 ) ) ;
#897 = AXIS2_PLACEMENT_3D ( 'NONE', #901, #382, #698 ) ;
#898 = CARTESIAN_POINT ( 'NONE',  ( -1.734723475976807094E-14, -1.734723199251901835E-15, 1.000000000000000444 ) ) ;
#899 = DIRECTION ( 'NONE',  ( 0.000000000000000000, -0.5527707983925679303, -0.8333333333333325932 ) ) ;
#900 = DIRECTION ( 'NONE',  ( 0.000000000000000000, 0.000000000000000000, 1.000000000000000000 ) ) ;
#901 = CARTESIAN_POINT ( 'NONE',  ( -17.50000000000000000, 1.566534569899435028E-14, 8.135853102331225273E-15 ) ) ;
#902 = VECTOR ( 'NONE', #1273, 1000.000000000000000 ) ;
#903 = ORIENTED_EDGE ( 'NONE', *, *, #39, .F. ) ;
#904 = DIRECTION ( 'NONE',  ( -1.000000000000000000, -0.000000000000000000, -0.000000000000000000 ) ) ;
#905 = CARTESIAN_POINT ( 'NONE',  ( -42.56612028555027649, 78.62211551786958807, 70.50000000000008527 ) ) ;
#906 = CARTESIAN_POINT ( 'NONE',  ( 2.775557561562891351E-14, 63.77705015088139362, 5.000000000000085265 ) ) ;
#907 = SURFACE_STYLE_FILL_AREA ( #496 ) ;
#908 = CARTESIAN_POINT ( 'NONE',  ( 2.775557561562891351E-14, 70.39142842854288062, 2.500000000000086153 ) ) ;
#909 = CARTESIAN_POINT ( 'NONE',  ( -17.99999999999997513, 70.39142842854288062, 2.500000000000086153 ) ) ;
#910 = EDGE_LOOP ( 'NONE', ( #241, #229, #4, #200 ) ) ;
#911 = CARTESIAN_POINT ( 'NONE',  ( -19.99999999999996803, 33.25000000000001421, -2.499999999999922284 ) ) ;
#912 = CARTESIAN_POINT ( 'NONE',  ( -5.204170427930421283E-15, 33.24999999999999289, 8.378705515159567672E-15 ) ) ;
#913 = PLANE ( 'NONE',  #1046 ) ;
#914 = VECTOR ( 'NONE', #1055, 1000.000000000000000 ) ;
#915 = CARTESIAN_POINT ( 'NONE',  ( -16.99999999999997513, 63.77705015088139362, 5.000000000000086153 ) ) ;
#916 = ORIENTED_EDGE ( 'NONE', *, *, #463, .F. ) ;
#917 = CARTESIAN_POINT ( 'NONE',  ( -44.68540263017102632, 79.50323079208591537, -54.49999999999990763 ) ) ;
#918 = CARTESIAN_POINT ( 'NONE',  ( -19.99999999999996803, 62.45417449534909338, 3.500000000000085709 ) ) ;
#919 = DIRECTION ( 'NONE',  ( 1.000000000000000000, 0.000000000000000000, 0.000000000000000000 ) ) ;
#920 = ADVANCED_FACE ( 'NONE', ( #751 ), #347, .T. ) ;
#921 = EDGE_CURVE ( 'NONE', #1071, #637, #296, .T. ) ;
#922 = EDGE_CURVE ( 'NONE', #108, #270, #551, .T. ) ;
#923 = CARTESIAN_POINT ( 'NONE',  ( -19.99999999999996803, 62.45417449534909338, -3.499999999999920064 ) ) ;
#924 = CARTESIAN_POINT ( 'NONE',  ( -40.01945718655831996, 78.04132991671703223, 70.50000000000008527 ) ) ;
#925 = ADVANCED_FACE ( 'NONE', ( #647 ), #864, .T. ) ;
#926 = AXIS2_PLACEMENT_3D ( 'NONE', #1132, #128, #9 ) ;
#927 = VECTOR ( 'NONE', #1016, 1000.000000000000000 ) ;
#928 = DIRECTION ( 'NONE',  ( 1.000000000000000000, -3.522281169496054356E-16, 1.387778780781445676E-17 ) ) ;
#929 = CARTESIAN_POINT ( 'NONE',  ( 12.53866438045674769, 93.25353884684801642, -54.49999999999990763 ) ) ;
#930 = ORIENTED_EDGE ( 'NONE', *, *, #440, .F. ) ;
#931 = CARTESIAN_POINT ( 'NONE',  ( -19.79738926979887381, 77.36055832082581674, 1.386889568432101205 ) ) ;
#932 = DIRECTION ( 'NONE',  ( -0.000000000000000000, -1.000000000000000000, -0.000000000000000000 ) ) ;
#933 = CARTESIAN_POINT ( 'NONE',  ( -32.55680431060481794, 93.46081524236788596, -54.49999999999990763 ) ) ;
#934 = EDGE_CURVE ( 'NONE', #782, #1050, #1186, .T. ) ;
#935 = ORIENTED_EDGE ( 'NONE', *, *, #1020, .T. ) ;
#936 = VECTOR ( 'NONE', #1263, 1000.000000000000000 ) ;
#937 = FACE_BOUND ( 'NONE', #536, .T. ) ;
#938 = VECTOR ( 'NONE', #1303, 1000.000000000000000 ) ;
#939 = CARTESIAN_POINT ( 'NONE',  ( -40.04960619283911427, 90.81744812853416704, 70.50000000000008527 ) ) ;
#940 = PRESENTATION_LAYER_ASSIGNMENT (  '', '', ( #234 ) ) ;
#941 = EDGE_CURVE ( 'NONE', #669, #289, #324, .T. ) ;
#942 = AXIS2_PLACEMENT_3D ( 'NONE', #91, #489, #900 ) ;
#943 = ORIENTED_EDGE ( 'NONE', *, *, #1121, .F. ) ;
#944 = DIRECTION ( 'NONE',  ( 0.000000000000000000, 0.000000000000000000, 1.000000000000000000 ) ) ;
#945 = CARTESIAN_POINT ( 'NONE',  ( -19.99999999999997513, 63.61156210031923308, 2.791763645252486548 ) ) ;
#946 = DIRECTION ( 'NONE',  ( 3.630701386744604799E-16, 1.000000000000000000, -2.668814559449603746E-22 ) ) ;
#947 = ORIENTED_EDGE ( 'NONE', *, *, #934, .F. ) ;
#948 = VERTEX_POINT ( 'NONE', #1267 ) ;
#949 = CARTESIAN_POINT ( 'NONE',  ( -18.83461860456656467, 62.69344907976454095, 4.882675289574382127 ) ) ;
#950 = CARTESIAN_POINT ( 'NONE',  ( -17.19170722000317397, 63.21010347525638906, -5.499999966806314866 ) ) ;
#951 = LINE ( 'NONE', #1233, #175 ) ;
#952 = CARTESIAN_POINT ( 'NONE',  ( -47.49999999999997158, 62.45417449534909338, 5.500000000000086153 ) ) ;
#953 = ADVANCED_FACE ( 'NONE', ( #655 ), #514, .T. ) ;
#954 = ORIENTED_EDGE ( 'NONE', *, *, #618, .T. ) ;
#955 = DIRECTION ( 'NONE',  ( -0.000000000000000000, -1.000000000000000000, 0.000000000000000000 ) ) ;
#956 = CARTESIAN_POINT ( 'NONE',  ( 50.83318678258250145, 82.43197619470515747, 70.50000000000008527 ) ) ;
#957 = EDGE_CURVE ( 'NONE', #632, #504, #613, .T. ) ;
#958 = CARTESIAN_POINT ( 'NONE',  ( 0.000000000000000000, 49.24999999999999289, -2.499999999999991562 ) ) ;
#959 = CARTESIAN_POINT ( 'NONE',  ( -16.99999999999997513, 82.74000000000002331, 2.500000000000086153 ) ) ;
#960 = AXIS2_PLACEMENT_3D ( 'NONE', #890, #601, #394 ) ;
#961 = EDGE_LOOP ( 'NONE', ( #375, #32, #984, #769 ) ) ;
#962 = CARTESIAN_POINT ( 'NONE',  ( -17.50000000000001776, 4.429268965962580379E-15, 2.500000000000007994 ) ) ;
#963 = DIRECTION ( 'NONE',  ( 0.000000000000000000, -1.000000000000000000, 0.000000000000000000 ) ) ;
#964 = CARTESIAN_POINT ( 'NONE',  ( -17.41259875012702452, 62.46222989289009320, 5.478630831963514858 ) ) ;
#965 = CARTESIAN_POINT ( 'NONE',  ( 32.55033206481378016, 89.01508120765731746, 70.50000000000008527 ) ) ;
#966 = EDGE_LOOP ( 'NONE', ( #690, #877, #1105, #1285 ) ) ;
#967 = DIRECTION ( 'NONE',  ( 0.000000000000000000, -1.000000000000000000, 1.489033026589533876E-16 ) ) ;
#968 = VERTEX_POINT ( 'NONE', #478 ) ;
#969 = CARTESIAN_POINT ( 'NONE',  ( -17.99999999999997868, 64.73236821998030166, -4.253795875566399154 ) ) ;
#970 = CARTESIAN_POINT ( 'NONE',  ( 52.50000000000004974, 82.93000000000002103, 70.50000000000008527 ) ) ;
#971 = EDGE_CURVE ( 'NONE', #999, #456, #174, .T. ) ;
#972 = VERTEX_POINT ( 'NONE', #1305 ) ;
#973 = DIRECTION ( 'NONE',  ( 1.000000000000000000, 0.000000000000000000, 0.000000000000000000 ) ) ;
#974 = CARTESIAN_POINT ( 'NONE',  ( -18.76522624106478787, 63.69649556521130762, -5.051396354666744415 ) ) ;
#975 = CARTESIAN_POINT ( 'NONE',  ( 40.87281536315073538, 86.73119495998199113, -54.49999999999990763 ) ) ;
#976 = ORIENTED_EDGE ( 'NONE', *, *, #941, .F. ) ;
#977 = CARTESIAN_POINT ( 'NONE',  ( 12.50003877393625373, 79.50279366166950012, -54.49999999999990763 ) ) ;
#978 = CARTESIAN_POINT ( 'NONE',  ( -19.99999999999997158, 77.35076608639424478, 0.5000000000000862643 ) ) ;
#979 = CARTESIAN_POINT ( 'NONE',  ( -18.37116853467573208, 63.49106499107922730, 5.234134625590257883 ) ) ;
#980 = EDGE_CURVE ( 'NONE', #482, #504, #1097, .T. ) ;
#981 = PLANE ( 'NONE',  #268 ) ;
#982 = MECHANICAL_DESIGN_GEOMETRIC_PRESENTATION_REPRESENTATION (  '', ( #234 ), #8 ) ;
#983 = CARTESIAN_POINT ( 'NONE',  ( -47.24813709733016509, 84.81183778007468277, -54.49999999999990763 ) ) ;
#984 = ORIENTED_EDGE ( 'NONE', *, *, #1052, .T. ) ;
#985 = CARTESIAN_POINT ( 'NONE',  ( -20.00000000000000000, 33.25000000000001421, 8.101149759003278537E-15 ) ) ;
#986 = CARTESIAN_POINT ( 'NONE',  ( -47.49999999999997158, 82.74000000000002331, 2.500000000000086153 ) ) ;
#987 = CARTESIAN_POINT ( 'NONE',  ( -18.76522624106462445, 63.69649556521128630, 5.051396354666725763 ) ) ;
#988 = ORIENTED_EDGE ( 'NONE', *, *, #675, .T. ) ;
#989 = CARTESIAN_POINT ( 'NONE',  ( -19.99999999999996803, 33.25000000000001421, -28.11249694973128399 ) ) ;
#990 = ADVANCED_FACE ( 'NONE', ( #1315 ), #587, .F. ) ;
#991 = CARTESIAN_POINT ( 'NONE',  ( -17.83446020540889165, 64.22307247227638527, -4.628800237750804847 ) ) ;
#992 = DIRECTION ( 'NONE',  ( 0.08540114134643518595, -3.008076197720924249E-17, -0.9963466490417510757 ) ) ;
#993 = DIRECTION ( 'NONE',  ( 0.000000000000000000, 1.000000000000000000, 0.000000000000000000 ) ) ;
#994 = ORIENTED_EDGE ( 'NONE', *, *, #836, .T. ) ;
#995 = CARTESIAN_POINT ( 'NONE',  ( -1.734723475976807094E-14, -1.734723357380413914E-15, -1.000000000000000444 ) ) ;
#996 = CYLINDRICAL_SURFACE ( 'NONE', #942, 2.000000000000000000 ) ;
#997 = DIRECTION ( 'NONE',  ( 3.522283948605836748E-16, 1.000000000000000000, -7.906425676221359311E-23 ) ) ;
#998 = CARTESIAN_POINT ( 'NONE',  ( -27.49974071452236757, 77.17196993340932920, -54.49999999999990763 ) ) ;
#999 = VERTEX_POINT ( 'NONE', #1200 ) ;
#1000 = LINE ( 'NONE', #911, #808 ) ;
#1001 = PLANE ( 'NONE',  #420 ) ;
#1002 = DIRECTION ( 'NONE',  ( -1.000000000000000000, -0.000000000000000000, -0.000000000000000000 ) ) ;
#1003 = DIRECTION ( 'NONE',  ( 0.08540114134643618515, -3.008060442639502367E-17, 0.9963466490417509647 ) ) ;
#1004 = CARTESIAN_POINT ( 'NONE',  ( -18.83461860456536030, 62.69344907976392989, -4.882675289575280075 ) ) ;
#1005 = CYLINDRICAL_SURFACE ( 'NONE', #897, 2.499999999999998668 ) ;
#1006 = VECTOR ( 'NONE', #1279, 1000.000000000000000 ) ;
#1007 = ORIENTED_EDGE ( 'NONE', *, *, #980, .F. ) ;
#1008 = CARTESIAN_POINT ( 'NONE',  ( -19.99999999999997158, 33.25000000000001421, -2.499999999999920508 ) ) ;
#1009 = AXIS2_PLACEMENT_3D ( 'NONE', #46, #360, #1175 ) ;
#1010 = CARTESIAN_POINT ( 'NONE',  ( 12.50003877393625373, 79.50279366166950012, 70.50000000000008527 ) ) ;
#1011 = CARTESIAN_POINT ( 'NONE',  ( -17.81607374512081776, 62.49430710288709889, -5.394218893631495426 ) ) ;
#1012 = SURFACE_SIDE_STYLE ('',( #907 ) ) ;
#1013 = CARTESIAN_POINT ( 'NONE',  ( -17.31383581230317148, 63.81341056372578890, 4.967605322239685428 ) ) ;
#1014 = VERTEX_POINT ( 'NONE', #802 ) ;
#1015 = DIRECTION ( 'NONE',  ( -3.630704165854387192E-16, -1.000000000000000000, 2.668814559449603746E-22 ) ) ;
#1016 = DIRECTION ( 'NONE',  ( 4.857225732735061097E-17, 7.906425674510506042E-23, 1.000000000000000000 ) ) ;
#1017 = CARTESIAN_POINT ( 'NONE',  ( -19.99999999999996803, 63.57207309738133461, -2.870345767343478460 ) ) ;
#1018 = EDGE_CURVE ( 'NONE', #1039, #151, #302, .T. ) ;
#1019 = CARTESIAN_POINT ( 'NONE',  ( -17.74205527797133897, 63.28510214405572754, 5.427198294891788066 ) ) ;
#1020 = EDGE_CURVE ( 'NONE', #1262, #972, #106, .T. ) ;
#1021 = CARTESIAN_POINT ( 'NONE',  ( -36.73440780787871773, 92.20556819007458671, -54.49999999999990763 ) ) ;
#1022 = DIRECTION ( 'NONE',  ( 1.000000000000000000, 0.000000000000000000, 0.000000000000000000 ) ) ;
#1023 = CARTESIAN_POINT ( 'NONE',  ( -17.98405677070873665, 64.60508571162331748, 4.342706094509447112 ) ) ;
#1024 = AXIS2_PLACEMENT_3D ( 'NONE', #1157, #1165, #246 ) ;
#1025 = B_SPLINE_CURVE_WITH_KNOTS ( 'NONE', 3,
 ( #349, #460, #767, #754, #138, #1169, #650, #658, #969, #1248 ),
 .UNSPECIFIED., .F., .F.,
 ( 4, 2, 2, 2, 4 ),
 ( 0.000000000000000000, 0.0004712296254052904731, 0.0009424592508105809462, 0.001413688876215871311, 0.001884918501621161892 ),
 .UNSPECIFIED. ) ;
#1026 = CARTESIAN_POINT ( 'NONE',  ( 32.55033206481378016, 89.01508120765731746, -54.49999999999990763 ) ) ;
#1027 = VECTOR ( 'NONE', #183, 1000.000000000000000 ) ;
#1028 = EDGE_CURVE ( 'NONE', #1071, #289, #293, .T. ) ;
#1029 = LINE ( 'NONE', #744, #914 ) ;
#1030 = CARTESIAN_POINT ( 'NONE',  ( -17.91115890643460062, 63.32764518986621738, 5.386370690793629734 ) ) ;
#1031 = DIRECTION ( 'NONE',  ( 1.000000000000000000, 0.000000000000000000, 0.000000000000000000 ) ) ;
#1032 = VERTEX_POINT ( 'NONE', #695 ) ;
#1033 = PRODUCT_DEFINITION ( 'UNKNOWN', '', #809, #305 ) ;
#1034 = CARTESIAN_POINT ( 'NONE',  ( -17.15906598246273873, 63.77705015088137941, 5.000000000000086153 ) ) ;
#1035 = AXIS2_PLACEMENT_3D ( 'NONE', #758, #779, #442 ) ;
#1036 = CARTESIAN_POINT ( 'NONE',  ( -15.84286170191646903, 95.66271634681729097, 70.50000000000008527 ) ) ;
#1037 = DIRECTION ( 'NONE',  ( 0.000000000000000000, 0.000000000000000000, 1.000000000000000000 ) ) ;
#1038 = ORIENTED_EDGE ( 'NONE', *, *, #479, .F. ) ;
#1039 = VERTEX_POINT ( 'NONE', #1103 ) ;
#1040 = PLANE ( 'NONE',  #225 ) ;
#1041 = CARTESIAN_POINT ( 'NONE',  ( -19.40182680900288403, 64.18675941359383330, 4.650259760365108797 ) ) ;
#1042 = CIRCLE ( 'NONE', #742, 2.000000000000000000 ) ;
#1043 = CARTESIAN_POINT ( 'NONE',  ( -27.49974071452236757, 77.17196993340932920, -54.49999999999990763 ) ) ;
#1044 = EDGE_LOOP ( 'NONE', ( #280, #135, #1291, #1135 ) ) ;
#1045 = VECTOR ( 'NONE', #416, 1000.000000000000000 ) ;
#1046 = AXIS2_PLACEMENT_3D ( 'NONE', #1095, #592, #585 ) ;
#1047 = VERTEX_POINT ( 'NONE', #995 ) ;
#1048 = DIRECTION ( 'NONE',  ( 0.000000000000000000, 0.000000000000000000, -1.000000000000000000 ) ) ;
#1049 = FACE_OUTER_BOUND ( 'NONE', #1128, .T. ) ;
#1050 = VERTEX_POINT ( 'NONE', #1207 ) ;
#1051 = DIRECTION ( 'NONE',  ( 1.000000000000000000, 0.000000000000000000, 0.000000000000000000 ) ) ;
#1052 = EDGE_CURVE ( 'NONE', #968, #653, #704, .T. ) ;
#1053 = ADVANCED_FACE ( 'NONE', ( #188 ), #1109, .T. ) ;
#1054 = EDGE_LOOP ( 'NONE', ( #532, #167, #881, #1154 ) ) ;
#1055 = DIRECTION ( 'NONE',  ( -0.000000000000000000, -1.000000000000000000, -0.000000000000000000 ) ) ;
#1056 = CARTESIAN_POINT ( 'NONE',  ( -7.496188479731157983, 78.01494819753555987, -54.49999999999990763 ) ) ;
#1057 = MANIFOLD_SOLID_BREP ( 'Boss-Extrude2', #760 ) ;
#1058 = ORIENTED_EDGE ( 'NONE', *, *, #432, .T. ) ;
#1059 = LINE ( 'NONE', #567, #64 ) ;
#1060 = ORIENTED_EDGE ( 'NONE', *, *, #1293, .F. ) ;
#1061 = DIRECTION ( 'NONE',  ( -0.000000000000000000, -0.000000000000000000, -1.000000000000000000 ) ) ;
#1062 = CARTESIAN_POINT ( 'NONE',  ( -7.496188479731157983, 78.01494819753555987, 70.50000000000008527 ) ) ;
#1063 = ORIENTED_EDGE ( 'NONE', *, *, #142, .T. ) ;
#1064 = CARTESIAN_POINT ( 'NONE',  ( -19.99999999999996803, 33.25000000000001421, -5.499999999999920064 ) ) ;
#1065 = AXIS2_PLACEMENT_3D ( 'NONE', #959, #651, #282 ) ;
#1066 = CARTESIAN_POINT ( 'NONE',  ( -9.841977309562386367, 33.25000000000000000, 1.843598055105351685 ) ) ;
#1067 = EDGE_LOOP ( 'NONE', ( #545, #1171, #232, #164, #265, #1087, #477, #428, #863, #427, #76, #935, #596, #566 ) ) ;
#1068 = ORIENTED_EDGE ( 'NONE', *, *, #922, .T. ) ;
#1069 = CARTESIAN_POINT ( 'NONE',  ( -17.37926981543434835, 63.22589261211504663, -5.484473035778735017 ) ) ;
#1070 = LINE ( 'NONE', #970, #363 ) ;
#1071 = VERTEX_POINT ( 'NONE', #97 ) ;
#1072 = CARTESIAN_POINT ( 'NONE',  ( -19.99999999999996803, 33.25000000000001421, 5.500000000000086153 ) ) ;
#1073 = CARTESIAN_POINT ( 'NONE',  ( -19.30560962622753962, 64.09789628427299135, -4.719559774787981610 ) ) ;
#1074 = CARTESIAN_POINT ( 'NONE',  ( 52.50000000000004974, 82.55000000000002558, 70.50000000000008527 ) ) ;
#1075 = VECTOR ( 'NONE', #550, 1000.000000000000000 ) ;
#1076 = EDGE_CURVE ( 'NONE', #108, #322, #764, .T. ) ;
#1077 = DIRECTION ( 'NONE',  ( -0.000000000000000000, -0.000000000000000000, -1.000000000000000000 ) ) ;
#1078 = CARTESIAN_POINT ( 'NONE',  ( -19.10238005150942087, 63.92910228558305619, 4.855230845567799491 ) ) ;
#1079 = ORIENTED_EDGE ( 'NONE', *, *, #453, .F. ) ;
#1080 = CARTESIAN_POINT ( 'NONE',  ( 2.775557561562891351E-14, 82.55000000000002558, -2.499999999999917399 ) ) ;
#1081 = DIRECTION ( 'NONE',  ( 2.779109781899464598E-22, 1.000000000000000000, -2.668814559499989665E-22 ) ) ;
#1082 = VERTEX_POINT ( 'NONE', #762 ) ;
#1083 = CARTESIAN_POINT ( 'NONE',  ( -48.13970055519141056, 83.15213101239305615, -54.49999999999990763 ) ) ;
#1084 = ORIENTED_EDGE ( 'NONE', *, *, #671, .T. ) ;
#1085 = DIRECTION ( 'NONE',  ( -1.000000000000000000, -0.000000000000000000, -0.000000000000000000 ) ) ;
#1086 = DIRECTION ( 'NONE',  ( 3.522283948605836748E-16, 1.000000000000000000, -2.668814559451108378E-22 ) ) ;
#1087 = ORIENTED_EDGE ( 'NONE', *, *, #272, .T. ) ;
#1088 = SURFACE_STYLE_USAGE ( .BOTH. , #1012 ) ;
#1089 = AXIS2_PLACEMENT_3D ( 'NONE', #258, #963, #535 ) ;
#1090 = CARTESIAN_POINT ( 'NONE',  ( -19.40182680900320022, 64.18675941359322223, -4.650259760364859218 ) ) ;
#1091 = VECTOR ( 'NONE', #1086, 1000.000000000000000 ) ;
#1092 = DIRECTION ( 'NONE',  ( 2.168404344971010594E-16, -1.000000000000000000, 0.000000000000000000 ) ) ;
#1093 = CARTESIAN_POINT ( 'NONE',  ( 52.50000000000004974, 82.93000000000002103, 70.50000000000008527 ) ) ;
#1094 = EDGE_CURVE ( 'NONE', #1138, #396, #887, .T. ) ;
#1095 = CARTESIAN_POINT ( 'NONE',  ( -47.24813709733016509, 84.81183778007468277, 70.50000000000008527 ) ) ;
#1096 = ORIENTED_EDGE ( 'NONE', *, *, #483, .T. ) ;
#1097 = LINE ( 'NONE', #389, #214 ) ;
#1098 = ADVANCED_FACE ( 'NONE', ( #775 ), #854, .T. ) ;
#1099 = LINE ( 'NONE', #564, #1027 ) ;
#1100 = CYLINDRICAL_SURFACE ( 'NONE', #1211, 2.000000000000000000 ) ;
#1101 = PLANE ( 'NONE',  #703 ) ;
#1102 = CARTESIAN_POINT ( 'NONE',  ( -46.55419453415900932, 80.72659557116496387, 70.50000000000008527 ) ) ;
#1103 = CARTESIAN_POINT ( 'NONE',  ( 0.000000000000000000, 49.24999999999999289, 2.500000000000007994 ) ) ;
#1104 = DIRECTION ( 'NONE',  ( 0.000000000000000000, 0.5527707983925680413, -0.8333333333333324822 ) ) ;
#1105 = ORIENTED_EDGE ( 'NONE', *, *, #1293, .T. ) ;
#1106 = DIRECTION ( 'NONE',  ( 0.000000000000000000, -1.000000000000000000, 0.000000000000000000 ) ) ;
#1107 = VECTOR ( 'NONE', #201, 1000.000000000000000 ) ;
#1108 = DIRECTION ( 'NONE',  ( -4.857225732735061097E-17, -7.906425674510506042E-23, -1.000000000000000000 ) ) ;
#1109 = PLANE ( 'NONE',  #727 ) ;
#1110 = CARTESIAN_POINT ( 'NONE',  ( 2.775557561562891351E-14, 59.25000000000002842, -2.499999999999913847 ) ) ;
#1111 = ORIENTED_EDGE ( 'NONE', *, *, #853, .F. ) ;
#1112 = DIRECTION ( 'NONE',  ( 0.000000000000000000, 0.000000000000000000, 1.000000000000000000 ) ) ;
#1113 = VECTOR ( 'NONE', #1201, 1000.000000000000000 ) ;
#1114 = EDGE_CURVE ( 'NONE', #1014, #37, #870, .T. ) ;
#1115 = CARTESIAN_POINT ( 'NONE',  ( 22.49986908664088148, 80.28821625312650667, 70.50000000000008527 ) ) ;
#1116 = CARTESIAN_POINT ( 'NONE',  ( -19.04468793536372218, 62.76512479266573052, -4.704182410178503915 ) ) ;
#1117 = FACE_OUTER_BOUND ( 'NONE', #798, .T. ) ;
#1118 = CARTESIAN_POINT ( 'NONE',  ( -27.53203267366174600, 94.51801322551889939, -54.49999999999990763 ) ) ;
#1119 = CARTESIAN_POINT ( 'NONE',  ( -46.82141254377091144, 86.07493828514583356, 70.50000000000008527 ) ) ;
#1120 = DIRECTION ( 'NONE',  ( -1.000000000000000000, 3.522281169496054356E-16, -1.387778780781445676E-17 ) ) ;
#1121 = EDGE_CURVE ( 'NONE', #177, #778, #1070, .T. ) ;
#1122 = LINE ( 'NONE', #1110, #534 ) ;
#1123 = CARTESIAN_POINT ( 'NONE',  ( -44.71432481699435613, 88.05395587217280706, -54.49999999999990763 ) ) ;
#1124 = CARTESIAN_POINT ( 'NONE',  ( 2.775557561562891351E-14, 33.25000000000001421, -5.499999999999920064 ) ) ;
#1125 = EDGE_CURVE ( 'NONE', #482, #665, #263, .T. ) ;
#1126 = CARTESIAN_POINT ( 'NONE',  ( -17.19170722000352214, 63.21010347526075179, 5.499999966806403684 ) ) ;
#1127 = CARTESIAN_POINT ( 'NONE',  ( -7.479655324454194343, 95.56972833958153046, -54.49999999999990763 ) ) ;
#1128 = EDGE_LOOP ( 'NONE', ( #365, #828, #871, #559 ) ) ;
#1129 = VECTOR ( 'NONE', #1206, 1000.000000000000000 ) ;
#1130 = VERTEX_POINT ( 'NONE', #667 ) ;
#1131 = ORIENTED_EDGE ( 'NONE', *, *, #463, .T. ) ;
#1132 = CARTESIAN_POINT ( 'NONE',  ( -17.50000000000000000, 6.353727624463703600E-15, 8.135853102331225273E-15 ) ) ;
#1133 = AXIS2_PLACEMENT_3D ( 'NONE', #918, #591, #1212 ) ;
#1134 = FACE_OUTER_BOUND ( 'NONE', #1044, .T. ) ;
#1135 = ORIENTED_EDGE ( 'NONE', *, *, #1121, .T. ) ;
#1136 = CARTESIAN_POINT ( 'NONE',  ( -17.91759982917815464, 64.38920601699066992, 4.501357448407847350 ) ) ;
#1137 = CARTESIAN_POINT ( 'NONE',  ( -46.55419453415900932, 80.72659557116496387, 70.50000000000008527 ) ) ;
#1138 = VERTEX_POINT ( 'NONE', #156 ) ;
#1139 = ORIENTED_EDGE ( 'NONE', *, *, #675, .F. ) ;
#1140 = CARTESIAN_POINT ( 'NONE',  ( -19.73596713910668043, 77.36355798901766434, 1.501744977083663501 ) ) ;
#1141 = CARTESIAN_POINT ( 'NONE',  ( -18.99556267970361745, 63.84868076376221069, 4.921850008041379176 ) ) ;
#1142 = VECTOR ( 'NONE', #1198, 1000.000000000000000 ) ;
#1143 = EDGE_CURVE ( 'NONE', #889, #948, #162, .T. ) ;
#1144 = FACE_OUTER_BOUND ( 'NONE', #357, .T. ) ;
#1145 = VERTEX_POINT ( 'NONE', #568 ) ;
#1146 = LINE ( 'NONE', #1064, #1274 ) ;
#1147 = ADVANCED_FACE ( 'NONE', ( #249 ), #561, .T. ) ;
#1148 = CIRCLE ( 'NONE', #134, 10.00000000000000178 ) ;
#1149 = EDGE_CURVE ( 'NONE', #790, #804, #1225, .T. ) ;
#1150 = EDGE_LOOP ( 'NONE', ( #841, #102, #219, #1079, #988 ) ) ;
#1151 = CARTESIAN_POINT ( 'NONE',  ( 2.775557561562891351E-14, 70.39142842854288062, 12.50000000000008704 ) ) ;
#1152 = CARTESIAN_POINT ( 'NONE',  ( -19.67960627078036850, 64.46449014609858352, 4.440338652664830299 ) ) ;
#1153 = CARTESIAN_POINT ( 'NONE',  ( -17.91115890643354192, 63.32764518986562763, -5.386370690793727434 ) ) ;
#1154 = ORIENTED_EDGE ( 'NONE', *, *, #1114, .F. ) ;
#1155 = CARTESIAN_POINT ( 'NONE',  ( -17.99999999999997513, 64.86372044461720066, -4.166666666666586138 ) ) ;
#1156 = ORIENTED_EDGE ( 'NONE', *, *, #1094, .F. ) ;
#1157 = CARTESIAN_POINT ( 'NONE',  ( -17.99999999999997513, 70.39142842854288062, -0.4999999999999154565 ) ) ;
#1158 = FACE_OUTER_BOUND ( 'NONE', #237, .T. ) ;
#1159 = EDGE_LOOP ( 'NONE', ( #361, #1301, #885, #699 ) ) ;
#1160 = CARTESIAN_POINT ( 'NONE',  ( -17.20784359306284728, 62.45417449534909338, 5.500000000000087041 ) ) ;
#1161 = DIRECTION ( 'NONE',  ( -0.000000000000000000, 1.000000000000000000, -0.000000000000000000 ) ) ;
#1162 = EDGE_CURVE ( 'NONE', #669, #972, #1184, .T. ) ;
#1163 = B_SPLINE_CURVE_WITH_KNOTS ( 'NONE', 3,
 ( #1294, #886, #492, #484, #683, #597 ),
 .UNSPECIFIED., .F., .F.,
 ( 4, 1, 1, 4 ),
 ( 0.2528930649015181942, 0.2889947768999530098, 0.3370999782579929827, 0.3395046457484094393 ),
 .UNSPECIFIED. ) ;
#1164 = ORIENTED_EDGE ( 'NONE', *, *, #516, .F. ) ;
#1165 = DIRECTION ( 'NONE',  ( -0.000000000000000000, -1.000000000000000000, -0.000000000000000000 ) ) ;
#1166 = VECTOR ( 'NONE', #344, 1000.000000000000000 ) ;
#1167 = CARTESIAN_POINT ( 'NONE',  ( -17.34228619379687686, 63.83075977477950858, -4.952919715463261596 ) ) ;
#1168 = ORIENTED_EDGE ( 'NONE', *, *, #639, .T. ) ;
#1169 = CARTESIAN_POINT ( 'NONE',  ( -17.85411594595455398, 64.24185028340131964, -4.613277170040480435 ) ) ;
#1170 = DIRECTION ( 'NONE',  ( 0.000000000000000000, 0.000000000000000000, 1.000000000000000000 ) ) ;
#1171 = ORIENTED_EDGE ( 'NONE', *, *, #1246, .T. ) ;
#1172 = FACE_OUTER_BOUND ( 'NONE', #562, .T. ) ;
#1173 = AXIS2_PLACEMENT_3D ( 'NONE', #166, #932, #1214 ) ;
#1174 = AXIS2_PLACEMENT_3D ( 'NONE', #313, #715, #1120 ) ;
#1175 = DIRECTION ( 'NONE',  ( -1.000000000000000000, 3.522281169496054356E-16, -1.387778780781445676E-17 ) ) ;
#1176 = ORIENTED_EDGE ( 'NONE', *, *, #1020, .F. ) ;
#1177 = LINE ( 'NONE', #952, #1166 ) ;
#1178 =( NAMED_UNIT ( * ) SI_UNIT ( $, .STERADIAN. ) SOLID_ANGLE_UNIT ( ) );
#1179 = ORIENTED_EDGE ( 'NONE', *, *, #173, .T. ) ;
#1180 = DIRECTION ( 'NONE',  ( 0.000000000000000000, 0.000000000000000000, 1.000000000000000000 ) ) ;
#1181 = CARTESIAN_POINT ( 'NONE',  ( -19.99999999999997513, 63.61156210031494851, -2.791763645249876635 ) ) ;
#1182 = ORIENTED_EDGE ( 'NONE', *, *, #45, .T. ) ;
#1183 = LINE ( 'NONE', #191, #1230 ) ;
#1184 = LINE ( 'NONE', #1066, #383 ) ;
#1185 = DIRECTION ( 'NONE',  ( 3.522283948605836748E-16, 1.000000000000000000, -2.668814559451108378E-22 ) ) ;
#1186 = LINE ( 'NONE', #546, #444 ) ;
#1187 = CARTESIAN_POINT ( 'NONE',  ( -18.99556267970348244, 63.84868076376222490, -4.921850008041014135 ) ) ;
#1188 = EDGE_CURVE ( 'NONE', #177, #143, #80, .T. ) ;
#1189 = CARTESIAN_POINT ( 'NONE',  ( -16.99999999999997513, 63.77705015088139362, -4.999999999999919176 ) ) ;
#1190 = DIRECTION ( 'NONE',  ( 0.000000000000000000, 0.000000000000000000, 1.000000000000000000 ) ) ;
#1191 = CARTESIAN_POINT ( 'NONE',  ( 12.53866438045674769, 93.25353884684801642, 70.50000000000008527 ) ) ;
#1192 = FACE_OUTER_BOUND ( 'NONE', #68, .T. ) ;
#1193 = ADVANCED_FACE ( 'NONE', ( #405 ), #187, .T. ) ;
#1194 = PRESENTATION_STYLE_ASSIGNMENT (( #1088 ) ) ;
#1195 = DIRECTION ( 'NONE',  ( 0.000000000000000000, 0.000000000000000000, -1.000000000000000000 ) ) ;
#1196 = CARTESIAN_POINT ( 'NONE',  ( -18.51700976126246800, 77.42581296176160777, -2.436398015128908856 ) ) ;
#1197 = B_SPLINE_CURVE_WITH_KNOTS ( 'NONE', 3,
 ( #555, #1160, #964, #248, #869, #262, #55, #543, #254, #1272, #560, #1278, #338, #356, #761, #644 ),
 .UNSPECIFIED., .F., .F.,
 ( 4, 2, 2, 2, 2, 2, 2, 4 ),
 ( 0.000000000000000000, 0.0006179058195868158141, 0.001235811639173631628, 0.001853717458760447767, 0.002471623278347263256, 0.003089529097934078962, 0.003707434917520895535, 0.004943246556694525645 ),
 .UNSPECIFIED. ) ;
#1198 = DIRECTION ( 'NONE',  ( -0.000000000000000000, -1.000000000000000000, 1.489033026589533876E-16 ) ) ;
#1199 = DIRECTION ( 'NONE',  ( 0.000000000000000000, 1.000000000000000000, 0.000000000000000000 ) ) ;
#1200 = CARTESIAN_POINT ( 'NONE',  ( -5.204170427930421283E-15, 33.24999999999999289, -1.000000000000000444 ) ) ;
#1201 = DIRECTION ( 'NONE',  ( -0.000000000000000000, -0.000000000000000000, 1.000000000000000000 ) ) ;
#1202 = VERTEX_POINT ( 'NONE', #898 ) ;
#1203 = ORIENTED_EDGE ( 'NONE', *, *, #1215, .T. ) ;
#1204 = DIRECTION ( 'NONE',  ( -0.000000000000000000, 1.000000000000000000, -1.489033026589533876E-16 ) ) ;
#1205 = CARTESIAN_POINT ( 'NONE',  ( -36.68203589442436652, 77.53847531502744062, 70.50000000000008527 ) ) ;
#1206 = DIRECTION ( 'NONE',  ( 0.000000000000000000, 1.000000000000000000, -1.489033026589533876E-16 ) ) ;
#1207 = CARTESIAN_POINT ( 'NONE',  ( -19.99999999999997158, 49.25000000000000000, -2.499999999999922284 ) ) ;
#1208 = CARTESIAN_POINT ( 'NONE',  ( -18.22763451057863548, 63.43115351986199357, -5.289325524356506492 ) ) ;
#1209 = ORIENTED_EDGE ( 'NONE', *, *, #1264, .T. ) ;
#1210 = CARTESIAN_POINT ( 'NONE',  ( -18.88588657213453814, 77.40652867302515006, -2.297875650143605952 ) ) ;
#1211 = AXIS2_PLACEMENT_3D ( 'NONE', #573, #498, #781 ) ;
#1212 = DIRECTION ( 'NONE',  ( 0.000000000000000000, 0.000000000000000000, -1.000000000000000000 ) ) ;
#1213 = CARTESIAN_POINT ( 'NONE',  ( -17.20784359306284372, 62.45417449534907917, -5.499999999999921840 ) ) ;
#1214 = DIRECTION ( 'NONE',  ( 0.000000000000000000, 0.000000000000000000, 1.000000000000000000 ) ) ;
#1215 = EDGE_CURVE ( 'NONE', #1047, #1202, #507, .T. ) ;
#1216 = CARTESIAN_POINT ( 'NONE',  ( -19.99999999999996803, 77.35076608639424478, 70.50000000000008527 ) ) ;
#1217 = VECTOR ( 'NONE', #430, 1000.000000000000000 ) ;
#1218 = CARTESIAN_POINT ( 'NONE',  ( 2.775557561562891351E-14, 33.25000000000001421, 5.500000000000086153 ) ) ;
#1219 = PLANE ( 'NONE',  #1174 ) ;
#1220 = CARTESIAN_POINT ( 'NONE',  ( -17.55302319995025684, 63.93438864626411799, 4.863969182533963043 ) ) ;
#1221 = CARTESIAN_POINT ( 'NONE',  ( -27.53203267366174600, 94.51801322551889939, 70.50000000000008527 ) ) ;
#1222 = EDGE_CURVE ( 'NONE', #1032, #968, #1232, .T. ) ;
#1223 = CARTESIAN_POINT ( 'NONE',  ( -44.71432481699435613, 88.05395587217280706, 70.50000000000008527 ) ) ;
#1224 = CARTESIAN_POINT ( 'NONE',  ( -15.83183415494863944, 77.56959892240905674, -54.49999999999990763 ) ) ;
#1225 = B_SPLINE_CURVE_WITH_KNOTS ( 'NONE', 3,
 ( #685, #170, #70, #149, #468, #879 ),
 .UNSPECIFIED., .F., .F.,
 ( 4, 1, 1, 4 ),
 ( 0.6604953542515905607, 0.6629000217420070173, 0.7110052231000469902, 0.7471069350984818058 ),
 .UNSPECIFIED. ) ;
#1226 = DIRECTION ( 'NONE',  ( 1.000000000000000000, 0.000000000000000000, 0.000000000000000000 ) ) ;
#1227 = LINE ( 'NONE', #810, #1282 ) ;
#1228 = LINE ( 'NONE', #1216, #1257 ) ;
#1229 = ORIENTED_EDGE ( 'NONE', *, *, #45, .F. ) ;
#1230 = VECTOR ( 'NONE', #290, 1000.000000000000114 ) ;
#1231 = ADVANCED_FACE ( 'NONE', ( #6 ), #1001, .F. ) ;
#1232 = CIRCLE ( 'NONE', #652, 2.000000000000000000 ) ;
#1233 = CARTESIAN_POINT ( 'NONE',  ( -19.99999999999996803, 63.77705015088139362, 5.000000000000085265 ) ) ;
#1234 = DIRECTION ( 'NONE',  ( 0.000000000000000000, 0.000000000000000000, 1.000000000000000000 ) ) ;
#1235 = AXIS2_PLACEMENT_3D ( 'NONE', #661, #251, #158 ) ;
#1236 = CARTESIAN_POINT ( 'NONE',  ( -42.59274742064154395, 89.50562454765211839, -54.49999999999990763 ) ) ;
#1237 = APPLICATION_PROTOCOL_DEFINITION ( 'draft international standard', 'automotive_design', 1998, #812 ) ;
#1238 = ORIENTED_EDGE ( 'NONE', *, *, #120, .T. ) ;
#1239 = CARTESIAN_POINT ( 'NONE',  ( -19.59086678785769919, 77.37071686418107674, 1.719105315574465997 ) ) ;
#1240 = CARTESIAN_POINT ( 'NONE',  ( -17.93833519478972960, 64.44715210252034865, 4.458185572730883450 ) ) ;
#1241 = CARTESIAN_POINT ( 'NONE',  ( 50.83605464191938239, 83.50484591452269001, 70.50000000000008527 ) ) ;
#1242 = ORIENTED_EDGE ( 'NONE', *, *, #17, .F. ) ;
#1243 = ORIENTED_EDGE ( 'NONE', *, *, #957, .F. ) ;
#1244 = CARTESIAN_POINT ( 'NONE',  ( -19.75279947573861250, 63.18876153508336557, 3.704886809865253650 ) ) ;
#1245 = CIRCLE ( 'NONE', #455, 2.000000000000000000 ) ;
#1246 = EDGE_CURVE ( 'NONE', #999, #449, #208, .T. ) ;
#1247 = APPLICATION_PROTOCOL_DEFINITION ( 'draft international standard', 'automotive_design', 1998, #202 ) ;
#1248 = CARTESIAN_POINT ( 'NONE',  ( -17.99999999999997513, 64.86372044461720066, -4.166666666666586138 ) ) ;
#1249 = EDGE_CURVE ( 'NONE', #36, #108, #584, .T. ) ;
#1250 = ORIENTED_EDGE ( 'NONE', *, *, #1162, .F. ) ;
#1251 = CARTESIAN_POINT ( 'NONE',  ( -17.99999999999997513, 77.45325010137190702, 2.500000000000087041 ) ) ;
#1252 = CARTESIAN_POINT ( 'NONE',  ( -17.99999999999997513, 64.86372044461720066, 4.166666666666754004 ) ) ;
#1253 = CARTESIAN_POINT ( 'NONE',  ( -18.25246183316183135, 62.55489318141297161, -5.235946293723158007 ) ) ;
#1254 = EDGE_CURVE ( 'NONE', #1262, #660, #609, .T. ) ;
#1255 = ORIENTED_EDGE ( 'NONE', *, *, #220, .F. ) ;
#1256 = CARTESIAN_POINT ( 'NONE',  ( 2.775557561562891351E-14, 70.39142842854288062, -2.499999999999915623 ) ) ;
#1257 = VECTOR ( 'NONE', #224, 1000.000000000000000 ) ;
#1258 = AXIS2_PLACEMENT_3D ( 'NONE', #354, #946, #35 ) ;
#1259 = EDGE_LOOP ( 'NONE', ( #329, #42, #930, #247 ) ) ;
#1260 = LINE ( 'NONE', #1072, #113 ) ;
#1261 = CARTESIAN_POINT ( 'NONE',  ( 32.49791733571333197, 81.08413762144003556, -54.49999999999990763 ) ) ;
#1262 = VERTEX_POINT ( 'NONE', #1218 ) ;
#1263 = DIRECTION ( 'NONE',  ( -1.000000000000000000, -0.000000000000000000, -0.000000000000000000 ) ) ;
#1264 = EDGE_CURVE ( 'NONE', #526, #29, #485, .T. ) ;
#1265 = ORIENTED_EDGE ( 'NONE', *, *, #1222, .F. ) ;
#1266 = ORIENTED_EDGE ( 'NONE', *, *, #722, .F. ) ;
#1267 = CARTESIAN_POINT ( 'NONE',  ( -19.99999999999996803, 77.35076608639424478, 0.5000000000000854872 ) ) ;
#1268 = PRODUCT_DEFINITION_SHAPE ( 'NONE', 'NONE',  #1033 ) ;
#1269 = CARTESIAN_POINT ( 'NONE',  ( 2.503955146083383543, 78.70092722556303499, 70.50000000000008527 ) ) ;
#1270 = PLANE ( 'NONE',  #1258 ) ;
#1271 = ORIENTED_EDGE ( 'NONE', *, *, #1076, .F. ) ;
#1272 = CARTESIAN_POINT ( 'NONE',  ( -19.31652912421303725, 62.88315560517161629, 4.416471149544317853 ) ) ;
#1273 = DIRECTION ( 'NONE',  ( 0.000000000000000000, 1.000000000000000000, 0.000000000000000000 ) ) ;
#1274 = VECTOR ( 'NONE', #852, 1000.000000000000000 ) ;
#1275 = ORIENTED_EDGE ( 'NONE', *, *, #1028, .T. ) ;
#1276 = VECTOR ( 'NONE', #1204, 1000.000000000000000 ) ;
#1277 = CARTESIAN_POINT ( 'NONE',  ( 47.49906958775666510, 82.19589383435402397, -54.49999999999990763 ) ) ;
#1278 = CARTESIAN_POINT ( 'NONE',  ( -19.63979614455600498, 63.08624480016415959, 3.938165074343637606 ) ) ;
#1279 = DIRECTION ( 'NONE',  ( 0.000000000000000000, -1.000000000000000000, 0.000000000000000000 ) ) ;
#1280 = COLOUR_RGB ( '',0.7921568627450980005, 0.8196078431372548767, 0.9333333333333333481 ) ;
#1281 = ORIENTED_EDGE ( 'NONE', *, *, #934, .T. ) ;
#1282 = VECTOR ( 'NONE', #622, 1000.000000000000000 ) ;
#1283 = CARTESIAN_POINT ( 'NONE',  ( -19.99999999999997158, 49.25000000000000000, -28.11249694973128399 ) ) ;
#1284 = CARTESIAN_POINT ( 'NONE',  ( -7.479655324454194343, 95.56972833958153046, -54.49999999999990763 ) ) ;
#1285 = ORIENTED_EDGE ( 'NONE', *, *, #440, .T. ) ;
#1286 = CARTESIAN_POINT ( 'NONE',  ( -17.99999999999997513, 70.39142842854288062, -2.499999999999915623 ) ) ;
#1287 = CARTESIAN_POINT ( 'NONE',  ( -19.59683999534920673, 63.05433187874452727, 4.011978576822055942 ) ) ;
#1288 = DIRECTION ( 'NONE',  ( 0.000000000000000000, 0.000000000000000000, 1.000000000000000000 ) ) ;
#1289 = EDGE_CURVE ( 'NONE', #521, #29, #1042, .T. ) ;
#1290 = CARTESIAN_POINT ( 'NONE',  ( -19.10238005150928231, 63.92910228558244512, -4.855230845567663600 ) ) ;
#1291 = ORIENTED_EDGE ( 'NONE', *, *, #1188, .F. ) ;
#1292 = EDGE_CURVE ( 'NONE', #449, #1145, #317, .T. ) ;
#1293 = EDGE_CURVE ( 'NONE', #1047, #1082, #393, .T. ) ;
#1294 = CARTESIAN_POINT ( 'NONE',  ( 2.775557561562891351E-14, 78.53771764494315732, 2.500000000000086153 ) ) ;
#1295 = CARTESIAN_POINT ( 'NONE',  ( 47.52089356444172097, 84.65014001454694892, 70.50000000000008527 ) ) ;
#1296 = DIRECTION ( 'NONE',  ( 0.000000000000000000, 0.000000000000000000, 1.000000000000000000 ) ) ;
#1297 = CARTESIAN_POINT ( 'NONE',  ( -16.99999999999997513, 33.25000000000001421, 5.500000000000086153 ) ) ;
#1298 = CARTESIAN_POINT ( 'NONE',  ( -17.99999999999997513, 64.86372044461720066, -4.166666666666584362 ) ) ;
#1299 = DIRECTION ( 'NONE',  ( -4.857225732735060481E-17, -7.906425674510506042E-23, -1.000000000000000000 ) ) ;
#1300 = CARTESIAN_POINT ( 'NONE',  ( -36.68203589442436652, 77.53847531502744062, -54.49999999999990763 ) ) ;
#1301 = ORIENTED_EDGE ( 'NONE', *, *, #639, .F. ) ;
#1302 = CARTESIAN_POINT ( 'NONE',  ( -17.99999999999997513, 77.45325010137190702, -2.499999999999917399 ) ) ;
#1303 = DIRECTION ( 'NONE',  ( 0.000000000000000000, 1.000000000000000000, 0.000000000000000000 ) ) ;
#1304 = CARTESIAN_POINT ( 'NONE',  ( -19.43499060542423607, 62.94731431269816113, -4.262856550423125057 ) ) ;
#1305 = CARTESIAN_POINT ( 'NONE',  ( -5.204170427930421283E-15, 33.24999999999999289, 1.000000000000000444 ) ) ;
#1306 = VECTOR ( 'NONE', #82, 1000.000000000000000 ) ;
#1307 = AXIS2_PLACEMENT_3D ( 'NONE', #765, #553, #353 ) ;
#1308 = DIRECTION ( 'NONE',  ( -0.000000000000000000, -0.000000000000000000, -1.000000000000000000 ) ) ;
#1309 = CARTESIAN_POINT ( 'NONE',  ( 52.50000000000004974, 82.93000000000002103, 70.50000000000008527 ) ) ;
#1310 = CARTESIAN_POINT ( 'NONE',  ( -22.51607581671860103, 95.19142468844474081, -54.49999999999990763 ) ) ;
#1311 = EDGE_LOOP ( 'NONE', ( #620, #726, #544, #419 ) ) ;
#1312 = CARTESIAN_POINT ( 'NONE',  ( -19.00068861541187104, 77.40059408324609080, -2.236569243193948342 ) ) ;
#1313 = DIRECTION ( 'NONE',  ( -1.000000000000000000, -0.000000000000000000, -0.000000000000000000 ) ) ;
#1314 = CARTESIAN_POINT ( 'NONE',  ( -17.99999999999997513, 70.39142842854288062, -12.49999999999991651 ) ) ;
#1315 = FACE_OUTER_BOUND ( 'NONE', #340, .T. ) ;
#1316 = CARTESIAN_POINT ( 'NONE',  ( -17.49999999999925393, 33.25000000000001421, -2.499999999999922284 ) ) ;
#1317 = FACE_OUTER_BOUND ( 'NONE', #910, .T. ) ;
#1318 = EDGE_LOOP ( 'NONE', ( #954, #275, #1058, #773 ) ) ;
#1319 = FACE_OUTER_BOUND ( 'NONE', #337, .T. ) ;
#1320 = CARTESIAN_POINT ( 'NONE',  ( -48.13970055519141056, 83.15213101239305615, 70.50000000000008527 ) ) ;
#1321 = DIRECTION ( 'NONE',  ( 0.000000000000000000, 5.782411586589357244E-15, 1.000000000000000000 ) ) ;
ENDSEC;
END-ISO-10303-21;
