ISO-10303-21;
HEADER;
FILE_DESCRIPTION (( 'STEP AP214' ),
    '1' );
FILE_NAME ('NACA4418 AoA +10.STEP',
    '2026-09-24T09:33:55',
    ( '' ),
    ( '' ),
    'SwSTEP 2.0',
    'SolidWorks 2026',
    '' );
FILE_SCHEMA (( 'AUTOMOTIVE_DESIGN' ));
ENDSEC;

DATA;
#1 = DIRECTION ( 'NONE',  ( 0.000000000000000000, 0.000000000000000000, 1.000000000000000000 ) ) ;
#2 = CARTESIAN_POINT ( 'NONE',  ( -20.88996659612365292, 35.07763525859607512, -2.499999999999976019 ) ) ;
#3 = CARTESIAN_POINT ( 'NONE',  ( -32.82735042922609381, 82.66482648663364330, 70.50000000000002842 ) ) ;
#4 =( BOUNDED_CURVE ( )  B_SPLINE_CURVE ( 3, ( #139, #133, #29, #339 ),
 .UNSPECIFIED., .F., .F. ) 
 B_SPLINE_CURVE_WITH_KNOTS ( ( 4, 4 ),
 ( 0.000000000000000000, 1.570796326794896114 ),
 .UNSPECIFIED. ) 
 CURVE ( )  GEOMETRIC_REPRESENTATION_ITEM ( )  RATIONAL_B_SPLINE_CURVE ( ( 1.000000000000000000, 0.8047378541243650485, 0.8047378541243650485, 1.000000000000000000 ) ) 
 REPRESENTATION_ITEM ( '' )  );
#5 = ORIENTED_EDGE ( 'NONE', *, *, #1332, .F. ) ;
#6 = DIRECTION ( 'NONE',  ( 0.000000000000000000, 0.000000000000000000, -1.000000000000000000 ) ) ;
#7 = CARTESIAN_POINT ( 'NONE',  ( -12.86429165570260658, 63.31718818893644851, -5.499999999999975131 ) ) ;
#8 = VECTOR ( 'NONE', #350, 1000.000000000000000 ) ;
#9 = CARTESIAN_POINT ( 'NONE',  ( 3.877440145504923663, 60.36516916859862647, -3.499999999999975131 ) ) ;
#10 = CARTESIAN_POINT ( 'NONE',  ( -38.77052409704612757, 90.58772221574147920, -54.49999999999996447 ) ) ;
#11 = CARTESIAN_POINT ( 'NONE',  ( 9.164573591169517641, 75.93028997050846840, 70.50000000000002842 ) ) ;
#12 = ORIENTED_EDGE ( 'NONE', *, *, #626, .F. ) ;
#13 = LINE ( 'NONE', #1046, #56 ) ;
#14 = VECTOR ( 'NONE', #176, 1000.000000000000000 ) ;
#15 = CIRCLE ( 'NONE', #824, 2.000000000000000000 ) ;
#16 = CARTESIAN_POINT ( 'NONE',  ( 6.670318103859380621, 76.20436715822525287, 2.500000000000030642 ) ) ;
#17 = DIRECTION ( 'NONE',  ( 2.779109781899464598E-22, 1.000000000000000000, -2.668814559499989665E-22 ) ) ;
#18 = CARTESIAN_POINT ( 'NONE',  ( 48.34496596543851865, 77.17587723827709567, 70.50000000000002842 ) ) ;
#19 = EDGE_CURVE ( 'NONE', #348, #770, #35, .T. ) ;
#20 = ORIENTED_EDGE ( 'NONE', *, *, #652, .F. ) ;
#21 = CARTESIAN_POINT ( 'NONE',  ( -12.63457670883947870, 64.61996639077575821, -4.999999999999975131 ) ) ;
#22 = LINE ( 'NONE', #964, #119 ) ;
#23 = DIRECTION ( 'NONE',  ( 0.000000000000000000, 0.000000000000000000, 1.000000000000000000 ) ) ;
#24 = CARTESIAN_POINT ( 'NONE',  ( -14.27672934245857306, 64.75367365936510566, -5.115272265516264127 ) ) ;
#25 = CYLINDRICAL_SURFACE ( 'NONE', #293, 10.00000000000000000 ) ;
#26 = CARTESIAN_POINT ( 'NONE',  ( -1.193811535879496510, 31.60467170525746283, 2.500000000000030642 ) ) ;
#27 = VERTEX_POINT ( 'NONE', #617 ) ;
#28 = DIRECTION ( 'NONE',  ( 0.000000000000000000, 0.000000000000000000, -1.000000000000000000 ) ) ;
#29 = CARTESIAN_POINT ( 'NONE',  ( -18.96446609406726225, 34.73811756871584322, 2.500000000000006661 ) ) ;
#30 = ORIENTED_EDGE ( 'NONE', *, *, #812, .T. ) ;
#31 = PLANE ( 'NONE',  #767 ) ;
#32 = CARTESIAN_POINT ( 'NONE',  ( -13.23194893150571616, 78.50841161425496750, 0.5000000000000307532 ) ) ;
#33 = DIRECTION ( 'NONE',  ( 0.000000000000000000, 0.000000000000000000, 1.000000000000000000 ) ) ;
#34 = AXIS2_PLACEMENT_3D ( 'NONE', #421, #499, #1245 ) ;
#35 = B_SPLINE_CURVE_WITH_KNOTS ( 'NONE', 3,
 ( #913, #58, #1314, #1219, #287, #787, #994, #1124, #63, #54, #894, #1293, #1195, #263, #902, #690, #1098, #477, #1201, #1106, #166, #1029, #737, #1235, #308, #724, #1144, #1227, #429, #200, #837, #500, #854, #526, #194, #108, #400 ),
 .UNSPECIFIED., .F., .F.,
 ( 4, 1, 1, 1, 1, 1, 1, 1, 1, 1, 1, 1, 1, 1, 1, 1, 1, 1, 1, 1, 1, 1, 1, 1, 1, 1, 1, 1, 1, 1, 1, 1, 1, 1, 4 ),
 ( 0.000000000000000000, 0.02536508872464449810, 0.05053612755872174955, 0.1003618701347641917, 0.1496783382512865135, 0.1985585996384787444, 0.2470636409939346301, 0.2952667862627077477, 0.3432976001428697521, 0.3673747411682081188, 0.3916107887708328850, 0.4161594968373788506, 0.4413019252272763482, 0.4543254831295238660, 0.4678815906748556852, 0.4825385968735472764, 0.4909952784889383692, 0.5100263542411189732, 0.5218055463173286723, 0.5291478474586019942, 0.5422089031537518089, 0.5545686619652151483, 0.5667213781472770773, 0.5908249965976484219, 0.6148423246242851192, 0.6388596526509219276, 0.6629000217420070173, 0.7110052231000469902, 0.7591460896194277552, 0.8073219245187539528, 0.8555015182051326494, 0.9036773531044588470, 0.9518386289141608225, 0.9759228589746615778, 1.000000000000000000 ),
 .UNSPECIFIED. ) ;
#36 = AXIS2_PLACEMENT_3D ( 'NONE', #352, #28, #778 ) ;
#37 = EDGE_LOOP ( 'NONE', ( #20, #709, #389, #658, #666, #929 ) ) ;
#38 = CARTESIAN_POINT ( 'NONE',  ( -1.193811535879496510, 31.60467170525746283, 5.500000000000031086 ) ) ;
#39 = ADVANCED_FACE ( 'NONE', ( #1324 ), #1335, .F. ) ;
#40 = ORIENTED_EDGE ( 'NONE', *, *, #673, .F. ) ;
#41 = CYLINDRICAL_SURFACE ( 'NONE', #474, 2.000000000000000000 ) ;
#42 = EDGE_LOOP ( 'NONE', ( #521, #983, #922, #503, #719, #642 ) ) ;
#43 = FACE_OUTER_BOUND ( 'NONE', #453, .T. ) ;
#44 = FACE_OUTER_BOUND ( 'NONE', #451, .T. ) ;
#45 = ADVANCED_FACE ( 'NONE', ( #1241 ), #100, .T. ) ;
#46 = DIRECTION ( 'NONE',  ( 0.9848077530122080203, -0.1736481776669306920, 0.000000000000000000 ) ) ;
#47 = DIRECTION ( 'NONE',  ( 0.000000000000000000, -0.000000000000000000, 1.000000000000000000 ) ) ;
#48 = LINE ( 'NONE', #972, #8 ) ;
#49 = VERTEX_POINT ( 'NONE', #818 ) ;
#50 = EDGE_CURVE ( 'NONE', #1108, #463, #941, .T. ) ;
#51 = DIRECTION ( 'NONE',  ( 4.336808689942017736E-15, 2.428612866367529932E-14, 1.000000000000000000 ) ) ;
#52 = CARTESIAN_POINT ( 'NONE',  ( -13.66099845276332481, 63.49842081067054522, 5.394218893631605560 ) ) ;
#53 = EDGE_CURVE ( 'NONE', #152, #245, #126, .T. ) ;
#54 = CARTESIAN_POINT ( 'NONE',  ( -5.958130112959168834, 95.82028271372189465, 70.50000000000002842 ) ) ;
#55 = DIRECTION ( 'NONE',  ( -0.9848077530122080203, 0.1736481776669306920, -0.000000000000000000 ) ) ;
#56 = VECTOR ( 'NONE', #426, 1000.000000000000000 ) ;
#57 = CARTESIAN_POINT ( 'NONE',  ( -12.47080972753604122, 71.30750557763924746, 0.5000000000000307532 ) ) ;
#58 = CARTESIAN_POINT ( 'NONE',  ( 57.59659162002417787, 72.26844533996745668, 70.50000000000002842 ) ) ;
#59 = AXIS2_PLACEMENT_3D ( 'NONE', #10, #1177, #238 ) ;
#60 = DIRECTION ( 'NONE',  ( -0.1447068147224405965, -0.8206731275101737388, 0.5527707983925665980 ) ) ;
#61 = ORIENTED_EDGE ( 'NONE', *, *, #229, .F. ) ;
#62 = CARTESIAN_POINT ( 'NONE',  ( -13.06897763756484032, 63.35327985011154794, 5.500000000000030198 ) ) ;
#63 = CARTESIAN_POINT ( 'NONE',  ( 2.261873169605452372, 94.27645185636018255, 70.50000000000002842 ) ) ;
#64 = CARTESIAN_POINT ( 'NONE',  ( 7.367043623100186345, 80.15569392875931953, -2.499999999999972911 ) ) ;
#65 = EDGE_LOOP ( 'NONE', ( #1264, #707, #1306, #320 ) ) ;
#66 = DIRECTION ( 'NONE',  ( -0.9848077530122080203, 0.1736481776669306920, -0.000000000000000000 ) ) ;
#67 = ORIENTED_EDGE ( 'NONE', *, *, #373, .T. ) ;
#68 = CARTESIAN_POINT ( 'NONE',  ( -14.40549847075903855, 60.33534048157962815, 0.5000000000000307532 ) ) ;
#69 = ORIENTED_EDGE ( 'NONE', *, *, #843, .T. ) ;
#70 = CARTESIAN_POINT ( 'NONE',  ( -13.37890862539709680, 65.20411512490622385, 4.628800237751406144 ) ) ;
#71 = AXIS2_PLACEMENT_3D ( 'NONE', #1285, #366, #684 ) ;
#72 = EDGE_CURVE ( 'NONE', #1176, #1250, #844, .T. ) ;
#73 = EDGE_LOOP ( 'NONE', ( #605, #1041, #1189, #173 ) ) ;
#74 = CYLINDRICAL_SURFACE ( 'NONE', #1038, 2.000000000000000000 ) ;
#75 = VERTEX_POINT ( 'NONE', #518 ) ;
#76 = CARTESIAN_POINT ( 'NONE',  ( -13.45190280206063704, 65.74345029058100920, 4.247712920924094249 ) ) ;
#77 = DIRECTION ( 'NONE',  ( -0.1736481776669307753, -0.9848077530122080203, 0.000000000000000000 ) ) ;
#78 = CYLINDRICAL_SURFACE ( 'NONE', #34, 3.000000000000000000 ) ;
#79 = FACE_OUTER_BOUND ( 'NONE', #860, .T. ) ;
#80 = CARTESIAN_POINT ( 'NONE',  ( -12.83243787284883020, 78.45782590859322170, -1.730913744535964360 ) ) ;
#81 = CARTESIAN_POINT ( 'NONE',  ( 57.59659162002417787, 72.26844533996745668, -54.49999999999996447 ) ) ;
#82 = CARTESIAN_POINT ( 'NONE',  ( -14.08023616306033254, 63.63386444677150422, -5.235946293723173106 ) ) ;
#83 = VERTEX_POINT ( 'NONE', #622 ) ;
#84 = CARTESIAN_POINT ( 'NONE',  ( -15.60184861613666030, 64.82953186391193867, 3.091054399875872605 ) ) ;
#85 = CARTESIAN_POINT ( 'NONE',  ( -20.88996659612364937, 35.07763525859607512, 2.500000000000030198 ) ) ;
#86 = MANIFOLD_SOLID_BREP ( 'Cut-Extrude1', #655 ) ;
#87 = DIRECTION ( 'NONE',  ( -0.9848077530122080203, 0.1736481776669306920, -0.000000000000000000 ) ) ;
#88 = B_SPLINE_CURVE_WITH_KNOTS ( 'NONE', 3,
 ( #270, #903, #611, #401, #592, #692, #603, #915, #909, #1007, #1315, #1311, #697, #1107 ),
 .UNSPECIFIED., .F., .F.,
 ( 4, 2, 2, 2, 2, 2, 4 ),
 ( 3.252606517456513302E-19, 0.0003908006319814190865, 0.0007816012639628378477, 0.001172401895944256717, 0.001563202527925675479, 0.002344803791888506496, 0.003126405055851337947 ),
 .UNSPECIFIED. ) ;
#89 = DIRECTION ( 'NONE',  ( 0.000000000000000000, 0.000000000000000000, 1.000000000000000000 ) ) ;
#90 = CARTESIAN_POINT ( 'NONE',  ( -11.24453726304043855, 78.26204231143094603, -2.499999999999972911 ) ) ;
#91 = CARTESIAN_POINT ( 'NONE',  ( -35.71221822022004488, 93.34059336399045037, 70.50000000000002842 ) ) ;
#92 = EDGE_CURVE ( 'NONE', #328, #904, #15, .T. ) ;
#93 = ADVANCED_FACE ( 'NONE', ( #79 ), #295, .T. ) ;
#94 = CARTESIAN_POINT ( 'NONE',  ( -12.92182072246324864, 64.09492251847713362, -5.499999966807183505 ) ) ;
#95 = ORIENTED_EDGE ( 'NONE', *, *, #841, .T. ) ;
#96 = B_SPLINE_CURVE_WITH_KNOTS ( 'NONE', 3,
 ( #21, #97, #530, #513, #312, #852, #742, #1252, #1148, #215 ),
 .UNSPECIFIED., .F., .F.,
 ( 4, 2, 2, 2, 4 ),
 ( 0.000000000000000000, 0.0004712296254052906900, 0.0009424592508105813799, 0.001413688876215872178, 0.001884918501621162760 ),
 .UNSPECIFIED. ) ;
#97 = CARTESIAN_POINT ( 'NONE',  ( -12.79122612160930750, 64.64758790875920624, -4.999999999999976019 ) ) ;
#98 = AXIS2_PLACEMENT_3D ( 'NONE', #986, #46, #51 ) ;
#99 = CARTESIAN_POINT ( 'NONE',  ( -13.44229450083950006, 65.44282818467452500, -4.458185572730677393 ) ) ;
#100 = PLANE ( 'NONE',  #1233 ) ;
#101 = CARTESIAN_POINT ( 'NONE',  ( -8.691666541121997297E-14, 38.37511336473973955, 1.000000000000007772 ) ) ;
#102 = CARTESIAN_POINT ( 'NONE',  ( -17.66849192320227502, 96.72277344265070553, 70.50000000000002842 ) ) ;
#103 = TOROIDAL_SURFACE ( 'NONE', #679, 12.00000000000000000, 2.000000000000000000 ) ;
#104 = EDGE_CURVE ( 'NONE', #148, #365, #799, .T. ) ;
#105 = ORIENTED_EDGE ( 'NONE', *, *, #441, .T. ) ;
#106 = DIRECTION ( 'NONE',  ( 0.000000000000000000, 0.000000000000000000, -1.000000000000000000 ) ) ;
#107 = CARTESIAN_POINT ( 'NONE',  ( 47.42931931167553472, 72.20444237399908616, -54.49999999999996447 ) ) ;
#108 = CARTESIAN_POINT ( 'NONE',  ( 57.40746545819434488, 71.21237292046677680, 70.50000000000002842 ) ) ;
#109 = CARTESIAN_POINT ( 'NONE',  ( -29.62795185087939132, 81.59007425076600839, 70.50000000000002842 ) ) ;
#110 = ORIENTED_EDGE ( 'NONE', *, *, #1191, .T. ) ;
#111 = CARTESIAN_POINT ( 'NONE',  ( -12.47080972753603767, 71.30750557763926167, -0.4999999999999709677 ) ) ;
#112 = EDGE_CURVE ( 'NONE', #189, #831, #296, .T. ) ;
#113 = CARTESIAN_POINT ( 'NONE',  ( -37.16855325429037293, 84.91475072620892206, -54.49999999999996447 ) ) ;
#114 = SURFACE_STYLE_USAGE ( .BOTH. , #926 ) ;
#115 = LINE ( 'NONE', #1283, #163 ) ;
#116 = CARTESIAN_POINT ( 'NONE',  ( -37.16855325429037293, 84.91475072620892206, 70.50000000000002842 ) ) ;
#117 = ORIENTED_EDGE ( 'NONE', *, *, #319, .F. ) ;
#118 = CARTESIAN_POINT ( 'NONE',  ( -15.35422550864461577, 64.39805171548141516, -3.938165074343519478 ) ) ;
#119 = VECTOR ( 'NONE', #868, 1000.000000000000114 ) ;
#120 = EDGE_CURVE ( 'NONE', #1250, #131, #255, .T. ) ;
#121 = CARTESIAN_POINT ( 'NONE',  ( -13.90362501235965453, 64.49250120241030970, 5.289325524356763175 ) ) ;
#122 = VECTOR ( 'NONE', #754, 1000.000000000000000 ) ;
#123 = DIRECTION ( 'NONE',  ( 0.000000000000000000, 0.000000000000000000, -1.000000000000000000 ) ) ;
#124 = CARTESIAN_POINT ( 'NONE',  ( -33.37079273160319559, 94.40179988175142967, 70.50000000000002842 ) ) ;
#125 = EDGE_LOOP ( 'NONE', ( #793, #459, #1212, #403 ) ) ;
#126 = CIRCLE ( 'NONE', #344, 12.00000000000000000 ) ;
#127 = PLANE ( 'NONE',  #1225 ) ;
#128 = VECTOR ( 'NONE', #750, 1000.000000000000000 ) ;
#129 = CARTESIAN_POINT ( 'NONE',  ( -9.341695024350629595, 83.29482642216946431, 2.500000000000030642 ) ) ;
#130 = CARTESIAN_POINT ( 'NONE',  ( -17.50000000000001776, 4.429268570641297914E-15, -2.499999999999991562 ) ) ;
#131 = VERTEX_POINT ( 'NONE', #1037 ) ;
#132 = PLANE ( 'NONE',  #36 ) ;
#133 = CARTESIAN_POINT ( 'NONE',  ( -20.00000000000000711, 34.92071013577020011, 1.464466094067270463 ) ) ;
#134 = ORIENTED_EDGE ( 'NONE', *, *, #1169, .T. ) ;
#135 = CARTESIAN_POINT ( 'NONE',  ( -14.44042523356044860, 71.65480193297310052, -12.49999999999997158 ) ) ;
#136 = LINE ( 'NONE', #32, #1097 ) ;
#137 = ORIENTED_EDGE ( 'NONE', *, *, #1197, .F. ) ;
#138 = CARTESIAN_POINT ( 'NONE',  ( -18.96446609406726225, 34.73811756871584322, -2.499999999999992006 ) ) ;
#139 = CARTESIAN_POINT ( 'NONE',  ( -20.00000000000000000, 34.92071013577020722, 8.101149313121725766E-15 ) ) ;
#140 = DIRECTION ( 'NONE',  ( 0.9848077530122080203, -0.1736481776669306920, 0.000000000000000000 ) ) ;
#141 = CARTESIAN_POINT ( 'NONE',  ( 57.40746545819434488, 71.21237292046677680, -54.49999999999996447 ) ) ;
#142 = ORIENTED_EDGE ( 'NONE', *, *, #104, .T. ) ;
#143 = CARTESIAN_POINT ( 'NONE',  ( -11.07885657802794377, 78.24185794937400829, -2.499999999999972911 ) ) ;
#144 = EDGE_CURVE ( 'NONE', #747, #311, #409, .T. ) ;
#145 = DIRECTION ( 'NONE',  ( 0.1736481776669306920, 0.9848077530122080203, 0.000000000000000000 ) ) ;
#146 = DIRECTION ( 'NONE',  ( -0.1736481776669306920, -0.9848077530122080203, 0.000000000000000000 ) ) ;
#147 = CARTESIAN_POINT ( 'NONE',  ( 59.06945065624113056, 71.03916460124546006, 70.50000000000002842 ) ) ;
#148 = VERTEX_POINT ( 'NONE', #210 ) ;
#149 = CARTESIAN_POINT ( 'NONE',  ( -17.50000000000000000, 34.47989268399904006, -2.499999999999990230 ) ) ;
#150 = CARTESIAN_POINT ( 'NONE',  ( -13.20220091524491934, 64.92252533790804137, 4.828520909330656252 ) ) ;
#151 = CARTESIAN_POINT ( 'NONE',  ( -15.07113570933200108, 64.14191317271740900, 4.416471149544260122 ) ) ;
#152 = VERTEX_POINT ( 'NONE', #845 ) ;
#153 = CARTESIAN_POINT ( 'NONE',  ( -11.24453726304043855, 78.26204231143094603, -2.499999999999972911 ) ) ;
#154 = B_SPLINE_CURVE_WITH_KNOTS ( 'NONE', 3,
 ( #1221, #708, #899, #395, #1001, #717, #1119, #1213, #180, #1207 ),
 .UNSPECIFIED., .F., .F.,
 ( 4, 2, 2, 2, 4 ),
 ( 0.000000000000000000, 0.0004678355512128937383, 0.0009356711024257874766, 0.001403506653638681269, 0.001871342204851574953 ),
 .UNSPECIFIED. ) ;
#155 = CARTESIAN_POINT ( 'NONE',  ( -13.43193638417879399, 65.38216177193665146, -4.501357448407496520 ) ) ;
#156 = CARTESIAN_POINT ( 'NONE',  ( -39.37833149122297272, 88.59109584101085488, 5.500000000000031086 ) ) ;
#157 = ORIENTED_EDGE ( 'NONE', *, *, #939, .F. ) ;
#158 = CARTESIAN_POINT ( 'NONE',  ( -12.63457670883947870, 64.61996639077575821, -4.999999999999975131 ) ) ;
#159 = AXIS2_PLACEMENT_3D ( 'NONE', #111, #735, #1244 ) ;
#160 = ORIENTED_EDGE ( 'NONE', *, *, #286, .F. ) ;
#161 = CARTESIAN_POINT ( 'NONE',  ( -14.03457491431379012, 64.57642690547541520, -5.234134625590251666 ) ) ;
#162 = CARTESIAN_POINT ( 'NONE',  ( -18.39099631177278837, 49.25000000000000000, 2.500000000000030642 ) ) ;
#163 = VECTOR ( 'NONE', #534, 1000.000000000000227 ) ;
#164 = DIRECTION ( 'NONE',  ( 3.630701386744604799E-16, 1.000000000000000000, -2.668814559449603746E-22 ) ) ;
#165 = CARTESIAN_POINT ( 'NONE',  ( -10.35949593111955558, 83.28136112676408231, -0.4999999999999726885 ) ) ;
#166 = CARTESIAN_POINT ( 'NONE',  ( -37.16855325429037293, 84.91475072620892206, 70.50000000000002842 ) ) ;
#167 = PRESENTATION_LAYER_ASSIGNMENT (  '', '', ( #1273 ) ) ;
#168 = DIRECTION ( 'NONE',  ( -2.779109781899464598E-22, -1.000000000000000000, 2.668814559499989665E-22 ) ) ;
#169 = ORIENTED_EDGE ( 'NONE', *, *, #1204, .T. ) ;
#170 = DIRECTION ( 'NONE',  ( 0.1736481776669306643, 0.9848077530122080203, 0.000000000000000000 ) ) ;
#171 = VERTEX_POINT ( 'NONE', #101 ) ;
#172 = FACE_BOUND ( 'NONE', #42, .T. ) ;
#173 = ORIENTED_EDGE ( 'NONE', *, *, #420, .F. ) ;
#174 = LINE ( 'NONE', #599, #122 ) ;
#175 = CARTESIAN_POINT ( 'NONE',  ( -15.44771022111033965, 64.51863381337408043, -3.704886809864998742 ) ) ;
#176 = DIRECTION ( 'NONE',  ( -0.9848077530122080203, 0.1736481776669306920, -0.000000000000000000 ) ) ;
#177 = VECTOR ( 'NONE', #730, 1000.000000000000000 ) ;
#178 = ORIENTED_EDGE ( 'NONE', *, *, #626, .T. ) ;
#179 = DIRECTION ( 'NONE',  ( 0.9848077530122080203, -0.1736481776669306920, 0.000000000000000000 ) ) ;
#180 = CARTESIAN_POINT ( 'NONE',  ( -12.79122612160931105, 64.64758790875920624, 5.000000000000030198 ) ) ;
#181 = EDGE_LOOP ( 'NONE', ( #1271, #61, #342, #110 ) ) ;
#182 = CARTESIAN_POINT ( 'NONE',  ( -15.31746358051498547, 64.35916436601623047, 4.011978576821733533 ) ) ;
#183 = AXIS2_PLACEMENT_3D ( 'NONE', #650, #106, #861 ) ;
#184 = EDGE_CURVE ( 'NONE', #1298, #1183, #875, .T. ) ;
#185 = CARTESIAN_POINT ( 'NONE',  ( -13.45905642512912337, 65.62337651103412384, -4.330848446400596963 ) ) ;
#186 = SURFACE_STYLE_FILL_AREA ( #408 ) ;
#187 = CARTESIAN_POINT ( 'NONE',  ( 59.13543696375455738, 71.41339154739009132, -54.49999999999996447 ) ) ;
#188 = EDGE_CURVE ( 'NONE', #412, #304, #1133, .T. ) ;
#189 = VERTEX_POINT ( 'NONE', #130 ) ;
#190 = CARTESIAN_POINT ( 'NONE',  ( -13.26922329860750160, 63.39676822795561861, -5.478630831963403836 ) ) ;
#191 = DIRECTION ( 'NONE',  ( -0.9848077530122080203, 0.1736481776669306920, -0.000000000000000000 ) ) ;
#192 = ADVANCED_FACE ( 'NONE', ( #563 ), #552, .F. ) ;
#193 = CARTESIAN_POINT ( 'NONE',  ( 11.96496862758528934, 91.65577530694500297, -54.49999999999996447 ) ) ;
#194 = CARTESIAN_POINT ( 'NONE',  ( 54.08300572362426806, 71.55884055665305254, 70.50000000000002842 ) ) ;
#195 = CARTESIAN_POINT ( 'NONE',  ( -27.13261416786576063, 96.04343531559482017, 70.50000000000002842 ) ) ;
#196 = ORIENTED_EDGE ( 'NONE', *, *, #1105, .F. ) ;
#197 = CARTESIAN_POINT ( 'NONE',  ( 5.255729826683701589, 68.18183837963449889, -2.499999999999971134 ) ) ;
#198 = CARTESIAN_POINT ( 'NONE',  ( -18.39099631177278482, 49.25000000000000000, 31.33643150466575023 ) ) ;
#199 = PRODUCT_DEFINITION ( 'UNKNOWN', '', #718, #836 ) ;
#200 = CARTESIAN_POINT ( 'NONE',  ( 9.164573591169517641, 75.93028997050846840, 70.50000000000002842 ) ) ;
#201 = CARTESIAN_POINT ( 'NONE',  ( -5.958130112959168834, 95.82028271372189465, -54.49999999999996447 ) ) ;
#202 = ORIENTED_EDGE ( 'NONE', *, *, #237, .F. ) ;
#203 = CARTESIAN_POINT ( 'NONE',  ( -15.42674382093570884, 64.48758945066600745, -3.765273383443067168 ) ) ;
#204 = DIRECTION ( 'NONE',  ( -0.9963466490417509647, 3.509412972688475853E-16, -0.08540114134643517207 ) ) ;
#205 = CARTESIAN_POINT ( 'NONE',  ( 0.000000000000000000, 2.767248990469796976E-22, 1.000000000000000444 ) ) ;
#206 = ADVANCED_FACE ( 'NONE', ( #870 ), #458, .T. ) ;
#207 = VECTOR ( 'NONE', #419, 1000.000000000000000 ) ;
#208 = CARTESIAN_POINT ( 'NONE',  ( -27.13261416786576063, 96.04343531559482017, -54.49999999999996447 ) ) ;
#209 = CARTESIAN_POINT ( 'NONE',  ( -14.58738378204132502, 65.03703459644377460, -4.921850008041447566 ) ) ;
#210 = CARTESIAN_POINT ( 'NONE',  ( -12.63457670883947870, 64.61996639077575821, 5.000000000000030198 ) ) ;
#211 = CARTESIAN_POINT ( 'NONE',  ( -38.79651894559520997, 86.44404215397426583, 70.50000000000002842 ) ) ;
#212 = CARTESIAN_POINT ( 'NONE',  ( -12.96233622792659368, 64.73229741859505282, -4.952919715463576900 ) ) ;
#213 = EDGE_LOOP ( 'NONE', ( #970, #1127, #908, #872 ) ) ;
#214 = ADVANCED_FACE ( 'NONE', ( #751 ), #41, .T. ) ;
#215 = CARTESIAN_POINT ( 'NONE',  ( -13.43068614561967600, 65.86377589868176585, -4.166666666666641206 ) ) ;
#216 = CARTESIAN_POINT ( 'NONE',  ( -15.60184861613707419, 64.82953186391195288, -3.091054399874506142 ) ) ;
#217 = CARTESIAN_POINT ( 'NONE',  ( -12.98060669190587824, 78.47652550193016907, -1.507997291612209301 ) ) ;
#218 = CARTESIAN_POINT ( 'NONE',  ( 40.54551257382906471, 80.87025018040539237, -54.49999999999996447 ) ) ;
#219 = ORIENTED_EDGE ( 'NONE', *, *, #358, .T. ) ;
#220 = DIRECTION ( 'NONE',  ( 0.9848077530122080203, -0.1736481776669306920, 0.000000000000000000 ) ) ;
#221 = ADVANCED_FACE ( 'NONE', ( #1269 ), #1171, .T. ) ;
#222 = FACE_OUTER_BOUND ( 'NONE', #628, .T. ) ;
#223 = VERTEX_POINT ( 'NONE', #664 ) ;
#224 = CARTESIAN_POINT ( 'NONE',  ( 59.13543696375455738, 71.41339154739009132, 70.50000000000002842 ) ) ;
#225 = CARTESIAN_POINT ( 'NONE',  ( 29.13233451546254926, 74.02121049456158630, 70.50000000000002842 ) ) ;
#226 = CARTESIAN_POINT ( 'NONE',  ( -14.46537038147918608, 63.79122040197569987, -5.010289011251160218 ) ) ;
#227 = ORIENTED_EDGE ( 'NONE', *, *, #19, .F. ) ;
#228 = LINE ( 'NONE', #1167, #582 ) ;
#229 = EDGE_CURVE ( 'NONE', #348, #1017, #1050, .T. ) ;
#230 = FACE_OUTER_BOUND ( 'NONE', #37, .T. ) ;
#231 = VECTOR ( 'NONE', #242, 1000.000000000000000 ) ;
#232 = DIRECTION ( 'NONE',  ( 0.000000000000000000, 0.000000000000000000, 1.000000000000000000 ) ) ;
#233 = ORIENTED_EDGE ( 'NONE', *, *, #50, .T. ) ;
#234 = VECTOR ( 'NONE', #444, 1000.000000000000000 ) ;
#235 = DIRECTION ( 'NONE',  ( 0.9813178170706011727, -0.1730328077994811586, -0.08411295574890911841 ) ) ;
#236 = CARTESIAN_POINT ( 'NONE',  ( -1.193811535879496510, 31.60467170525746283, -5.499999999999975131 ) ) ;
#237 = EDGE_CURVE ( 'NONE', #1052, #1135, #1066, .T. ) ;
#238 = DIRECTION ( 'NONE',  ( -0.9848077530122080203, 0.1736481776669306920, 0.000000000000000000 ) ) ;
#239 = CARTESIAN_POINT ( 'NONE',  ( 0.000000000000000000, 0.000000000000000000, 0.000000000000000000 ) ) ;
#240 = ORIENTED_EDGE ( 'NONE', *, *, #188, .F. ) ;
#241 = CARTESIAN_POINT ( 'NONE',  ( -12.86429165570260658, 63.31718818893644851, -5.499999999999975131 ) ) ;
#242 = DIRECTION ( 'NONE',  ( 0.9848077530122080203, -0.1736481776669306920, 0.000000000000000000 ) ) ;
#243 = LINE ( 'NONE', #1261, #1014 ) ;
#244 = DIRECTION ( 'NONE',  ( 0.9848077530122080203, -0.1736481776669306920, 0.000000000000000000 ) ) ;
#245 = VERTEX_POINT ( 'NONE', #981 ) ;
#246 = DIRECTION ( 'NONE',  ( 0.1736481776669307753, 0.9848077530122080203, 0.000000000000000000 ) ) ;
#247 = CARTESIAN_POINT ( 'NONE',  ( -7.598657671715580264, 77.81865895626516760, 2.500000000000031530 ) ) ;
#248 = ADVANCED_FACE ( 'NONE', ( #966 ), #325, .T. ) ;
#249 = VECTOR ( 'NONE', #1070, 1000.000000000000000 ) ;
#250 = DIRECTION ( 'NONE',  ( 1.000000000000000000, 0.000000000000000000, 1.387778780781415785E-17 ) ) ;
#251 = ORIENTED_EDGE ( 'NONE', *, *, #237, .T. ) ;
#252 = DIRECTION ( 'NONE',  ( 1.000000000000000000, -3.630701386744606278E-16, 1.387778780781415785E-17 ) ) ;
#253 = DIRECTION ( 'NONE',  ( -1.387778780781445676E-17, -7.870484569097027272E-17, 1.000000000000000000 ) ) ;
#254 = VECTOR ( 'NONE', #512, 1000.000000000000114 ) ;
#255 = CIRCLE ( 'NONE', #411, 3.000000000000000000 ) ;
#256 = DIRECTION ( 'NONE',  ( -0.1736481776669306643, -0.9848077530122080203, -0.000000000000000000 ) ) ;
#257 = ORIENTED_EDGE ( 'NONE', *, *, #1332, .T. ) ;
#258 = LINE ( 'NONE', #873, #313 ) ;
#259 = CARTESIAN_POINT ( 'NONE',  ( -13.20220091524495487, 64.92252533790770030, -4.828520909330883626 ) ) ;
#260 = ADVANCED_FACE ( 'NONE', ( #1056 ), #25, .F. ) ;
#261 = EDGE_CURVE ( 'NONE', #973, #831, #115, .T. ) ;
#262 = CARTESIAN_POINT ( 'NONE',  ( -1.193811535879496510, 31.60467170525746283, -5.499999999999975131 ) ) ;
#263 = CARTESIAN_POINT ( 'NONE',  ( -27.13261416786576063, 96.04343531559482017, 70.50000000000002842 ) ) ;
#264 = FACE_OUTER_BOUND ( 'NONE', #943, .T. ) ;
#265 = ORIENTED_EDGE ( 'NONE', *, *, #490, .T. ) ;
#266 = VECTOR ( 'NONE', #1275, 1000.000000000000000 ) ;
#267 = CARTESIAN_POINT ( 'NONE',  ( -18.39099631177278482, 49.25000000000000000, 2.500000000000030198 ) ) ;
#268 = EDGE_LOOP ( 'NONE', ( #1112, #669, #559, #1206 ) ) ;
#269 = CARTESIAN_POINT ( 'NONE',  ( -15.58899996787609865, 65.14091092377654491, 5.000000000000029310 ) ) ;
#270 = CARTESIAN_POINT ( 'NONE',  ( -13.23194893150571261, 78.50841161425496750, 0.5000000000000299760 ) ) ;
#271 = VERTEX_POINT ( 'NONE', #971 ) ;
#272 = B_SPLINE_CURVE_WITH_KNOTS ( 'NONE', 3,
 ( #897, #62, #694, #52, #1297, #1103, #590, #1087, #999, #151, #1005, #369, #901, #1187, #1302, #363 ),
 .UNSPECIFIED., .F., .F.,
 ( 4, 2, 2, 2, 2, 2, 2, 4 ),
 ( 0.000000000000000000, 0.0006179058195868160309, 0.001235811639173632062, 0.001853717458760448201, 0.002471623278347264124, 0.003089529097934080697, 0.003707434917520896402, 0.004943246556694530849 ),
 .UNSPECIFIED. ) ;
#273 = CARTESIAN_POINT ( 'NONE',  ( -13.23194893150571261, 78.50841161425496750, 70.50000000000002842 ) ) ;
#274 = EDGE_LOOP ( 'NONE', ( #30, #646, #649, #987 ) ) ;
#275 = CARTESIAN_POINT ( 'NONE',  ( -12.47080972753604122, 71.30750557763924746, 2.500000000000030642 ) ) ;
#276 = ORIENTED_EDGE ( 'NONE', *, *, #1197, .T. ) ;
#277 = LINE ( 'NONE', #1313, #739 ) ;
#278 = CARTESIAN_POINT ( 'NONE',  ( -13.40019256187635044, 65.26281160488129274, -4.586660714561098473 ) ) ;
#279 = LINE ( 'NONE', #1016, #744 ) ;
#280 = ORIENTED_EDGE ( 'NONE', *, *, #1188, .T. ) ;
#281 = ADVANCED_FACE ( 'NONE', ( #775 ), #31, .F. ) ;
#282 = PLANE ( 'NONE',  #695 ) ;
#283 = EDGE_LOOP ( 'NONE', ( #351, #663, #850, #178, #1237, #967, #202, #1092, #1243, #1203, #536 ) ) ;
#284 = CARTESIAN_POINT ( 'NONE',  ( -14.27672934245878977, 64.75367365936448039, 5.115272265516208172 ) ) ;
#285 = CARTESIAN_POINT ( 'NONE',  ( -0.8027643909029602565, 76.99123922233350470, -54.49999999999996447 ) ) ;
#286 = EDGE_CURVE ( 'NONE', #304, #311, #334, .T. ) ;
#287 = CARTESIAN_POINT ( 'NONE',  ( 40.54551257382906471, 80.87025018040539237, 70.50000000000002842 ) ) ;
#288 = LINE ( 'NONE', #1304, #1246 ) ;
#289 =( BOUNDED_SURFACE ( )  B_SPLINE_SURFACE ( 3, 2, ( 
 ( #979, #821, #848 ),
 ( #1031, #94, #509 ),
 ( #1040, #1328, #935 ),
 ( #310, #634, #212 ),
 ( #82, #865, #871 ),
 ( #226, #1263, #335 ),
 ( #1101, #161, #259 ),
 ( #378, #24, #816 ),
 ( #1027, #1281, #1149 ),
 ( #330, #209, #947 ),
 ( #517, #1110, #278 ),
 ( #175, #991, #155 ),
 ( #545, #949, #99 ),
 ( #216, #1226, #185 ),
 ( #1339, #399, #302 ),
 ( #607, #924, #1048 ) ),
 .UNSPECIFIED., .F., .F., .F. ) 
 B_SPLINE_SURFACE_WITH_KNOTS ( ( 4, 2, 2, 2, 2, 2, 2, 4 ),
 ( 3, 3 ),
 ( 0.004635963571066455298, 0.004902230594476079950, 0.005168497617885705470, 0.005434764641295330122, 0.005701031664704954774, 0.005967298688114580293, 0.006233565711524204946, 0.006766099758343455117 ),
 ( 0.000000000000000000, 1.000000000000000000 ),
 .UNSPECIFIED. ) 
 GEOMETRIC_REPRESENTATION_ITEM ( )  RATIONAL_B_SPLINE_SURFACE ( (
 ( 1.000000000000000000, 0.9354143466934852214, 1.000000000000000000),
 ( 1.000000000000000000, 0.9354098695952127729, 1.000000000000000000),
 ( 1.000000000000000000, 0.9332930661161333852, 1.000000000000000000),
 ( 1.000000000000000000, 0.9252414482836108789, 1.000000000000000000),
 ( 1.000000000000000000, 0.9194819428115942328, 1.000000000000000000),
 ( 1.000000000000000000, 0.9053101983488142102, 1.000000000000000000),
 ( 1.000000000000000000, 0.8971149038921423235, 1.000000000000000000),
 ( 1.000000000000000000, 0.8788298938415523009, 1.000000000000000000),
 ( 1.000000000000000000, 0.8687612797503158069, 1.000000000000000000),
 ( 1.000000000000000000, 0.8476240924214132333, 1.000000000000000000),
 ( 1.000000000000000000, 0.8364572537790903040, 1.000000000000000000),
 ( 1.000000000000000000, 0.8129401750143486760, 1.000000000000000000),
 ( 1.000000000000000000, 0.8005803502266516380, 1.000000000000000000),
 ( 1.000000000000000000, 0.7625924932378845833, 1.000000000000000000),
 ( 1.000000000000000000, 0.7357548725555058677, 1.000000000000000000),
 ( 1.000000000000000000, 0.7071067811865457964, 1.000000000000000000) ) ) 
 REPRESENTATION_ITEM ( '' )  SURFACE ( )  );
#290 = ORIENTED_EDGE ( 'NONE', *, *, #353, .T. ) ;
#291 = LINE ( 'NONE', #1090, #951 ) ;
#292 = AXIS2_PLACEMENT_3D ( 'NONE', #637, #435, #1238 ) ;
#293 = AXIS2_PLACEMENT_3D ( 'NONE', #135, #558, #438 ) ;
#294 = LINE ( 'NONE', #315, #402 ) ;
#295 = PLANE ( 'NONE',  #857 ) ;
#296 = LINE ( 'NONE', #1325, #785 ) ;
#297 = CARTESIAN_POINT ( 'NONE',  ( -9.089106968270828091, 78.00012548456929551, -54.49999999999996447 ) ) ;
#298 = AXIS2_PLACEMENT_3D ( 'NONE', #57, #146, #907 ) ;
#299 = ORIENTED_EDGE ( 'NONE', *, *, #688, .T. ) ;
#300 = CARTESIAN_POINT ( 'NONE',  ( -15.40030165164409226, 66.21107225401561891, 4.166666666666699825 ) ) ;
#301 = EDGE_CURVE ( 'NONE', #601, #1017, #1262, .T. ) ;
#302 = CARTESIAN_POINT ( 'NONE',  ( -13.45190280206147015, 65.74345029058096657, -4.247712920924152868 ) ) ;
#303 = CARTESIAN_POINT ( 'NONE',  ( 9.164573591169517641, 75.93028997050846840, -54.49999999999996447 ) ) ;
#304 = VERTEX_POINT ( 'NONE', #349 ) ;
#305 = CARTESIAN_POINT ( 'NONE',  ( -15.62459385967992098, 64.93904793230009886, -2.870345767343533971 ) ) ;
#306 = DIRECTION ( 'NONE',  ( -0.1736481776669306920, -0.9848077530122080203, 1.489033026589533876E-16 ) ) ;
#307 = CARTESIAN_POINT ( 'NONE',  ( 59.13543696375455738, 71.41339154739009132, -54.49999999999996447 ) ) ;
#308 = CARTESIAN_POINT ( 'NONE',  ( -25.57969032740874127, 80.51233278140512084, 70.50000000000002842 ) ) ;
#309 = CARTESIAN_POINT ( 'NONE',  ( -38.13094734738451308, 91.75753344487786478, 70.50000000000002842 ) ) ;
#310 = CARTESIAN_POINT ( 'NONE',  ( -13.86435803824430835, 63.55897269349025436, -5.330510920846887934 ) ) ;
#311 = VERTEX_POINT ( 'NONE', #771 ) ;
#312 = CARTESIAN_POINT ( 'NONE',  ( -13.26905803518784310, 64.99292224669211748, -4.779709185115790682 ) ) ;
#313 = VECTOR ( 'NONE', #466, 1000.000000000000000 ) ;
#314 = ADVANCED_FACE ( 'NONE', ( #1163 ), #430, .F. ) ;
#315 = CARTESIAN_POINT ( 'NONE',  ( 3.321041083460700261, 57.20967328357487958, -2.499999999999969358 ) ) ;
#316 =( NAMED_UNIT ( * ) PLANE_ANGLE_UNIT ( ) SI_UNIT ( $, .RADIAN. ) );
#317 = CARTESIAN_POINT ( 'NONE',  ( -12.23916679143987629, 78.38395401101622895, -2.236569243194004741 ) ) ;
#318 = CARTESIAN_POINT ( 'NONE',  ( -0.8027643909029602565, 76.99123922233350470, 70.50000000000002842 ) ) ;
#319 = EDGE_CURVE ( 'NONE', #883, #1173, #656, .T. ) ;
#320 = ORIENTED_EDGE ( 'NONE', *, *, #843, .F. ) ;
#321 = CARTESIAN_POINT ( 'NONE',  ( -15.59227693526081460, 65.12232631822413964, -2.499999999999976019 ) ) ;
#322 = FACE_OUTER_BOUND ( 'NONE', #1059, .T. ) ;
#323 = CARTESIAN_POINT ( 'NONE',  ( -14.44042523356045216, 71.65480193297311473, -12.49999999999997158 ) ) ;
#324 = DIRECTION ( 'NONE',  ( -0.9848077530122080203, 0.1736481776669306920, 0.000000000000000000 ) ) ;
#325 = PLANE ( 'NONE',  #1172 ) ;
#326 = CARTESIAN_POINT ( 'NONE',  ( 54.08300572362426806, 71.55884055665305254, -54.49999999999996447 ) ) ;
#327 = ADVANCED_FACE ( 'NONE', ( #790 ), #700, .T. ) ;
#328 = VERTEX_POINT ( 'NONE', #1096 ) ;
#329 = DIRECTION ( 'NONE',  ( -0.9848077530122080203, 0.1736481776669306920, -0.000000000000000000 ) ) ;
#330 = CARTESIAN_POINT ( 'NONE',  ( -15.23669912007011895, 64.27899115619588599, -4.163680842965727713 ) ) ;
#331 = EDGE_CURVE ( 'NONE', #973, #619, #992, .T. ) ;
#332 = EDGE_CURVE ( 'NONE', #49, #487, #388, .T. ) ;
#333 = FACE_OUTER_BOUND ( 'NONE', #497, .T. ) ;
#334 = LINE ( 'NONE', #452, #1294 ) ;
#335 = CARTESIAN_POINT ( 'NONE',  ( -13.15187670074644721, 64.87094603175546581, -4.863969182533375957 ) ) ;
#336 = ORIENTED_EDGE ( 'NONE', *, *, #144, .F. ) ;
#337 = FACE_OUTER_BOUND ( 'NONE', #274, .T. ) ;
#338 = ADVANCED_FACE ( 'NONE', ( #476 ), #803, .F. ) ;
#339 = CARTESIAN_POINT ( 'NONE',  ( -17.50000000000000000, 34.47989268399904716, 2.500000000000008438 ) ) ;
#340 = CIRCLE ( 'NONE', #1143, 10.00000000000000000 ) ;
#341 = DIRECTION ( 'NONE',  ( -0.9848077530122080203, 0.1736481776669306920, 0.000000000000000000 ) ) ;
#342 = ORIENTED_EDGE ( 'NONE', *, *, #524, .F. ) ;
#343 = CARTESIAN_POINT ( 'NONE',  ( 7.421654021275762680, 80.46540488709453598, -0.3638582267477992183 ) ) ;
#344 = AXIS2_PLACEMENT_3D ( 'NONE', #422, #639, #89 ) ;
#345 = CARTESIAN_POINT ( 'NONE',  ( -20.00000000000000000, 34.92071013577020722, 8.101149313121725766E-15 ) ) ;
#346 = EDGE_CURVE ( 'NONE', #801, #798, #486, .T. ) ;
#347 = CARTESIAN_POINT ( 'NONE',  ( 0.000000000000000000, 0.000000000000000000, -2.499999999999991562 ) ) ;
#348 = VERTEX_POINT ( 'NONE', #581 ) ;
#349 = CARTESIAN_POINT ( 'NONE',  ( -16.37511397678345659, 60.68263683691349542, 2.500000000000030642 ) ) ;
#350 = DIRECTION ( 'NONE',  ( 1.000000000000000000, 0.000000000000000000, 0.000000000000000000 ) ) ;
#351 = ORIENTED_EDGE ( 'NONE', *, *, #331, .F. ) ;
#352 = CARTESIAN_POINT ( 'NONE',  ( -38.77052409704612757, 90.58772221574147920, 70.50000000000002842 ) ) ;
#353 = EDGE_CURVE ( 'NONE', #1279, #245, #1104, .T. ) ;
#354 = CARTESIAN_POINT ( 'NONE',  ( -13.45078437464226440, 64.26434872632221129, 5.427198294891573127 ) ) ;
#355 = CARTESIAN_POINT ( 'NONE',  ( -20.88996659612364937, 35.07763525859607512, 5.500000000000031086 ) ) ;
#356 = CARTESIAN_POINT ( 'NONE',  ( 59.06945065624113056, 71.03916460124546006, -54.49999999999996447 ) ) ;
#357 = EDGE_CURVE ( 'NONE', #223, #152, #272, .T. ) ;
#358 = EDGE_CURVE ( 'NONE', #904, #814, #660, .T. ) ;
#359 = EDGE_LOOP ( 'NONE', ( #492, #1088, #227, #1181 ) ) ;
#360 = CARTESIAN_POINT ( 'NONE',  ( -12.47080972753603767, 71.30750557763924746, -12.49999999999997158 ) ) ;
#361 = CARTESIAN_POINT ( 'NONE',  ( -15.49689661288409503, 64.59791469760489235, 3.549468065413777129 ) ) ;
#362 = ORIENTED_EDGE ( 'NONE', *, *, #616, .F. ) ;
#363 = CARTESIAN_POINT ( 'NONE',  ( -15.59227693526081460, 65.12232631822413964, 2.500000000000030642 ) ) ;
#364 = VECTOR ( 'NONE', #538, 1000.000000000000000 ) ;
#365 = VERTEX_POINT ( 'NONE', #380 ) ;
#366 = DIRECTION ( 'NONE',  ( 0.000000000000000000, 0.000000000000000000, 1.000000000000000000 ) ) ;
#367 = AXIS2_PLACEMENT_3D ( 'NONE', #1182, #17, #250 ) ;
#368 =( GEOMETRIC_REPRESENTATION_CONTEXT ( 3 ) GLOBAL_UNCERTAINTY_ASSIGNED_CONTEXT ( ( #645 ) ) GLOBAL_UNIT_ASSIGNED_CONTEXT ( ( #1049, #316, #745 ) ) REPRESENTATION_CONTEXT ( 'NONE', 'WORKASPACE' ) );
#369 = CARTESIAN_POINT ( 'NONE',  ( -15.35422550864461222, 64.39805171548144358, 3.938165074343576766 ) ) ;
#370 = ORIENTED_EDGE ( 'NONE', *, *, #781, .T. ) ;
#371 = CARTESIAN_POINT ( 'NONE',  ( 6.670318103859380621, 76.20436715822525287, -2.499999999999972911 ) ) ;
#372 = VERTEX_POINT ( 'NONE', #374 ) ;
#373 = EDGE_CURVE ( 'NONE', #619, #328, #796, .T. ) ;
#374 = CARTESIAN_POINT ( 'NONE',  ( -14.44042523356045216, 71.65480193297311473, -0.4999999999999709677 ) ) ;
#375 = VERTEX_POINT ( 'NONE', #1009 ) ;
#376 = DIRECTION ( 'NONE',  ( 0.000000000000000000, 0.000000000000000000, 1.000000000000000000 ) ) ;
#377 = ORIENTED_EDGE ( 'NONE', *, *, #531, .T. ) ;
#378 = CARTESIAN_POINT ( 'NONE',  ( -14.91577141989456123, 64.03454867364354186, -4.607712085240565969 ) ) ;
#379 = ADVANCED_FACE ( 'NONE', ( #469 ), #103, .T. ) ;
#380 = CARTESIAN_POINT ( 'NONE',  ( 4.107155092368051541, 61.66794737043793617, 5.000000000000029310 ) ) ;
#381 = ORIENTED_EDGE ( 'NONE', *, *, #92, .T. ) ;
#382 = AXIS2_PLACEMENT_3D ( 'NONE', #748, #867, #1042 ) ;
#383 = DIRECTION ( 'NONE',  ( -0.1736481776669306643, -0.9848077530122080203, 0.000000000000000000 ) ) ;
#384 = AXIS2_PLACEMENT_3D ( 'NONE', #823, #468, #504 ) ;
#385 = ORIENTED_EDGE ( 'NONE', *, *, #346, .F. ) ;
#386 = CARTESIAN_POINT ( 'NONE',  ( 5.255729826683701589, 68.18183837963448468, 2.500000000000030642 ) ) ;
#387 = EDGE_CURVE ( 'NONE', #1183, #83, #570, .T. ) ;
#388 = LINE ( 'NONE', #267, #699 ) ;
#389 = ORIENTED_EDGE ( 'NONE', *, *, #921, .F. ) ;
#390 = LINE ( 'NONE', #1099, #602 ) ;
#391 = EDGE_LOOP ( 'NONE', ( #1045, #443 ) ) ;
#392 = CARTESIAN_POINT ( 'NONE',  ( -14.38697335386554954, 64.84716393019918712, 5.051396354666254140 ) ) ;
#393 = CARTESIAN_POINT ( 'NONE',  ( 54.53067352180178773, 73.97201152892682785, -54.49999999999996447 ) ) ;
#394 = ORIENTED_EDGE ( 'NONE', *, *, #961, .F. ) ;
#395 = CARTESIAN_POINT ( 'NONE',  ( -13.43089713195072754, 65.35161147279565341, 4.522742560427093217 ) ) ;
#396 = EDGE_CURVE ( 'NONE', #304, #487, #782, .T. ) ;
#397 = ORIENTED_EDGE ( 'NONE', *, *, #912, .F. ) ;
#398 = CARTESIAN_POINT ( 'NONE',  ( -15.23669912006977789, 64.27899115619527493, 4.163680842966367202 ) ) ;
#399 = CARTESIAN_POINT ( 'NONE',  ( -15.28226269382344604, 65.98363905003893137, -4.301640521758082869 ) ) ;
#400 = CARTESIAN_POINT ( 'NONE',  ( 59.06945065624113056, 71.03916460124546006, 70.50000000000002842 ) ) ;
#401 = CARTESIAN_POINT ( 'NONE',  ( -13.16861179401840509, 78.50035383212157569, 1.017697161251005733 ) ) ;
#402 = VECTOR ( 'NONE', #87, 1000.000000000000000 ) ;
#403 = ORIENTED_EDGE ( 'NONE', *, *, #781, .F. ) ;
#404 = DIRECTION ( 'NONE',  ( -0.1736481776669306920, -0.9848077530122080203, -0.000000000000000000 ) ) ;
#405 = CIRCLE ( 'NONE', #760, 2.500000000000000444 ) ;
#406 = AXIS2_PLACEMENT_3D ( 'NONE', #1256, #140, #123 ) ;
#407 = CARTESIAN_POINT ( 'NONE',  ( 2.261873169605452372, 94.27645185636018255, -54.49999999999996447 ) ) ;
#408 = FILL_AREA_STYLE ('',( #829 ) ) ;
#409 = LINE ( 'NONE', #2, #550 ) ;
#410 = CARTESIAN_POINT ( 'NONE',  ( -9.089106968270828091, 78.00012548456929551, 70.50000000000002842 ) ) ;
#411 = AXIS2_PLACEMENT_3D ( 'NONE', #507, #1228, #623 ) ;
#412 = VERTEX_POINT ( 'NONE', #681 ) ;
#413 = CARTESIAN_POINT ( 'NONE',  ( -9.841977309562400578, 1.731897710729035684E-15, -1.843598055105342803 ) ) ;
#414 = LINE ( 'NONE', #643, #541 ) ;
#415 = LINE ( 'NONE', #1142, #847 ) ;
#416 = CARTESIAN_POINT ( 'NONE',  ( -1.734723475976807094E-14, -1.734723357380413914E-15, -1.000000000000000444 ) ) ;
#417 = CARTESIAN_POINT ( 'NONE',  ( 39.11670024131304757, 73.06889717018736974, 70.50000000000002842 ) ) ;
#418 = ORIENTED_EDGE ( 'NONE', *, *, #455, .T. ) ;
#419 = DIRECTION ( 'NONE',  ( 0.000000000000000000, -0.000000000000000000, 1.000000000000000000 ) ) ;
#420 = EDGE_CURVE ( 'NONE', #271, #223, #1091, .T. ) ;
#421 = CARTESIAN_POINT ( 'NONE',  ( -9.341695024350629595, 83.29482642216946431, -2.499999999999976019 ) ) ;
#422 = CARTESIAN_POINT ( 'NONE',  ( -14.44042523356045571, 71.65480193297310052, 12.50000000000003197 ) ) ;
#423 = CARTESIAN_POINT ( 'NONE',  ( -5.958130112959168834, 95.82028271372189465, 70.50000000000002842 ) ) ;
#424 = ORIENTED_EDGE ( 'NONE', *, *, #346, .T. ) ;
#425 = CARTESIAN_POINT ( 'NONE',  ( -15.07113570933200464, 64.14191317271743742, -4.416471149544205055 ) ) ;
#426 = DIRECTION ( 'NONE',  ( -2.779109781899464598E-22, -1.000000000000000000, 2.668814559499989665E-22 ) ) ;
#427 = VECTOR ( 'NONE', #792, 1000.000000000000000 ) ;
#428 = CARTESIAN_POINT ( 'NONE',  ( -13.12864115612923932, 63.36380016790813130, 5.500000000000031086 ) ) ;
#429 = CARTESIAN_POINT ( 'NONE',  ( -0.8027643909029602565, 76.99123922233350470, 70.50000000000002842 ) ) ;
#430 = PLANE ( 'NONE',  #1168 ) ;
#431 = CARTESIAN_POINT ( 'NONE',  ( 39.11670024131304757, 73.06889717018736974, -54.49999999999996447 ) ) ;
#432 = VECTOR ( 'NONE', #47, 1000.000000000000000 ) ;
#433 = VERTEX_POINT ( 'NONE', #600 ) ;
#434 = CARTESIAN_POINT ( 'NONE',  ( -13.85092976308406953, 63.55633911471743147, -5.331095885409065538 ) ) ;
#435 = DIRECTION ( 'NONE',  ( -0.9848077530122080203, 0.1736481776669306920, -0.000000000000000000 ) ) ;
#436 = VECTOR ( 'NONE', #632, 1000.000000000000000 ) ;
#437 = UNCERTAINTY_MEASURE_WITH_UNIT (LENGTH_MEASURE( 1.000000000000000082E-05 ), #657, 'distance_accuracy_value', 'NONE');
#438 = DIRECTION ( 'NONE',  ( 0.000000000000000000, 0.000000000000000000, -1.000000000000000000 ) ) ;
#439 = ORIENTED_EDGE ( 'NONE', *, *, #484, .T. ) ;
#440 = FACE_OUTER_BOUND ( 'NONE', #483, .T. ) ;
#441 = EDGE_CURVE ( 'NONE', #49, #565, #279, .T. ) ;
#442 = CARTESIAN_POINT ( 'NONE',  ( -12.80652693423852995, 64.66174155037184335, 4.990012714124770099 ) ) ;
#443 = ORIENTED_EDGE ( 'NONE', *, *, #524, .T. ) ;
#444 = DIRECTION ( 'NONE',  ( -0.9848077530122080203, 0.1736481776669306920, -0.000000000000000000 ) ) ;
#445 = EDGE_LOOP ( 'NONE', ( #336, #529, #704, #1312, #169, #591 ) ) ;
#446 = CARTESIAN_POINT ( 'NONE',  ( -20.00000000000000000, 34.92071013577020722, -1.464466094067254476 ) ) ;
#447 = EDGE_CURVE ( 'NONE', #1135, #271, #1116, .T. ) ;
#448 = AXIS2_PLACEMENT_3D ( 'NONE', #129, #145, #23 ) ;
#449 = PLANE ( 'NONE',  #1035 ) ;
#450 = VECTOR ( 'NONE', #576, 1000.000000000000114 ) ;
#451 = EDGE_LOOP ( 'NONE', ( #962, #196, #889, #157 ) ) ;
#452 = CARTESIAN_POINT ( 'NONE',  ( -16.37511397678345659, 60.68263683691349542, -2.499999999999969358 ) ) ;
#453 = EDGE_LOOP ( 'NONE', ( #1114, #887, #1100, #105 ) ) ;
#454 = CARTESIAN_POINT ( 'NONE',  ( -13.23194893150571261, 78.50841161425496750, -0.4999999999999709677 ) ) ;
#455 = EDGE_CURVE ( 'NONE', #1108, #189, #1330, .T. ) ;
#456 = CARTESIAN_POINT ( 'NONE',  ( -12.72269321032080569, 64.63550373219943879, 4.999999978489524821 ) ) ;
#457 = ORIENTED_EDGE ( 'NONE', *, *, #625, .F. ) ;
#458 = CYLINDRICAL_SURFACE ( 'NONE', #367, 2.500000000000000444 ) ;
#459 = ORIENTED_EDGE ( 'NONE', *, *, #531, .F. ) ;
#460 = VECTOR ( 'NONE', #77, 1000.000000000000000 ) ;
#461 = CARTESIAN_POINT ( 'NONE',  ( -42.90092812257495325, 68.61345760777783198, -5.499999999999975131 ) ) ;
#462 = CARTESIAN_POINT ( 'NONE',  ( -15.03655680944694062, 64.11711378551231633, 4.460789003004554054 ) ) ;
#463 = VERTEX_POINT ( 'NONE', #522 ) ;
#464 = CARTESIAN_POINT ( 'NONE',  ( -1.193811535879496510, 31.60467170525746283, 5.500000000000031086 ) ) ;
#465 = ORIENTED_EDGE ( 'NONE', *, *, #319, .T. ) ;
#466 = DIRECTION ( 'NONE',  ( 0.9848077530122080203, -0.1736481776669306920, 0.000000000000000000 ) ) ;
#467 = EDGE_CURVE ( 'NONE', #747, #635, #1305, .T. ) ;
#468 = DIRECTION ( 'NONE',  ( -3.630704165854387192E-16, -1.000000000000000000, 2.668814559449603746E-22 ) ) ;
#469 = FACE_OUTER_BOUND ( 'NONE', #676, .T. ) ;
#470 = AXIS2_PLACEMENT_3D ( 'NONE', #1331, #954, #306 ) ;
#471 = ORIENTED_EDGE ( 'NONE', *, *, #1188, .F. ) ;
#472 = CARTESIAN_POINT ( 'NONE',  ( -1.632122722703454043, 77.09221600667616769, -2.499999999999972911 ) ) ;
#473 = ADVANCED_FACE ( 'NONE', ( #43 ), #1265, .T. ) ;
#474 = AXIS2_PLACEMENT_3D ( 'NONE', #958, #882, #763 ) ;
#475 = VECTOR ( 'NONE', #647, 1000.000000000000000 ) ;
#476 = FACE_OUTER_BOUND ( 'NONE', #1147, .T. ) ;
#477 = CARTESIAN_POINT ( 'NONE',  ( -38.13094734738451308, 91.75753344487786478, 70.50000000000002842 ) ) ;
#478 = CARTESIAN_POINT ( 'NONE',  ( -13.62266142923640189, 64.77502996289027237, 2.500000000000029310 ) ) ;
#479 = EDGE_LOOP ( 'NONE', ( #362, #1337 ) ) ;
#480 = DIRECTION ( 'NONE',  ( 0.000000000000000000, 0.000000000000000000, -1.000000000000000000 ) ) ;
#481 = ORIENTED_EDGE ( 'NONE', *, *, #1214, .T. ) ;
#482 = LINE ( 'NONE', #64, #427 ) ;
#483 = EDGE_LOOP ( 'NONE', ( #5, #598, #693, #240 ) ) ;
#484 = EDGE_CURVE ( 'NONE', #463, #973, #765, .T. ) ;
#485 = EDGE_CURVE ( 'NONE', #487, #1176, #974, .T. ) ;
#486 = LINE ( 'NONE', #689, #931 ) ;
#487 = VERTEX_POINT ( 'NONE', #162 ) ;
#488 = AXIS2_PLACEMENT_3D ( 'NONE', #1196, #168, #496 ) ;
#489 = CARTESIAN_POINT ( 'NONE',  ( -20.88996659612364937, 35.07763525859607512, -2.499999999999976019 ) ) ;
#490 = EDGE_CURVE ( 'NONE', #1173, #365, #990, .T. ) ;
#491 = PRODUCT ( 'NACA4418 AoA +10', 'NACA4418 AoA +10', '', ( #1278 ) ) ;
#492 = ORIENTED_EDGE ( 'NONE', *, *, #616, .T. ) ;
#493 = CARTESIAN_POINT ( 'NONE',  ( -13.43193638417872293, 65.38216177193662304, 4.501357448407568462 ) ) ;
#494 = VERTEX_POINT ( 'NONE', #205 ) ;
#495 = CARTESIAN_POINT ( 'NONE',  ( -13.23194893150571261, 78.50841161425496750, -0.4999999999999709677 ) ) ;
#496 = DIRECTION ( 'NONE',  ( -1.000000000000000000, 0.000000000000000000, -1.387778780781416864E-17 ) ) ;
#497 = EDGE_LOOP ( 'NONE', ( #233, #1140, #457, #877 ) ) ;
#498 = CARTESIAN_POINT ( 'NONE',  ( -15.61773666628200452, 64.97793700855132215, 2.791763645251031267 ) ) ;
#499 = DIRECTION ( 'NONE',  ( 0.1736481776669306920, 0.9848077530122080203, 0.000000000000000000 ) ) ;
#500 = CARTESIAN_POINT ( 'NONE',  ( 29.13233451546254926, 74.02121049456158630, 70.50000000000002842 ) ) ;
#501 = CARTESIAN_POINT ( 'NONE',  ( -12.12507831845837636, 78.36986327543401387, -2.297875650143663240 ) ) ;
#502 = CARTESIAN_POINT ( 'NONE',  ( 54.53067352180178773, 73.97201152892682785, 70.50000000000002842 ) ) ;
#503 = ORIENTED_EDGE ( 'NONE', *, *, #387, .T. ) ;
#504 = DIRECTION ( 'NONE',  ( 1.000000000000000000, -3.630701386744606278E-16, 9.020562075079392947E-16 ) ) ;
#505 = CARTESIAN_POINT ( 'NONE',  ( 19.14803689299958478, 74.98417254788347464, -54.49999999999996447 ) ) ;
#506 = DIRECTION ( 'NONE',  ( -8.673617379884035472E-16, -3.469446951953614189E-15, 1.000000000000000000 ) ) ;
#507 = CARTESIAN_POINT ( 'NONE',  ( -17.93554333708702941, 34.55669072559528843, -2.499999999999976019 ) ) ;
#508 = CARTESIAN_POINT ( 'NONE',  ( -39.93674775831963331, 89.10804849293381835, -54.49999999999996447 ) ) ;
#509 = CARTESIAN_POINT ( 'NONE',  ( -12.72269321032048950, 64.63550373219933931, -4.999999978489509722 ) ) ;
#510 = VECTOR ( 'NONE', #917, 1000.000000000000000 ) ;
#511 = ORIENTED_EDGE ( 'NONE', *, *, #673, .T. ) ;
#512 = DIRECTION ( 'NONE',  ( 0.1736481776669306643, 0.9848077530122080203, 0.000000000000000000 ) ) ;
#513 = CARTESIAN_POINT ( 'NONE',  ( -13.17764421782973727, 64.88420651273500539, -4.856393938282012712 ) ) ;
#514 = AXIS2_PLACEMENT_3D ( 'NONE', #1280, #659, #566 ) ;
#515 = VECTOR ( 'NONE', #170, 1000.000000000000114 ) ;
#516 = LINE ( 'NONE', #198, #177 ) ;
#517 = CARTESIAN_POINT ( 'NONE',  ( -15.31746358051478119, 64.35916436601621626, -4.011978576822073705 ) ) ;
#518 = CARTESIAN_POINT ( 'NONE',  ( -18.39099631177278482, 49.25000000000000000, -2.499999999999976019 ) ) ;
#519 = CARTESIAN_POINT ( 'NONE',  ( -11.50469206359253960, 78.29375980302887683, -2.487069239873287430 ) ) ;
#520 = CARTESIAN_POINT ( 'NONE',  ( -39.93674775831963331, 89.10804849293381835, 70.50000000000002842 ) ) ;
#521 = ORIENTED_EDGE ( 'NONE', *, *, #885, .F. ) ;
#522 = CARTESIAN_POINT ( 'NONE',  ( -7.119385516286688859E-15, 38.37511336474065615, -1.000000000000001332 ) ) ;
#523 = DIRECTION ( 'NONE',  ( -0.9848077530122080203, 0.1736481776669306920, -0.000000000000000000 ) ) ;
#524 = EDGE_CURVE ( 'NONE', #770, #348, #22, .T. ) ;
#525 = CARTESIAN_POINT ( 'NONE',  ( 48.34496596543851865, 77.17587723827709567, -54.49999999999996447 ) ) ;
#526 = CARTESIAN_POINT ( 'NONE',  ( 47.42931931167553472, 72.20444237399908616, 70.50000000000002842 ) ) ;
#527 = CARTESIAN_POINT ( 'NONE',  ( -11.88454539615385386, 78.34026367503577148, -2.398047921132929083 ) ) ;
#528 = CARTESIAN_POINT ( 'NONE',  ( -35.23447163216813749, 83.67901205575810764, 70.50000000000002842 ) ) ;
#529 = ORIENTED_EDGE ( 'NONE', *, *, #467, .T. ) ;
#530 = CARTESIAN_POINT ( 'NONE',  ( -12.93733073053891403, 64.71027142414072841, -4.967605322239571741 ) ) ;
#531 = EDGE_CURVE ( 'NONE', #245, #83, #136, .T. ) ;
#532 = EDGE_CURVE ( 'NONE', #131, #635, #1065, .T. ) ;
#533 = CARTESIAN_POINT ( 'NONE',  ( -22.80050649158698661, 96.55417911032238010, -54.49999999999996447 ) ) ;
#534 = DIRECTION ( 'NONE',  ( -0.9813178170706011727, 0.1730328077994811864, -0.08411295574890803595 ) ) ;
#535 = CARTESIAN_POINT ( 'NONE',  ( 40.54551257382906471, 80.87025018040539237, 70.50000000000002842 ) ) ;
#536 = ORIENTED_EDGE ( 'NONE', *, *, #1062, .T. ) ;
#537 = CARTESIAN_POINT ( 'NONE',  ( -15.17665645181865841, 64.22566778564885226, -4.262856550423178348 ) ) ;
#538 = DIRECTION ( 'NONE',  ( 0.1736481776669306920, 0.9848077530122080203, -0.000000000000000000 ) ) ;
#539 = VECTOR ( 'NONE', #542, 1000.000000000000000 ) ;
#540 = ADVANCED_BREP_SHAPE_REPRESENTATION ( 'NACA4418 AoA +10', ( #86, #779 ), #849 ) ;
#541 = VECTOR ( 'NONE', #1266, 1000.000000000000114 ) ;
#542 = DIRECTION ( 'NONE',  ( -0.1736481776669306920, -0.9848077530122080203, 0.000000000000000000 ) ) ;
#543 = ADVANCED_FACE ( 'NONE', ( #580 ), #998, .F. ) ;
#544 = VECTOR ( 'NONE', #179, 1000.000000000000000 ) ;
#545 = CARTESIAN_POINT ( 'NONE',  ( -15.49689661288389431, 64.59791469760489235, -3.549468065414359774 ) ) ;
#546 = DIRECTION ( 'NONE',  ( 0.000000000000000000, 0.000000000000000000, 1.000000000000000000 ) ) ;
#547 = CARTESIAN_POINT ( 'NONE',  ( -22.80050649158698661, 96.55417911032238010, -54.49999999999996447 ) ) ;
#548 = ORIENTED_EDGE ( 'NONE', *, *, #1204, .F. ) ;
#549 = DIRECTION ( 'NONE',  ( 0.000000000000000000, 0.000000000000000000, 1.000000000000000000 ) ) ;
#550 = VECTOR ( 'NONE', #1247, 1000.000000000000000 ) ;
#551 = LINE ( 'NONE', #756, #794 ) ;
#552 = CYLINDRICAL_SURFACE ( 'NONE', #406, 10.00000000000000000 ) ;
#553 = ORIENTED_EDGE ( 'NONE', *, *, #1094, .F. ) ;
#554 = CARTESIAN_POINT ( 'NONE',  ( 4.178114900085949657, 76.46264986412744236, -2.499999999999972911 ) ) ;
#555 = CARTESIAN_POINT ( 'NONE',  ( 59.06945065624113056, 71.03916460124546006, -54.49999999999996447 ) ) ;
#556 = ADVANCED_FACE ( 'NONE', ( #569 ), #289, .T. ) ;
#557 = ORIENTED_EDGE ( 'NONE', *, *, #1002, .F. ) ;
#558 = DIRECTION ( 'NONE',  ( 0.9848077530122080203, -0.1736481776669306920, 0.000000000000000000 ) ) ;
#559 = ORIENTED_EDGE ( 'NONE', *, *, #1288, .T. ) ;
#560 = LINE ( 'NONE', #38, #716 ) ;
#561 = DIRECTION ( 'NONE',  ( 0.9848077530122080203, -0.1736481776669306920, 0.000000000000000000 ) ) ;
#562 = ORIENTED_EDGE ( 'NONE', *, *, #834, .T. ) ;
#563 = FACE_OUTER_BOUND ( 'NONE', #804, .T. ) ;
#564 = EDGE_CURVE ( 'NONE', #487, #75, #516, .T. ) ;
#565 = VERTEX_POINT ( 'NONE', #1218 ) ;
#566 = DIRECTION ( 'NONE',  ( 0.09598764180836374948, 0.5443729678957500706, -0.8333333333333317050 ) ) ;
#567 = EDGE_CURVE ( 'NONE', #1153, #1298, #415, .T. ) ;
#568 = CARTESIAN_POINT ( 'NONE',  ( -12.86429165570260302, 63.31718818893644851, 5.500000000000031086 ) ) ;
#569 = FACE_OUTER_BOUND ( 'NONE', #791, .T. ) ;
#570 = LINE ( 'NONE', #273, #432 ) ;
#571 =( BOUNDED_SURFACE ( )  B_SPLINE_SURFACE ( 3, 2, ( 
 ( #644, #761, #568 ),
 ( #456, #881, #428 ),
 ( #442, #869, #662 ),
 ( #1282, #354, #774 ),
 ( #853, #1253, #1155 ),
 ( #1054, #121, #705 ),
 ( #150, #606, #680 ),
 ( #1013, #284, #1286 ),
 ( #1020, #392, #462 ),
 ( #70, #808, #398 ),
 ( #1307, #1217, #182 ),
 ( #493, #1209, #923 ),
 ( #574, #1232, #361 ),
 ( #1115, #815, #84 ),
 ( #76, #989, #498 ),
 ( #886, #300, #780 ) ),
 .UNSPECIFIED., .F., .F., .T. ) 
 B_SPLINE_SURFACE_WITH_KNOTS ( ( 4, 2, 2, 2, 2, 2, 2, 4 ),
 ( 3, 3 ),
 ( 0.004635963571066483921, 0.004902230594476111175, 0.005168497617885739297, 0.005434764641295367418, 0.005701031664704994673, 0.005967298688114621927, 0.006233565711524250048, 0.006766099758343505424 ),
 ( 0.000000000000000000, 1.000000000000000000 ),
 .UNSPECIFIED. ) 
 GEOMETRIC_REPRESENTATION_ITEM ( )  RATIONAL_B_SPLINE_SURFACE ( (
 ( 1.000000000000000000, 0.9354143466934852214, 1.000000000000000000),
 ( 1.000000000000000000, 0.9354098695951835740, 1.000000000000000000),
 ( 1.000000000000000000, 0.9332930661161724650, 1.000000000000000000),
 ( 1.000000000000000000, 0.9252414482835702447, 1.000000000000000000),
 ( 1.000000000000000000, 0.9194819428115743598, 1.000000000000000000),
 ( 1.000000000000000000, 0.9053101983488336391, 1.000000000000000000),
 ( 1.000000000000000000, 0.8971149038921339969, 1.000000000000000000),
 ( 1.000000000000000000, 0.8788298938415632922, 1.000000000000000000),
 ( 1.000000000000000000, 0.8687612797502681783, 1.000000000000000000),
 ( 1.000000000000000000, 0.8476240924214630823, 1.000000000000000000),
 ( 1.000000000000000000, 0.8364572537790646578, 1.000000000000000000),
 ( 1.000000000000000000, 0.8129401750143718797, 1.000000000000000000),
 ( 1.000000000000000000, 0.8005803502265940175, 1.000000000000000000),
 ( 1.000000000000000000, 0.7625924932380023780, 1.000000000000000000),
 ( 1.000000000000000000, 0.7357548725554206026, 1.000000000000000000),
 ( 1.000000000000000000, 0.7071067811865472397, 1.000000000000000000) ) ) 
 REPRESENTATION_ITEM ( '' )  SURFACE ( )  );
#572 = ORIENTED_EDGE ( 'NONE', *, *, #564, .T. ) ;
#573 = LINE ( 'NONE', #461, #231 ) ;
#574 = CARTESIAN_POINT ( 'NONE',  ( -13.44229450083948052, 65.44282818467462448, 4.458185572730657853 ) ) ;
#575 = DIRECTION ( 'NONE',  ( -0.9848077530122080203, 0.1736481776669306920, -0.000000000000000000 ) ) ;
#576 = DIRECTION ( 'NONE',  ( 0.1736481776669306643, 0.9848077530122080203, 0.000000000000000000 ) ) ;
#577 = VERTEX_POINT ( 'NONE', #940 ) ;
#578 = CARTESIAN_POINT ( 'NONE',  ( -20.88996659612364937, 35.07763525859607512, 2.500000000000030198 ) ) ;
#579 = AXIS2_PLACEMENT_3D ( 'NONE', #323, #561, #1175 ) ;
#580 = FACE_OUTER_BOUND ( 'NONE', #1082, .T. ) ;
#581 = CARTESIAN_POINT ( 'NONE',  ( 59.13543696375455738, 71.41339154739009132, 70.50000000000002842 ) ) ;
#582 = VECTOR ( 'NONE', #523, 1000.000000000000000 ) ;
#583 = ADVANCED_FACE ( 'NONE', ( #1021 ), #78, .T. ) ;
#584 = ORIENTED_EDGE ( 'NONE', *, *, #841, .F. ) ;
#585 = DIRECTION ( 'NONE',  ( 0.1736481776669306920, 0.9848077530122080203, -0.000000000000000000 ) ) ;
#586 = VERTEX_POINT ( 'NONE', #932 ) ;
#587 = VECTOR ( 'NONE', #1309, 1000.000000000000000 ) ;
#588 = VECTOR ( 'NONE', #256, 1000.000000000000114 ) ;
#589 = CARTESIAN_POINT ( 'NONE',  ( 5.255729826683701589, 68.18183837963448468, 12.50000000000003197 ) ) ;
#590 = CARTESIAN_POINT ( 'NONE',  ( -14.37734325419621939, 63.75311934051347862, 5.066802077307815289 ) ) ;
#591 = ORIENTED_EDGE ( 'NONE', *, *, #1296, .F. ) ;
#592 = CARTESIAN_POINT ( 'NONE',  ( -13.13041703066302546, 78.49550035817841831, 1.144713663245016999 ) ) ;
#593 = EDGE_CURVE ( 'NONE', #433, #311, #294, .T. ) ;
#594 = ORIENTED_EDGE ( 'NONE', *, *, #358, .F. ) ;
#595 = CARTESIAN_POINT ( 'NONE',  ( -12.47080972753604122, 71.30750557763924746, 12.50000000000003197 ) ) ;
#596 = ORIENTED_EDGE ( 'NONE', *, *, #286, .T. ) ;
#597 = DIRECTION ( 'NONE',  ( -0.09598764180836373561, -0.5443729678957499596, -0.8333333333333319271 ) ) ;
#598 = ORIENTED_EDGE ( 'NONE', *, *, #332, .T. ) ;
#599 = CARTESIAN_POINT ( 'NONE',  ( -14.44042523356045216, 71.65480193297311473, -0.4999999999999709677 ) ) ;
#600 = CARTESIAN_POINT ( 'NONE',  ( 3.321041083460700261, 57.20967328357486537, -2.499999999999976019 ) ) ;
#601 = VERTEX_POINT ( 'NONE', #621 ) ;
#602 = VECTOR ( 'NONE', #383, 1000.000000000000114 ) ;
#603 = CARTESIAN_POINT ( 'NONE',  ( -12.96970603246855624, 78.47516035399596035, 1.501744977083607546 ) ) ;
#604 = PRODUCT_DEFINITION_SHAPE ( 'NONE', 'NONE',  #199 ) ;
#605 = ORIENTED_EDGE ( 'NONE', *, *, #834, .F. ) ;
#606 = CARTESIAN_POINT ( 'NONE',  ( -14.03457491431353965, 64.57642690547601205, 5.234134625590426637 ) ) ;
#607 = CARTESIAN_POINT ( 'NONE',  ( -15.59227693526081815, 65.12232631822412543, -2.499999999999961808 ) ) ;
#608 = AXIS2_PLACEMENT_3D ( 'NONE', #1255, #1036, #1 ) ;
#609 = DIRECTION ( 'NONE',  ( 0.9848077530122080203, -0.1736481776669306920, 0.000000000000000000 ) ) ;
#610 = CARTESIAN_POINT ( 'NONE',  ( -11.37570867955385623, 78.27802251674111744, -2.499999999999973355 ) ) ;
#611 = CARTESIAN_POINT ( 'NONE',  ( -13.21907062795486532, 78.50677056725005798, 0.7620750074389841533 ) ) ;
#612 = ORIENTED_EDGE ( 'NONE', *, *, #688, .F. ) ;
#613 = CARTESIAN_POINT ( 'NONE',  ( -13.06897763756483855, 63.35327985011157637, -5.499999999999976019 ) ) ;
#614 = CARTESIAN_POINT ( 'NONE',  ( 5.255729826683701589, 68.18183837963449889, -2.499999999999971134 ) ) ;
#615 = CARTESIAN_POINT ( 'NONE',  ( -39.93674775831963331, 89.10804849293381835, -54.49999999999996447 ) ) ;
#616 = EDGE_CURVE ( 'NONE', #1017, #601, #1077, .T. ) ;
#617 = CARTESIAN_POINT ( 'NONE',  ( -17.50000000000001776, 4.429268965962580379E-15, 2.500000000000007994 ) ) ;
#618 = CARTESIAN_POINT ( 'NONE',  ( -38.13094734738451308, 91.75753344487786478, -54.49999999999996447 ) ) ;
#619 = VERTEX_POINT ( 'NONE', #236 ) ;
#620 = CARTESIAN_POINT ( 'NONE',  ( -1.193811535879492958, 31.60467170525746994, -1.102326703075385161 ) ) ;
#621 = CARTESIAN_POINT ( 'NONE',  ( 59.06945065624113056, 71.03916460124546006, -54.49999999999996447 ) ) ;
#622 = CARTESIAN_POINT ( 'NONE',  ( -13.23194893150571261, 78.50841161425496750, 0.5000000000000299760 ) ) ;
#623 = DIRECTION ( 'NONE',  ( 0.000000000000000000, 0.000000000000000000, -1.000000000000000000 ) ) ;
#624 = CARTESIAN_POINT ( 'NONE',  ( 19.14803689299958478, 74.98417254788347464, -54.49999999999996447 ) ) ;
#625 = EDGE_CURVE ( 'NONE', #494, #171, #957, .T. ) ;
#626 = EDGE_CURVE ( 'NONE', #801, #772, #4, .T. ) ;
#627 = CIRCLE ( 'NONE', #384, 2.500000000000000444 ) ;
#628 = EDGE_LOOP ( 'NONE', ( #1329, #439, #789, #67, #381, #219, #1303, #733, #465, #265, #562, #1019, #1055, #299 ) ) ;
#629 = CARTESIAN_POINT ( 'NONE',  ( -12.86429165570260658, 63.31718818893644851, 3.500000000000030198 ) ) ;
#630 = CIRCLE ( 'NONE', #1165, 2.000000000000000000 ) ;
#631 = CARTESIAN_POINT ( 'NONE',  ( -12.61180204835282659, 96.51494250484327608, -54.49999999999996447 ) ) ;
#632 = DIRECTION ( 'NONE',  ( 3.522283948605836748E-16, 1.000000000000000000, -2.668814559451108378E-22 ) ) ;
#633 = CARTESIAN_POINT ( 'NONE',  ( -22.80050649158698661, 96.55417911032238010, 70.50000000000002842 ) ) ;
#634 = CARTESIAN_POINT ( 'NONE',  ( -13.45078437464106536, 64.26434872632221129, -5.427198294891601549 ) ) ;
#635 = VERTEX_POINT ( 'NONE', #7 ) ;
#636 = CARTESIAN_POINT ( 'NONE',  ( -14.37734325419623183, 63.75311934051346441, -5.066802077307755781 ) ) ;
#637 = CARTESIAN_POINT ( 'NONE',  ( -12.47080972753603767, 71.30750557763924746, -12.49999999999997158 ) ) ;
#638 = CARTESIAN_POINT ( 'NONE',  ( -29.62795185087939132, 81.59007425076600839, -54.49999999999996447 ) ) ;
#639 = DIRECTION ( 'NONE',  ( 0.9848077530122080203, -0.1736481776669306920, 0.000000000000000000 ) ) ;
#640 = CARTESIAN_POINT ( 'NONE',  ( -13.23194893150571616, 78.50841161425498171, -0.7642924876056957917 ) ) ;
#641 = CARTESIAN_POINT ( 'NONE',  ( 2.261873169605452372, 94.27645185636018255, -54.49999999999996447 ) ) ;
#642 = ORIENTED_EDGE ( 'NONE', *, *, #661, .F. ) ;
#643 = CARTESIAN_POINT ( 'NONE',  ( -9.841977309562398801, 1.731898002254456753E-15, 1.843598055105351685 ) ) ;
#644 = CARTESIAN_POINT ( 'NONE',  ( -12.63457670883947870, 64.61996639077575821, 5.000000000000030198 ) ) ;
#645 = UNCERTAINTY_MEASURE_WITH_UNIT (LENGTH_MEASURE( 1.000000000000000082E-05 ), #1049, 'distance_accuracy_value', 'NONE');
#646 = ORIENTED_EDGE ( 'NONE', *, *, #567, .T. ) ;
#647 = DIRECTION ( 'NONE',  ( -0.000000000000000000, 0.000000000000000000, -1.000000000000000000 ) ) ;
#648 = CARTESIAN_POINT ( 'NONE',  ( 31.09786668809239885, 84.91076763848069220, 70.50000000000002842 ) ) ;
#649 = ORIENTED_EDGE ( 'NONE', *, *, #1063, .T. ) ;
#650 = CARTESIAN_POINT ( 'NONE',  ( -39.37833149122297272, 88.59109584101085488, 2.500000000000030642 ) ) ;
#651 = AXIS2_PLACEMENT_3D ( 'NONE', #1186, #404, #1322 ) ;
#652 = EDGE_CURVE ( 'NONE', #223, #1052, #768, .T. ) ;
#653 = ADVANCED_FACE ( 'NONE', ( #333 ), #449, .F. ) ;
#654 = CYLINDRICAL_SURFACE ( 'NONE', #448, 3.000000000000000000 ) ;
#655 = CLOSED_SHELL ( 'NONE', ( #895, #248, #281, #1321, #314, #1199, #221, #985, #703, #45, #1223, #39, #338, #192, #1161, #260, #583, #710, #1249, #379, #714, #214, #327, #858, #556, #1095, #956, #473, #863, #93, #653, #1215, #206, #543 ) ) ;
#656 = LINE ( 'NONE', #1079, #587 ) ;
#657 =( LENGTH_UNIT ( ) NAMED_UNIT ( * ) SI_UNIT ( .MILLI., .METRE. ) );
#658 = ORIENTED_EDGE ( 'NONE', *, *, #396, .T. ) ;
#659 = DIRECTION ( 'NONE',  ( -0.1447068147224422063, -0.8206731275101730727, -0.5527707983925669311 ) ) ;
#660 = CIRCLE ( 'NONE', #828, 10.00000000000000000 ) ;
#661 = EDGE_CURVE ( 'NONE', #883, #586, #813, .T. ) ;
#662 = CARTESIAN_POINT ( 'NONE',  ( -13.38366861834381538, 63.42251519412404548, 5.464045825671458800 ) ) ;
#663 = ORIENTED_EDGE ( 'NONE', *, *, #261, .T. ) ;
#664 = CARTESIAN_POINT ( 'NONE',  ( -12.86429165570260658, 63.31718818893644851, 5.500000000000031086 ) ) ;
#665 = DIRECTION ( 'NONE',  ( 1.000000000000000000, 0.000000000000000000, 0.000000000000000000 ) ) ;
#666 = ORIENTED_EDGE ( 'NONE', *, *, #485, .T. ) ;
#667 = CARTESIAN_POINT ( 'NONE',  ( -12.47080972753603767, 71.30750557763926167, -2.499999999999971134 ) ) ;
#668 = PLANE ( 'NONE',  #925 ) ;
#669 = ORIENTED_EDGE ( 'NONE', *, *, #1333, .T. ) ;
#670 = DIRECTION ( 'NONE',  ( -0.9848077530122080203, 0.1736481776669306920, 0.000000000000000000 ) ) ;
#671 = ORIENTED_EDGE ( 'NONE', *, *, #661, .T. ) ;
#672 = DIRECTION ( 'NONE',  ( 0.9848077530122080203, -0.1736481776669306920, 0.000000000000000000 ) ) ;
#673 = EDGE_CURVE ( 'NONE', #372, #747, #1164, .T. ) ;
#674 = FACE_BOUND ( 'NONE', #866, .T. ) ;
#675 = DIRECTION ( 'NONE',  ( 0.000000000000000000, 0.000000000000000000, 1.000000000000000000 ) ) ;
#676 = EDGE_LOOP ( 'NONE', ( #290, #1222, #1316, #557 ) ) ;
#677 = DIRECTION ( 'NONE',  ( 0.000000000000000000, 1.000000000000000000, 0.000000000000000000 ) ) ;
#678 = LINE ( 'NONE', #896, #891 ) ;
#679 = AXIS2_PLACEMENT_3D ( 'NONE', #595, #66, #675 ) ;
#680 = CARTESIAN_POINT ( 'NONE',  ( -14.62948868575350758, 63.87140583216406498, 4.882675289575213462 ) ) ;
#681 = CARTESIAN_POINT ( 'NONE',  ( 3.321041083460700261, 57.20967328357487958, 2.500000000000030642 ) ) ;
#682 = APPLICATION_PROTOCOL_DEFINITION ( 'draft international standard', 'automotive_design', 1998, #685 ) ;
#683 = ORIENTED_EDGE ( 'NONE', *, *, #1169, .F. ) ;
#684 = DIRECTION ( 'NONE',  ( -0.9848077530122080203, 0.1736481776669306920, 0.000000000000000000 ) ) ;
#685 = APPLICATION_CONTEXT ( 'automotive_design' ) ;
#686 = EDGE_CURVE ( 'NONE', #1108, #494, #551, .T. ) ;
#687 = DIRECTION ( 'NONE',  ( 0.1736481776669306920, 0.9848077530122080203, -0.000000000000000000 ) ) ;
#688 = EDGE_CURVE ( 'NONE', #1284, #171, #243, .T. ) ;
#689 = CARTESIAN_POINT ( 'NONE',  ( -20.00000000000000000, 7.261402971149854973E-15, 8.101158632811689131E-15 ) ) ;
#690 = CARTESIAN_POINT ( 'NONE',  ( -33.37079273160319559, 94.40179988175142967, 70.50000000000002842 ) ) ;
#691 = DIRECTION ( 'NONE',  ( 0.9963466490417509647, -3.509413107732031008E-16, -0.08540114134643618515 ) ) ;
#692 = CARTESIAN_POINT ( 'NONE',  ( -13.03071590989588557, 78.48287209856725610, 1.386889568432046582 ) ) ;
#693 = ORIENTED_EDGE ( 'NONE', *, *, #396, .F. ) ;
#694 = CARTESIAN_POINT ( 'NONE',  ( -13.26922329860749983, 63.39676822795563282, 5.478630831963458014 ) ) ;
#695 = AXIS2_PLACEMENT_3D ( 'NONE', #1011, #585, #376 ) ;
#696 = ORIENTED_EDGE ( 'NONE', *, *, #72, .F. ) ;
#697 = CARTESIAN_POINT ( 'NONE',  ( -11.50687434055403813, 78.29400202087498428, 2.500000000000031086 ) ) ;
#698 = ORIENTED_EDGE ( 'NONE', *, *, #261, .F. ) ;
#699 = VECTOR ( 'NONE', #1111, 1000.000000000000000 ) ;
#700 = CYLINDRICAL_SURFACE ( 'NONE', #762, 2.000000000000000000 ) ;
#701 = ORIENTED_EDGE ( 'NONE', *, *, #1047, .F. ) ;
#702 = DIRECTION ( 'NONE',  ( 0.1736481776669306643, 0.9848077530122080203, 0.000000000000000000 ) ) ;
#703 = ADVANCED_FACE ( 'NONE', ( #674, #222 ), #668, .F. ) ;
#704 = ORIENTED_EDGE ( 'NONE', *, *, #532, .F. ) ;
#705 = CARTESIAN_POINT ( 'NONE',  ( -14.46537038147874199, 63.79122040197571408, 5.010289011251456870 ) ) ;
#706 = DIRECTION ( 'NONE',  ( -0.000000000000000000, -0.000000000000000000, -1.000000000000000000 ) ) ;
#707 = ORIENTED_EDGE ( 'NONE', *, *, #567, .F. ) ;
#708 = CARTESIAN_POINT ( 'NONE',  ( -13.45349522006036835, 65.73441920948394568, 4.253795875566509288 ) ) ;
#709 = ORIENTED_EDGE ( 'NONE', *, *, #357, .T. ) ;
#710 = ADVANCED_FACE ( 'NONE', ( #230 ), #654, .T. ) ;
#711 = LINE ( 'NONE', #1121, #510 ) ;
#712 =( BOUNDED_CURVE ( )  B_SPLINE_CURVE ( 3, ( #149, #138, #446, #345 ),
 .UNSPECIFIED., .F., .F. ) 
 B_SPLINE_CURVE_WITH_KNOTS ( ( 4, 4 ),
 ( 1.570796326794896558, 3.141592653589793116 ),
 .UNSPECIFIED. ) 
 CURVE ( )  GEOMETRIC_REPRESENTATION_ITEM ( )  RATIONAL_B_SPLINE_CURVE ( ( 1.000000000000000000, 0.8047378541243649375, 0.8047378541243649375, 1.000000000000000000 ) ) 
 REPRESENTATION_ITEM ( '' )  );
#713 = CARTESIAN_POINT ( 'NONE',  ( -20.64879935888837537, 79.63464808463795919, -54.49999999999996447 ) ) ;
#714 = ADVANCED_FACE ( 'NONE', ( #978 ), #571, .T. ) ;
#715 = ORIENTED_EDGE ( 'NONE', *, *, #1105, .T. ) ;
#716 = VECTOR ( 'NONE', #988, 1000.000000000000000 ) ;
#717 = CARTESIAN_POINT ( 'NONE',  ( -13.26905803518783422, 64.99292224669211748, 4.779709185115851966 ) ) ;
#718 = PRODUCT_DEFINITION_FORMATION_WITH_SPECIFIED_SOURCE ( 'ANY', '', #491, .NOT_KNOWN. ) ;
#719 = ORIENTED_EDGE ( 'NONE', *, *, #1259, .T. ) ;
#720 = CARTESIAN_POINT ( 'NONE',  ( -14.82392023446532114, 63.97847078640877783, -4.704182410178559870 ) ) ;
#721 = CARTESIAN_POINT ( 'NONE',  ( -20.00000000000000000, 7.261402971149854973E-15, 8.101158632811689131E-15 ) ) ;
#722 = CARTESIAN_POINT ( 'NONE',  ( -30.63849175921770751, 95.25208207503074220, -54.49999999999996447 ) ) ;
#723 = VECTOR ( 'NONE', #244, 1000.000000000000000 ) ;
#724 = CARTESIAN_POINT ( 'NONE',  ( -20.64879935888837537, 79.63464808463795919, 70.50000000000002842 ) ) ;
#725 = CARTESIAN_POINT ( 'NONE',  ( -13.17916899171351908, 78.50167504508713989, -1.026898593086864153 ) ) ;
#726 = CARTESIAN_POINT ( 'NONE',  ( 11.96496862758528934, 91.65577530694500297, -54.49999999999996447 ) ) ;
#727 = ORIENTED_EDGE ( 'NONE', *, *, #387, .F. ) ;
#728 = CARTESIAN_POINT ( 'NONE',  ( -15.59227693526081460, 65.12232631822413964, -2.499999999999976019 ) ) ;
#729 = EDGE_CURVE ( 'NONE', #412, #433, #711, .T. ) ;
#730 = DIRECTION ( 'NONE',  ( -0.000000000000000000, -0.000000000000000000, -1.000000000000000000 ) ) ;
#731 = CARTESIAN_POINT ( 'NONE',  ( -9.841977309562398801, 1.731898002254456753E-15, 1.843598055105351685 ) ) ;
#732 = CARTESIAN_POINT ( 'NONE',  ( -30.63849175921770751, 95.25208207503074220, 70.50000000000002842 ) ) ;
#733 = ORIENTED_EDGE ( 'NONE', *, *, #885, .T. ) ;
#734 = CARTESIAN_POINT ( 'NONE',  ( -15.58899415311678460, 64.75867555532906295, -3.233784556043187042 ) ) ;
#735 = DIRECTION ( 'NONE',  ( -0.1736481776669306920, -0.9848077530122080203, -0.000000000000000000 ) ) ;
#736 = CARTESIAN_POINT ( 'NONE',  ( -35.23447163216813749, 83.67901205575810764, -54.49999999999996447 ) ) ;
#737 = CARTESIAN_POINT ( 'NONE',  ( -32.82735042922609381, 82.66482648663364330, 70.50000000000002842 ) ) ;
#738 = CARTESIAN_POINT ( 'NONE',  ( 31.09786668809239885, 84.91076763848069220, -54.49999999999996447 ) ) ;
#739 = VECTOR ( 'NONE', #253, 1000.000000000000000 ) ;
#740 = ORIENTED_EDGE ( 'NONE', *, *, #939, .T. ) ;
#741 = DIRECTION ( 'NONE',  ( -0.9963466490417509647, 3.509412972688475853E-16, -0.08540114134643517207 ) ) ;
#742 = CARTESIAN_POINT ( 'NONE',  ( -13.43089713195073465, 65.35161147279568183, -4.522742560427036373 ) ) ;
#743 = CARTESIAN_POINT ( 'NONE',  ( 54.08300572362426806, 71.55884055665305254, -54.49999999999996447 ) ) ;
#744 = VECTOR ( 'NONE', #706, 1000.000000000000000 ) ;
#745 =( NAMED_UNIT ( * ) SI_UNIT ( $, .STERADIAN. ) SOLID_ANGLE_UNIT ( ) );
#746 = CARTESIAN_POINT ( 'NONE',  ( 48.34496596543851865, 77.17587723827709567, -54.49999999999996447 ) ) ;
#747 = VERTEX_POINT ( 'NONE', #728 ) ;
#748 = CARTESIAN_POINT ( 'NONE',  ( -20.88996659612364937, 35.07763525859607512, 31.33643150466575023 ) ) ;
#749 = DIRECTION ( 'NONE',  ( 0.1736289460870512336, 0.9846986853028752984, -0.01488248109317587102 ) ) ;
#750 = DIRECTION ( 'NONE',  ( -0.000000000000000000, -0.000000000000000000, -1.000000000000000000 ) ) ;
#751 = FACE_OUTER_BOUND ( 'NONE', #73, .T. ) ;
#752 = CARTESIAN_POINT ( 'NONE',  ( -20.64879935888837537, 79.63464808463795919, -54.49999999999996447 ) ) ;
#753 = ORIENTED_EDGE ( 'NONE', *, *, #532, .T. ) ;
#754 = DIRECTION ( 'NONE',  ( -0.1736481776669306920, -0.9848077530122080203, 1.489033026589533876E-16 ) ) ;
#755 = EDGE_CURVE ( 'NONE', #27, #798, #627, .T. ) ;
#756 = CARTESIAN_POINT ( 'NONE',  ( 0.000000000000000000, 0.000000000000000000, -2.499999999999991562 ) ) ;
#757 = CARTESIAN_POINT ( 'NONE',  ( 59.13543696375455738, 71.41339154739009132, -54.49999999999996447 ) ) ;
#758 = ORIENTED_EDGE ( 'NONE', *, *, #455, .F. ) ;
#759 = CARTESIAN_POINT ( 'NONE',  ( 6.670318103859380621, 76.20436715822525287, 2.500000000000030642 ) ) ;
#760 = AXIS2_PLACEMENT_3D ( 'NONE', #784, #890, #252 ) ;
#761 = CARTESIAN_POINT ( 'NONE',  ( -12.73302597178081541, 64.06163287570176124, 5.500000000000029310 ) ) ;
#762 = AXIS2_PLACEMENT_3D ( 'NONE', #165, #888, #1205 ) ;
#763 = DIRECTION ( 'NONE',  ( 0.000000000000000000, 0.000000000000000000, -1.000000000000000000 ) ) ;
#764 = ORIENTED_EDGE ( 'NONE', *, *, #447, .T. ) ;
#765 = LINE ( 'NONE', #343, #806 ) ;
#766 = CARTESIAN_POINT ( 'NONE',  ( -7.598657671715580264, 77.81865895626516760, -2.499999999999972911 ) ) ;
#767 = AXIS2_PLACEMENT_3D ( 'NONE', #1157, #948, #864 ) ;
#768 = LINE ( 'NONE', #1180, #539 ) ;
#769 = EDGE_CURVE ( 'NONE', #1052, #1176, #906, .T. ) ;
#770 = VERTEX_POINT ( 'NONE', #1317 ) ;
#771 = CARTESIAN_POINT ( 'NONE',  ( -16.37511397678345304, 60.68263683691348120, -2.499999999999976019 ) ) ;
#772 = VERTEX_POINT ( 'NONE', #1224 ) ;
#773 = LINE ( 'NONE', #1179, #976 ) ;
#774 = CARTESIAN_POINT ( 'NONE',  ( -13.86435803824581114, 63.55897269349026857, 5.330510920846541545 ) ) ;
#775 = FACE_OUTER_BOUND ( 'NONE', #1198, .T. ) ;
#776 = CARTESIAN_POINT ( 'NONE',  ( 57.40746545819434488, 71.21237292046677680, 70.50000000000002842 ) ) ;
#777 = EDGE_LOOP ( 'NONE', ( #1258, #1118, #418, #910, #698 ) ) ;
#778 = DIRECTION ( 'NONE',  ( -0.9848077530122080203, 0.1736481776669306920, 0.000000000000000000 ) ) ;
#779 = AXIS2_PLACEMENT_3D ( 'NONE', #239, #33, #665 ) ;
#780 = CARTESIAN_POINT ( 'NONE',  ( -15.59227693526081815, 65.12232631822412543, 2.500000000000031974 ) ) ;
#781 = EDGE_CURVE ( 'NONE', #586, #1279, #291, .T. ) ;
#782 = LINE ( 'NONE', #893, #588 ) ;
#783 = EDGE_LOOP ( 'NONE', ( #1006, #1003, #377, #727, #69, #511, #1012, #160 ) ) ;
#784 = CARTESIAN_POINT ( 'NONE',  ( -17.50000000000000000, 6.353727624463703600E-15, 8.135853102331225273E-15 ) ) ;
#785 = VECTOR ( 'NONE', #1220, 1000.000000000000000 ) ;
#786 = DIRECTION ( 'NONE',  ( -0.9848077530122080203, 0.1736481776669306920, 0.000000000000000000 ) ) ;
#787 = CARTESIAN_POINT ( 'NONE',  ( 31.09786668809239885, 84.91076763848069220, 70.50000000000002842 ) ) ;
#788 = CARTESIAN_POINT ( 'NONE',  ( -1.193811535879496510, 31.60467170525746283, 5.500000000000031086 ) ) ;
#789 = ORIENTED_EDGE ( 'NONE', *, *, #331, .T. ) ;
#790 = FACE_OUTER_BOUND ( 'NONE', #65, .T. ) ;
#791 = EDGE_LOOP ( 'NONE', ( #276, #701, #1159, #1231 ) ) ;
#792 = DIRECTION ( 'NONE',  ( 0.1736481776669306920, 0.9848077530122080203, -1.489033026589533876E-16 ) ) ;
#793 = ORIENTED_EDGE ( 'NONE', *, *, #1259, .F. ) ;
#794 = VECTOR ( 'NONE', #965, 1000.000000000000000 ) ;
#795 = DIRECTION ( 'NONE',  ( 1.000000000000000000, -3.630701386744604799E-16, 1.387778780781445676E-17 ) ) ;
#796 = LINE ( 'NONE', #262, #515 ) ;
#797 = TOROIDAL_SURFACE ( 'NONE', #292, 12.00000000000000000, 2.000000000000000000 ) ;
#798 = VERTEX_POINT ( 'NONE', #721 ) ;
#799 = LINE ( 'NONE', #269, #544 ) ;
#800 = CARTESIAN_POINT ( 'NONE',  ( -11.24453726304043855, 78.26204231143094603, -2.499999999999972911 ) ) ;
#801 = VERTEX_POINT ( 'NONE', #1129 ) ;
#802 = DIRECTION ( 'NONE',  ( 0.9848077530122080203, -0.1736481776669306920, 0.000000000000000000 ) ) ;
#803 = PLANE ( 'NONE',  #1327 ) ;
#804 = EDGE_LOOP ( 'NONE', ( #481, #142, #952, #584, #1208 ) ) ;
#805 = CARTESIAN_POINT ( 'NONE',  ( 59.13543696375455738, 71.41339154739009132, 70.50000000000002842 ) ) ;
#806 = VECTOR ( 'NONE', #1075, 1000.000000000000000 ) ;
#807 = ORIENTED_EDGE ( 'NONE', *, *, #729, .T. ) ;
#808 = CARTESIAN_POINT ( 'NONE',  ( -14.58738378204084363, 65.03703459644314933, 4.921850008041746882 ) ) ;
#809 = CARTESIAN_POINT ( 'NONE',  ( -15.71539514841298768, 78.80546676115987736, -54.49999999999996447 ) ) ;
#810 = ORIENTED_EDGE ( 'NONE', *, *, #112, .F. ) ;
#811 = CARTESIAN_POINT ( 'NONE',  ( -1.193811535879498287, 31.60467170525746283, 1.102326703075385606 ) ) ;
#812 = EDGE_CURVE ( 'NONE', #814, #1153, #911, .T. ) ;
#813 = B_SPLINE_CURVE_WITH_KNOTS ( 'NONE', 3,
 ( #16, #876, #1162, #247, #1268, #1274 ),
 .UNSPECIFIED., .F., .F.,
 ( 4, 1, 1, 4 ),
 ( 0.2528930649015181942, 0.2889947768999530098, 0.3370999782579929827, 0.3395046457484094393 ),
 .UNSPECIFIED. ) ;
#814 = VERTEX_POINT ( 'NONE', #614 ) ;
#815 = CARTESIAN_POINT ( 'NONE',  ( -15.15410103689796806, 65.76227137358209518, 4.440338652665114516 ) ) ;
#816 = CARTESIAN_POINT ( 'NONE',  ( -13.28799521081552015, 65.03153941145031069, -4.752142250340071428 ) ) ;
#817 = CARTESIAN_POINT ( 'NONE',  ( -5.958130112959168834, 95.82028271372189465, -54.49999999999996447 ) ) ;
#818 = CARTESIAN_POINT ( 'NONE',  ( 1.917535925942108532, 49.25000000000000000, 2.500000000000030198 ) ) ;
#819 = CIRCLE ( 'NONE', #977, 2.000000000000000000 ) ;
#820 = CARTESIAN_POINT ( 'NONE',  ( -27.13261416786576063, 96.04343531559482017, -54.49999999999996447 ) ) ;
#821 = CARTESIAN_POINT ( 'NONE',  ( -12.73302597178081541, 64.06163287570176124, -5.499999999999974243 ) ) ;
#822 = ORIENTED_EDGE ( 'NONE', *, *, #1062, .F. ) ;
#823 = CARTESIAN_POINT ( 'NONE',  ( -17.50000000000000000, 6.353727624463703600E-15, 8.135853102331225273E-15 ) ) ;
#824 = AXIS2_PLACEMENT_3D ( 'NONE', #9, #609, #506 ) ;
#825 = EDGE_CURVE ( 'NONE', #463, #171, #277, .T. ) ;
#826 = CARTESIAN_POINT ( 'NONE',  ( 29.13233451546254926, 74.02121049456158630, -54.49999999999996447 ) ) ;
#827 = AXIS2_PLACEMENT_3D ( 'NONE', #1184, #677, #1060 ) ;
#828 = AXIS2_PLACEMENT_3D ( 'NONE', #1211, #575, #1287 ) ;
#829 = FILL_AREA_STYLE_COLOUR ( '', #1126 ) ;
#830 = CARTESIAN_POINT ( 'NONE',  ( -0.8027643909029602565, 76.99123922233350470, -54.49999999999996447 ) ) ;
#831 = VERTEX_POINT ( 'NONE', #1026 ) ;
#832 = FACE_OUTER_BOUND ( 'NONE', #777, .T. ) ;
#833 = DIRECTION ( 'NONE',  ( -0.9848077530122080203, 0.1736481776669306920, -0.000000000000000000 ) ) ;
#834 = EDGE_CURVE ( 'NONE', #365, #271, #997, .T. ) ;
#835 = CARTESIAN_POINT ( 'NONE',  ( -33.37079273160319559, 94.40179988175142967, -54.49999999999996447 ) ) ;
#836 = PRODUCT_DEFINITION_CONTEXT ( 'detailed design', #685, 'design' ) ;
#837 = CARTESIAN_POINT ( 'NONE',  ( 19.14803689299958478, 74.98417254788347464, 70.50000000000002842 ) ) ;
#838 = CARTESIAN_POINT ( 'NONE',  ( -33.37079273160319559, 94.40179988175142967, -54.49999999999996447 ) ) ;
#839 = ORIENTED_EDGE ( 'NONE', *, *, #1288, .F. ) ;
#840 = CARTESIAN_POINT ( 'NONE',  ( -15.68052126611573271, 64.62186784896231018, 2.500000000000030642 ) ) ;
#841 = EDGE_CURVE ( 'NONE', #1279, #1173, #892, .T. ) ;
#842 = CARTESIAN_POINT ( 'NONE',  ( 9.164573591169517641, 75.93028997050846840, -54.49999999999996447 ) ) ;
#843 = EDGE_CURVE ( 'NONE', #1183, #372, #174, .T. ) ;
#844 = LINE ( 'NONE', #933, #128 ) ;
#845 = CARTESIAN_POINT ( 'NONE',  ( -15.59227693526081460, 65.12232631822413964, 2.500000000000030642 ) ) ;
#846 = CARTESIAN_POINT ( 'NONE',  ( -17.66849192320227502, 96.72277344265070553, -54.49999999999996447 ) ) ;
#847 = VECTOR ( 'NONE', #1123, 1000.000000000000000 ) ;
#848 = CARTESIAN_POINT ( 'NONE',  ( -12.63457670883947692, 64.61996639077575821, -4.999999999999975131 ) ) ;
#849 =( GEOMETRIC_REPRESENTATION_CONTEXT ( 3 ) GLOBAL_UNCERTAINTY_ASSIGNED_CONTEXT ( ( #437 ) ) GLOBAL_UNIT_ASSIGNED_CONTEXT ( ( #657, #1080, #1067 ) ) REPRESENTATION_CONTEXT ( 'NONE', 'WORKASPACE' ) );
#850 = ORIENTED_EDGE ( 'NONE', *, *, #1094, .T. ) ;
#851 = CARTESIAN_POINT ( 'NONE',  ( -1.193811535879496510, 31.60467170525746283, 5.500000000000031086 ) ) ;
#852 = CARTESIAN_POINT ( 'NONE',  ( -13.39500501839547475, 65.22602084241377440, -4.613277170040530173 ) ) ;
#853 = CARTESIAN_POINT ( 'NONE',  ( -13.03114672727084411, 64.77511941413744978, 4.926651735515807040 ) ) ;
#854 = CARTESIAN_POINT ( 'NONE',  ( 39.11670024131304757, 73.06889717018736974, 70.50000000000002842 ) ) ;
#855 = CARTESIAN_POINT ( 'NONE',  ( 59.13543696375455738, 71.41339154739009132, 70.50000000000002842 ) ) ;
#856 = CARTESIAN_POINT ( 'NONE',  ( 47.42931931167553472, 72.20444237399908616, 70.50000000000002842 ) ) ;
#857 = AXIS2_PLACEMENT_3D ( 'NONE', #731, #1138, #691 ) ;
#858 = ADVANCED_FACE ( 'NONE', ( #1061 ), #797, .T. ) ;
#859 = B_SPLINE_CURVE_WITH_KNOTS ( 'NONE', 3,
 ( #153, #143, #766, #472, #554, #1272 ),
 .UNSPECIFIED., .F., .F.,
 ( 4, 1, 1, 4 ),
 ( 0.6604953542515905607, 0.6629000217420070173, 0.7110052231000469902, 0.7471069350984818058 ),
 .UNSPECIFIED. ) ;
#860 = EDGE_LOOP ( 'NONE', ( #612, #1178, #1032, #1166, #1025 ) ) ;
#861 = DIRECTION ( 'NONE',  ( -0.9848077530122080203, 0.1736481776669306920, 0.000000000000000000 ) ) ;
#862 = DIRECTION ( 'NONE',  ( 0.000000000000000000, 0.000000000000000000, 1.000000000000000000 ) ) ;
#863 = ADVANCED_FACE ( 'NONE', ( #832 ), #127, .T. ) ;
#864 = DIRECTION ( 'NONE',  ( -0.9848077530122080203, 0.1736481776669306920, 0.000000000000000000 ) ) ;
#865 = CARTESIAN_POINT ( 'NONE',  ( -13.60993141663651329, 64.33560998459225289, -5.386370690793695459 ) ) ;
#866 = EDGE_LOOP ( 'NONE', ( #1310, #257, #807, #839 ) ) ;
#867 = DIRECTION ( 'NONE',  ( -0.9848077530122080203, 0.1736481776669307753, 0.000000000000000000 ) ) ;
#868 = DIRECTION ( 'NONE',  ( 0.1736481776669306643, 0.9848077530122080203, 0.000000000000000000 ) ) ;
#869 = CARTESIAN_POINT ( 'NONE',  ( -13.10379206577571232, 64.14304168576229870, 5.484473035778958838 ) ) ;
#870 = FACE_OUTER_BOUND ( 'NONE', #879, .T. ) ;
#871 = CARTESIAN_POINT ( 'NONE',  ( -13.03114672727069134, 64.77511941413740715, -4.926651735515753749 ) ) ;
#872 = ORIENTED_EDGE ( 'NONE', *, *, #1214, .F. ) ;
#873 = CARTESIAN_POINT ( 'NONE',  ( -20.88996659612364937, 35.07763525859607512, -5.499999999999975131 ) ) ;
#874 = AXIS2_PLACEMENT_3D ( 'NONE', #478, #60, #597 ) ;
#875 = B_SPLINE_CURVE_WITH_KNOTS ( 'NONE', 3,
 ( #90, #610, #519, #1145, #527, #501, #317, #1023, #1151, #80, #217, #725, #640, #495 ),
 .UNSPECIFIED., .F., .F.,
 ( 4, 2, 2, 2, 2, 2, 4 ),
 ( 0.000000000000000000, 0.0003908010613668838249, 0.0007816021227337676498, 0.001172403184100651637, 0.001563204245467535300, 0.002344806368201296769, 0.003126408490935058890 ),
 .UNSPECIFIED. ) ;
#876 = CARTESIAN_POINT ( 'NONE',  ( 4.178114900085949657, 76.46264986412744236, 2.500000000000031530 ) ) ;
#877 = ORIENTED_EDGE ( 'NONE', *, *, #686, .F. ) ;
#878 = DIRECTION ( 'NONE',  ( -0.000000000000000000, 0.000000000000000000, -1.000000000000000000 ) ) ;
#879 = EDGE_LOOP ( 'NONE', ( #12, #424, #1010, #394 ) ) ;
#880 = CARTESIAN_POINT ( 'NONE',  ( -21.11360724501321329, 35.11706913897845794, 2.809737763858285220 ) ) ;
#881 = CARTESIAN_POINT ( 'NONE',  ( -12.92182072246410662, 64.09492251847709099, 5.499999966806966789 ) ) ;
#882 = DIRECTION ( 'NONE',  ( 0.9848077530122080203, -0.1736481776669306920, 0.000000000000000000 ) ) ;
#883 = VERTEX_POINT ( 'NONE', #759 ) ;
#884 = FACE_OUTER_BOUND ( 'NONE', #391, .T. ) ;
#885 = EDGE_CURVE ( 'NONE', #1068, #883, #1141, .T. ) ;
#886 = CARTESIAN_POINT ( 'NONE',  ( -13.43068614561967422, 65.86377589868176585, 4.166666666666698049 ) ) ;
#887 = ORIENTED_EDGE ( 'NONE', *, *, #564, .F. ) ;
#888 = DIRECTION ( 'NONE',  ( -0.1736481776669306920, -0.9848077530122080203, 1.489033026589533876E-16 ) ) ;
#889 = ORIENTED_EDGE ( 'NONE', *, *, #1117, .T. ) ;
#890 = DIRECTION ( 'NONE',  ( -3.630704165854387192E-16, -1.000000000000000000, 2.668814559449603746E-22 ) ) ;
#891 = VECTOR ( 'NONE', #995, 1000.000000000000000 ) ;
#892 = LINE ( 'NONE', #386, #1058 ) ;
#893 = CARTESIAN_POINT ( 'NONE',  ( -20.88996659612364937, 35.07763525859607512, 2.500000000000030642 ) ) ;
#894 = CARTESIAN_POINT ( 'NONE',  ( -12.61180204835282659, 96.51494250484327608, 70.50000000000002842 ) ) ;
#895 = ADVANCED_FACE ( 'NONE', ( #440 ), #1033, .T. ) ;
#896 = CARTESIAN_POINT ( 'NONE',  ( 59.06945065624113056, 71.03916460124546006, 70.50000000000002842 ) ) ;
#897 = CARTESIAN_POINT ( 'NONE',  ( -12.86429165570260658, 63.31718818893644851, 5.500000000000031086 ) ) ;
#898 = EDGE_LOOP ( 'NONE', ( #594, #740, #1289, #134, #1120 ) ) ;
#899 = CARTESIAN_POINT ( 'NONE',  ( -13.45989657987137811, 65.60630189571860171, 4.342706094509390269 ) ) ;
#900 = ORIENTED_EDGE ( 'NONE', *, *, #373, .F. ) ;
#901 = CARTESIAN_POINT ( 'NONE',  ( -15.42674382093570884, 64.48758945066599324, 3.765273383443119126 ) ) ;
#902 = CARTESIAN_POINT ( 'NONE',  ( -30.63849175921770751, 95.25208207503074220, 70.50000000000002842 ) ) ;
#903 = CARTESIAN_POINT ( 'NONE',  ( -13.23194893150571616, 78.50841161425493908, 0.6321432016541912446 ) ) ;
#904 = VERTEX_POINT ( 'NONE', #937 ) ;
#905 = EDGE_CURVE ( 'NONE', #148, #223, #819, .T. ) ;
#906 = CIRCLE ( 'NONE', #651, 3.000000000000000000 ) ;
#907 = DIRECTION ( 'NONE',  ( 0.000000000000000000, 0.000000000000000000, -1.000000000000000000 ) ) ;
#908 = ORIENTED_EDGE ( 'NONE', *, *, #905, .F. ) ;
#909 = CARTESIAN_POINT ( 'NONE',  ( -12.74168368867774248, 78.44648616213086711, 1.821996074057294690 ) ) ;
#910 = ORIENTED_EDGE ( 'NONE', *, *, #112, .T. ) ;
#911 = LINE ( 'NONE', #197, #1015 ) ;
#912 = EDGE_CURVE ( 'NONE', #27, #494, #414, .T. ) ;
#913 = CARTESIAN_POINT ( 'NONE',  ( 59.13543696375455738, 71.41339154739009132, 70.50000000000002842 ) ) ;
#914 = CARTESIAN_POINT ( 'NONE',  ( 3.321041083460700261, 57.20967328357487958, 2.500000000000030642 ) ) ;
#915 = CARTESIAN_POINT ( 'NONE',  ( -12.82556695596749918, 78.45701405818655871, 1.719105315574411819 ) ) ;
#916 = ORIENTED_EDGE ( 'NONE', *, *, #593, .F. ) ;
#917 = DIRECTION ( 'NONE',  ( -0.000000000000000000, 0.000000000000000000, -1.000000000000000000 ) ) ;
#918 = CARTESIAN_POINT ( 'NONE',  ( 57.59659162002417787, 72.26844533996745668, -54.49999999999996447 ) ) ;
#919 = DIRECTION ( 'NONE',  ( 0.000000000000000000, 0.000000000000000000, 1.000000000000000000 ) ) ;
#920 = CARTESIAN_POINT ( 'NONE',  ( 54.53067352180178773, 73.97201152892682785, -54.49999999999996447 ) ) ;
#921 = EDGE_CURVE ( 'NONE', #304, #152, #1338, .T. ) ;
#922 = ORIENTED_EDGE ( 'NONE', *, *, #184, .T. ) ;
#923 = CARTESIAN_POINT ( 'NONE',  ( -15.44771022111014958, 64.51863381337409464, 3.704886809865416630 ) ) ;
#924 = CARTESIAN_POINT ( 'NONE',  ( -15.40030165164409937, 66.21107225401561891, -4.166666666666636765 ) ) ;
#925 = AXIS2_PLACEMENT_3D ( 'NONE', #1064, #1078, #862 ) ;
#926 = SURFACE_SIDE_STYLE ('',( #186 ) ) ;
#927 = CIRCLE ( 'NONE', #514, 2.000000000000003109 ) ;
#928 = CARTESIAN_POINT ( 'NONE',  ( -25.57969032740874127, 80.51233278140512084, 70.50000000000002842 ) ) ;
#929 = ORIENTED_EDGE ( 'NONE', *, *, #769, .F. ) ;
#930 = CARTESIAN_POINT ( 'NONE',  ( 6.670318103859380621, 76.20436715822525287, 70.50000000000002842 ) ) ;
#931 = VECTOR ( 'NONE', #1194, 1000.000000000000000 ) ;
#932 = CARTESIAN_POINT ( 'NONE',  ( -11.24453726304043855, 78.26204231143094603, 2.500000000000031530 ) ) ;
#933 = CARTESIAN_POINT ( 'NONE',  ( -20.88996659612364937, 35.07763525859607512, 31.33643150466575023 ) ) ;
#934 = CARTESIAN_POINT ( 'NONE',  ( 2.261873169605452372, 94.27645185636018255, 70.50000000000002842 ) ) ;
#935 = CARTESIAN_POINT ( 'NONE',  ( -12.80652693423897404, 64.66174155037192861, -4.990012714124706150 ) ) ;
#936 = ORIENTED_EDGE ( 'NONE', *, *, #996, .T. ) ;
#937 = CARTESIAN_POINT ( 'NONE',  ( 4.107155092368051541, 61.66794737043793617, -4.999999999999975131 ) ) ;
#938 = DIRECTION ( 'NONE',  ( 0.000000000000000000, 0.000000000000000000, 1.000000000000000000 ) ) ;
#939 = EDGE_CURVE ( 'NONE', #904, #1320, #228, .T. ) ;
#940 = CARTESIAN_POINT ( 'NONE',  ( -13.43068614561967600, 65.86377589868176585, -4.166666666666641206 ) ) ;
#941 = LINE ( 'NONE', #416, #436 ) ;
#942 = CARTESIAN_POINT ( 'NONE',  ( -37.16855325429037293, 84.91475072620892206, -54.49999999999996447 ) ) ;
#943 = EDGE_LOOP ( 'NONE', ( #596, #916, #1156, #1086 ) ) ;
#944 = CARTESIAN_POINT ( 'NONE',  ( -9.841977309562400578, 1.731897710729035684E-15, -1.843598055105342803 ) ) ;
#945 = AXIS2_PLACEMENT_3D ( 'NONE', #589, #833, #938 ) ;
#946 = CARTESIAN_POINT ( 'NONE',  ( -32.82735042922609381, 82.66482648663364330, -54.49999999999996447 ) ) ;
#947 = CARTESIAN_POINT ( 'NONE',  ( -13.37890862539720871, 65.20411512490666439, -4.628800237751015345 ) ) ;
#948 = DIRECTION ( 'NONE',  ( 0.000000000000000000, 0.000000000000000000, -1.000000000000000000 ) ) ;
#949 = CARTESIAN_POINT ( 'NONE',  ( -14.92876910489511033, 65.44052409763088463, -4.650259760365176298 ) ) ;
#950 = CARTESIAN_POINT ( 'NONE',  ( -25.57969032740874127, 80.51233278140512084, -54.49999999999996447 ) ) ;
#951 = VECTOR ( 'NONE', #1136, 1000.000000000000000 ) ;
#952 = ORIENTED_EDGE ( 'NONE', *, *, #490, .F. ) ;
#953 = CARTESIAN_POINT ( 'NONE',  ( -14.20829904569614932, 63.68336238971017593, -5.167841588897831961 ) ) ;
#954 = DIRECTION ( 'NONE',  ( 2.585678715531469558E-17, 1.466411269076606132E-16, 1.000000000000000000 ) ) ;
#955 = B_SPLINE_SURFACE_WITH_KNOTS ( 'NONE', 3, 1, ( 
 ( #805, #187 ),
 ( #1024, #81 ),
 ( #502, #920 ),
 ( #18, #746 ),
 ( #535, #218 ),
 ( #648, #738 ),
 ( #1057, #1044 ),
 ( #1242, #726 ),
 ( #934, #641 ),
 ( #423, #201 ),
 ( #1152, #1236 ),
 ( #102, #846 ),
 ( #633, #547 ),
 ( #195, #820 ),
 ( #732, #1030 ),
 ( #124, #838 ),
 ( #91, #1158 ),
 ( #309, #618 ),
 ( #520, #508 ),
 ( #211, #959 ),
 ( #116, #942 ),
 ( #528, #1134 ),
 ( #3, #1248 ),
 ( #109, #1051 ),
 ( #928, #950 ),
 ( #1039, #752 ),
 ( #1326, #1229 ),
 ( #410, #297 ),
 ( #318, #830 ),
 ( #11, #303 ),
 ( #1139, #624 ),
 ( #225, #1336 ),
 ( #417, #431 ),
 ( #856, #1146 ),
 ( #1257, #326 ),
 ( #776, #141 ),
 ( #147, #356 ) ),
 .UNSPECIFIED., .F., .F., .F.,
 ( 4, 1, 1, 1, 1, 1, 1, 1, 1, 1, 1, 1, 1, 1, 1, 1, 1, 1, 1, 1, 1, 1, 1, 1, 1, 1, 1, 1, 1, 1, 1, 1, 1, 1, 4 ),
 ( 2, 2 ),
 ( 0.000000000000000000, 0.02536508872464449810, 0.05053612755872174955, 0.1003618701347641917, 0.1496783382512865135, 0.1985585996384787444, 0.2470636409939346301, 0.2952667862627077477, 0.3432976001428697521, 0.3673747411682081188, 0.3916107887708328850, 0.4161594968373788506, 0.4413019252272763482, 0.4543254831295238660, 0.4678815906748556852, 0.4825385968735472764, 0.4909952784889383692, 0.5100263542411189732, 0.5218055463173286723, 0.5291478474586019942, 0.5422089031537518089, 0.5545686619652151483, 0.5667213781472770773, 0.5908249965976484219, 0.6148423246242851192, 0.6388596526509219276, 0.6629000217420070173, 0.7110052231000469902, 0.7591460896194277552, 0.8073219245187539528, 0.8555015182051326494, 0.9036773531044588470, 0.9518386289141608225, 0.9759228589746615778, 1.000000000000000000 ),
 ( 0.000000000000000000, 1.000000000000000000 ),
 .UNSPECIFIED. ) ;
#956 = ADVANCED_FACE ( 'NONE', ( #322 ), #1260, .T. ) ;
#957 = LINE ( 'NONE', #969, #249 ) ;
#958 = CARTESIAN_POINT ( 'NONE',  ( -15.81871491473922653, 63.83813272193723520, 3.500000000000030198 ) ) ;
#959 = CARTESIAN_POINT ( 'NONE',  ( -38.79651894559520997, 86.44404215397426583, -54.49999999999996447 ) ) ;
#960 = VECTOR ( 'NONE', #1200, 1000.000000000000000 ) ;
#961 = EDGE_CURVE ( 'NONE', #772, #27, #13, .T. ) ;
#962 = ORIENTED_EDGE ( 'NONE', *, *, #92, .F. ) ;
#963 = CARTESIAN_POINT ( 'NONE',  ( 59.13543696375455738, 71.41339154739009132, -54.49999999999996447 ) ) ;
#964 = CARTESIAN_POINT ( 'NONE',  ( 59.13543696375455738, 71.41339154739009132, 70.50000000000002842 ) ) ;
#965 = DIRECTION ( 'NONE',  ( 4.857225732735061097E-17, 7.906425674510506042E-23, 1.000000000000000000 ) ) ;
#966 = FACE_OUTER_BOUND ( 'NONE', #268, .T. ) ;
#967 = ORIENTED_EDGE ( 'NONE', *, *, #1130, .F. ) ;
#968 = DIRECTION ( 'NONE',  ( 0.9848077530122080203, -0.1736481776669306920, 0.000000000000000000 ) ) ;
#969 = CARTESIAN_POINT ( 'NONE',  ( -1.734723475976807094E-14, -1.734723199251901835E-15, 1.000000000000000444 ) ) ;
#970 = ORIENTED_EDGE ( 'NONE', *, *, #1210, .T. ) ;
#971 = CARTESIAN_POINT ( 'NONE',  ( 3.877440145504923663, 60.36516916859861936, 5.500000000000031086 ) ) ;
#972 = CARTESIAN_POINT ( 'NONE',  ( -18.39099631177278482, 49.25000000000000000, -2.499999999999976019 ) ) ;
#973 = VERTEX_POINT ( 'NONE', #620 ) ;
#974 = LINE ( 'NONE', #85, #460 ) ;
#975 = DIRECTION ( 'NONE',  ( 0.000000000000000000, 0.000000000000000000, 1.000000000000000000 ) ) ;
#976 = VECTOR ( 'NONE', #246, 1000.000000000000114 ) ;
#977 = AXIS2_PLACEMENT_3D ( 'NONE', #629, #220, #6 ) ;
#978 = FACE_OUTER_BOUND ( 'NONE', #213, .T. ) ;
#979 = CARTESIAN_POINT ( 'NONE',  ( -12.86429165570260302, 63.31718818893644851, -5.499999999999975131 ) ) ;
#980 = EDGE_LOOP ( 'NONE', ( #936, #683, #137, #40 ) ) ;
#981 = CARTESIAN_POINT ( 'NONE',  ( -14.44042523356045571, 71.65480193297310052, 0.5000000000000307532 ) ) ;
#982 = APPLICATION_PROTOCOL_DEFINITION ( 'draft international standard', 'automotive_design', 1998, #1081 ) ;
#983 = ORIENTED_EDGE ( 'NONE', *, *, #1063, .F. ) ;
#984 = CYLINDRICAL_SURFACE ( 'NONE', #1291, 2.000000000000000000 ) ;
#985 = ADVANCED_FACE ( 'NONE', ( #337 ), #1053, .F. ) ;
#986 = CARTESIAN_POINT ( 'NONE',  ( 3.877440145504923663, 60.36516916859862647, 3.500000000000030198 ) ) ;
#987 = ORIENTED_EDGE ( 'NONE', *, *, #1239, .F. ) ;
#988 = DIRECTION ( 'NONE',  ( -0.000000000000000000, 0.000000000000000000, -1.000000000000000000 ) ) ;
#989 = CARTESIAN_POINT ( 'NONE',  ( -15.28226269381929292, 65.98363905004099195, 4.301640521757136959 ) ) ;
#990 = CIRCLE ( 'NONE', #945, 10.00000000000000178 ) ;
#991 = CARTESIAN_POINT ( 'NONE',  ( -14.84944459779284109, 65.33630306046973146, -4.719559774788042006 ) ) ;
#992 = LINE ( 'NONE', #464, #960 ) ;
#993 = SHAPE_DEFINITION_REPRESENTATION ( #604, #540 ) ;
#994 = CARTESIAN_POINT ( 'NONE',  ( 21.57386753273434010, 88.51930574975902744, 70.50000000000002842 ) ) ;
#995 = DIRECTION ( 'NONE',  ( -0.000000000000000000, 0.000000000000000000, -1.000000000000000000 ) ) ;
#996 = EDGE_CURVE ( 'NONE', #372, #1153, #1102, .T. ) ;
#997 = CIRCLE ( 'NONE', #98, 2.000000000000000000 ) ;
#998 = PLANE ( 'NONE',  #1267 ) ;
#999 = CARTESIAN_POINT ( 'NONE',  ( -14.82392023446532292, 63.97847078640879204, 4.704182410178615825 ) ) ;
#1000 = EDGE_LOOP ( 'NONE', ( #553, #810, #471, #385 ) ) ;
#1001 = CARTESIAN_POINT ( 'NONE',  ( -13.39500501839547120, 65.22602084241374598, 4.613277170040593234 ) ) ;
#1002 = EDGE_CURVE ( 'NONE', #1279, #375, #1308, .T. ) ;
#1003 = ORIENTED_EDGE ( 'NONE', *, *, #53, .T. ) ;
#1004 = MECHANICAL_DESIGN_GEOMETRIC_PRESENTATION_REPRESENTATION (  '', ( #1273 ), #368 ) ;
#1005 = CARTESIAN_POINT ( 'NONE',  ( -15.17665645181864953, 64.22566778564888068, 4.262856550423236079 ) ) ;
#1006 = ORIENTED_EDGE ( 'NONE', *, *, #921, .T. ) ;
#1007 = CARTESIAN_POINT ( 'NONE',  ( -12.46685330080615550, 78.41214409180501832, 2.098618522826317445 ) ) ;
#1008 = ORIENTED_EDGE ( 'NONE', *, *, #420, .T. ) ;
#1009 = CARTESIAN_POINT ( 'NONE',  ( -13.43068614561967244, 65.86377589868176585, 4.166666666666696273 ) ) ;
#1010 = ORIENTED_EDGE ( 'NONE', *, *, #755, .F. ) ;
#1011 = CARTESIAN_POINT ( 'NONE',  ( 3.321041083460700261, 57.20967328357487958, -2.499999999999969358 ) ) ;
#1012 = ORIENTED_EDGE ( 'NONE', *, *, #144, .T. ) ;
#1013 = CARTESIAN_POINT ( 'NONE',  ( -13.28799521081554325, 65.03153941144995542, 4.752142250340418705 ) ) ;
#1014 = VECTOR ( 'NONE', #749, 1000.000000000000114 ) ;
#1015 = VECTOR ( 'NONE', #191, 1000.000000000000000 ) ;
#1016 = CARTESIAN_POINT ( 'NONE',  ( 1.917535925942108532, 49.25000000000000000, 31.33643150466575023 ) ) ;
#1017 = VERTEX_POINT ( 'NONE', #963 ) ;
#1018 = FACE_OUTER_BOUND ( 'NONE', #125, .T. ) ;
#1019 = ORIENTED_EDGE ( 'NONE', *, *, #447, .F. ) ;
#1020 = CARTESIAN_POINT ( 'NONE',  ( -13.32301832475586778, 65.08877108997764083, 4.711330275018339009 ) ) ;
#1021 = FACE_OUTER_BOUND ( 'NONE', #445, .T. ) ;
#1022 = PRESENTATION_STYLE_ASSIGNMENT (( #114 ) ) ;
#1023 = CARTESIAN_POINT ( 'NONE',  ( -12.45509819305394750, 78.41072261209481553, -2.091714808705689155 ) ) ;
#1024 = CARTESIAN_POINT ( 'NONE',  ( 57.59659162002417787, 72.26844533996745668, 70.50000000000002842 ) ) ;
#1025 = ORIENTED_EDGE ( 'NONE', *, *, #625, .T. ) ;
#1026 = CARTESIAN_POINT ( 'NONE',  ( -17.50000000000000000, 34.47989268399904006, -2.499999999999990230 ) ) ;
#1027 = CARTESIAN_POINT ( 'NONE',  ( -15.03655680944661910, 64.11711378551170526, -4.460789003005055875 ) ) ;
#1028 = CARTESIAN_POINT ( 'NONE',  ( -9.089106968270828091, 78.00012548456929551, -54.49999999999996447 ) ) ;
#1029 = CARTESIAN_POINT ( 'NONE',  ( -35.23447163216813749, 83.67901205575810764, 70.50000000000002842 ) ) ;
#1030 = CARTESIAN_POINT ( 'NONE',  ( -30.63849175921770751, 95.25208207503074220, -54.49999999999996447 ) ) ;
#1031 = CARTESIAN_POINT ( 'NONE',  ( -13.12864115612829785, 63.36380016790761971, -5.499999999999975131 ) ) ;
#1032 = ORIENTED_EDGE ( 'NONE', *, *, #961, .T. ) ;
#1033 = PLANE ( 'NONE',  #183 ) ;
#1034 = CARTESIAN_POINT ( 'NONE',  ( 31.09786668809239885, 84.91076763848069220, -54.49999999999996447 ) ) ;
#1035 = AXIS2_PLACEMENT_3D ( 'NONE', #347, #1170, #1085 ) ;
#1036 = DIRECTION ( 'NONE',  ( 0.1736481776669306920, 0.9848077530122080203, -0.000000000000000000 ) ) ;
#1037 = CARTESIAN_POINT ( 'NONE',  ( -17.93554333708702941, 34.55669072559528843, -5.499999999999975131 ) ) ;
#1038 = AXIS2_PLACEMENT_3D ( 'NONE', #68, #1202, #1113 ) ;
#1039 = CARTESIAN_POINT ( 'NONE',  ( -20.64879935888837537, 79.63464808463795919, 70.50000000000002842 ) ) ;
#1040 = CARTESIAN_POINT ( 'NONE',  ( -13.38366861834526489, 63.42251519412403837, -5.464045825671019152 ) ) ;
#1041 = ORIENTED_EDGE ( 'NONE', *, *, #104, .F. ) ;
#1042 = DIRECTION ( 'NONE',  ( -0.1736481776669307753, -0.9848077530122080203, 0.000000000000000000 ) ) ;
#1043 = CARTESIAN_POINT ( 'NONE',  ( -17.66849192320227502, 96.72277344265070553, -54.49999999999996447 ) ) ;
#1044 = CARTESIAN_POINT ( 'NONE',  ( 21.57386753273434010, 88.51930574975902744, -54.49999999999996447 ) ) ;
#1045 = ORIENTED_EDGE ( 'NONE', *, *, #19, .T. ) ;
#1046 = CARTESIAN_POINT ( 'NONE',  ( -17.50000000000000000, 1.566534589665498954E-14, 2.500000000000007994 ) ) ;
#1047 = EDGE_CURVE ( 'NONE', #1320, #577, #96, .T. ) ;
#1048 = CARTESIAN_POINT ( 'NONE',  ( -13.43068614561967422, 65.86377589868176585, -4.166666666666637653 ) ) ;
#1049 =( LENGTH_UNIT ( ) NAMED_UNIT ( * ) SI_UNIT ( .MILLI., .METRE. ) );
#1050 = LINE ( 'NONE', #855, #475 ) ;
#1051 = CARTESIAN_POINT ( 'NONE',  ( -29.62795185087939132, 81.59007425076600839, -54.49999999999996447 ) ) ;
#1052 = VERTEX_POINT ( 'NONE', #1089 ) ;
#1053 = PLANE ( 'NONE',  #470 ) ;
#1054 = CARTESIAN_POINT ( 'NONE',  ( -13.15187670074630155, 64.87094603175545160, 4.863969182533433688 ) ) ;
#1055 = ORIENTED_EDGE ( 'NONE', *, *, #1130, .T. ) ;
#1056 = FACE_OUTER_BOUND ( 'NONE', #898, .T. ) ;
#1057 = CARTESIAN_POINT ( 'NONE',  ( 21.57386753273434010, 88.51930574975902744, 70.50000000000002842 ) ) ;
#1058 = VECTOR ( 'NONE', #802, 1000.000000000000000 ) ;
#1059 = EDGE_LOOP ( 'NONE', ( #696, #1074, #572, #548 ) ) ;
#1060 = DIRECTION ( 'NONE',  ( 0.000000000000000000, -0.000000000000000000, 1.000000000000000000 ) ) ;
#1061 = FACE_OUTER_BOUND ( 'NONE', #980, .T. ) ;
#1062 = EDGE_CURVE ( 'NONE', #131, #619, #258, .T. ) ;
#1063 = EDGE_CURVE ( 'NONE', #1298, #1068, #859, .T. ) ;
#1064 = CARTESIAN_POINT ( 'NONE',  ( 7.400036776856904197, 80.34280740183163516, 8.000000000000037303 ) ) ;
#1065 = LINE ( 'NONE', #1254, #266 ) ;
#1066 = LINE ( 'NONE', #355, #723 ) ;
#1067 =( NAMED_UNIT ( * ) SI_UNIT ( $, .STERADIAN. ) SOLID_ANGLE_UNIT ( ) );
#1068 = VERTEX_POINT ( 'NONE', #371 ) ;
#1069 = CARTESIAN_POINT ( 'NONE',  ( -1.734723475976807094E-14, -1.734723357380413914E-15, -1.000000000000000444 ) ) ;
#1070 = DIRECTION ( 'NONE',  ( 3.522283948605836748E-16, 1.000000000000000000, -2.668814559451108378E-22 ) ) ;
#1071 = ORIENTED_EDGE ( 'NONE', *, *, #652, .T. ) ;
#1072 = CARTESIAN_POINT ( 'NONE',  ( -39.37833149122297272, 88.59109584101085488, -2.499999999999976019 ) ) ;
#1073 = LINE ( 'NONE', #26, #450 ) ;
#1074 = ORIENTED_EDGE ( 'NONE', *, *, #485, .F. ) ;
#1075 = DIRECTION ( 'NONE',  ( -0.1736289460870512336, -0.9846986853028752984, -0.01488248109317568020 ) ) ;
#1076 = FACE_OUTER_BOUND ( 'NONE', #1300, .T. ) ;
#1077 = B_SPLINE_CURVE_WITH_KNOTS ( 'NONE', 3,
 ( #307, #918, #393, #525, #1318, #1034, #1323, #193, #407, #817, #631, #1043, #533, #208, #722, #835, #1131, #1334, #615, #1240, #113, #736, #946, #638, #1234, #713, #809, #1028, #285, #842, #505, #826, #1137, #107, #743, #1150, #555 ),
 .UNSPECIFIED., .F., .F.,
 ( 4, 1, 1, 1, 1, 1, 1, 1, 1, 1, 1, 1, 1, 1, 1, 1, 1, 1, 1, 1, 1, 1, 1, 1, 1, 1, 1, 1, 1, 1, 1, 1, 1, 1, 4 ),
 ( 0.000000000000000000, 0.02536508872464449810, 0.05053612755872174955, 0.1003618701347641917, 0.1496783382512865135, 0.1985585996384787444, 0.2470636409939346301, 0.2952667862627077477, 0.3432976001428697521, 0.3673747411682081188, 0.3916107887708328850, 0.4161594968373788506, 0.4413019252272763482, 0.4543254831295238660, 0.4678815906748556852, 0.4825385968735472764, 0.4909952784889383692, 0.5100263542411189732, 0.5218055463173286723, 0.5291478474586019942, 0.5422089031537518089, 0.5545686619652151483, 0.5667213781472770773, 0.5908249965976484219, 0.6148423246242851192, 0.6388596526509219276, 0.6629000217420070173, 0.7110052231000469902, 0.7591460896194277552, 0.8073219245187539528, 0.8555015182051326494, 0.9036773531044588470, 0.9518386289141608225, 0.9759228589746615778, 1.000000000000000000 ),
 .UNSPECIFIED. ) ;
#1078 = DIRECTION ( 'NONE',  ( -0.9848077530122080203, 0.1736481776669306920, 0.000000000000000000 ) ) ;
#1079 = CARTESIAN_POINT ( 'NONE',  ( 3.321041083460700261, 57.20967328357487958, 2.500000000000030642 ) ) ;
#1080 =( NAMED_UNIT ( * ) PLANE_ANGLE_UNIT ( ) SI_UNIT ( $, .RADIAN. ) );
#1081 = APPLICATION_CONTEXT ( 'automotive_design' ) ;
#1082 = EDGE_LOOP ( 'NONE', ( #397, #1276, #280, #758, #1216 ) ) ;
#1083 = CARTESIAN_POINT ( 'NONE',  ( -12.86429165570260658, 63.31718818893644851, -3.499999999999975131 ) ) ;
#1084 = VECTOR ( 'NONE', #235, 1000.000000000000114 ) ;
#1085 = DIRECTION ( 'NONE',  ( 2.779109781899464598E-22, 1.000000000000000000, -2.668814559499989665E-22 ) ) ;
#1086 = ORIENTED_EDGE ( 'NONE', *, *, #188, .T. ) ;
#1087 = CARTESIAN_POINT ( 'NONE',  ( -14.68370157423956179, 63.90001744149764562, 4.835964367705826383 ) ) ;
#1088 = ORIENTED_EDGE ( 'NONE', *, *, #1191, .F. ) ;
#1089 = CARTESIAN_POINT ( 'NONE',  ( -17.93554333708702941, 34.55669072559528843, 5.500000000000031086 ) ) ;
#1090 = CARTESIAN_POINT ( 'NONE',  ( -12.47080972753604122, 71.30750557763924746, 2.500000000000030642 ) ) ;
#1091 = LINE ( 'NONE', #1292, #14 ) ;
#1092 = ORIENTED_EDGE ( 'NONE', *, *, #769, .T. ) ;
#1093 = PLANE ( 'NONE',  #71 ) ;
#1094 = EDGE_CURVE ( 'NONE', #831, #801, #712, .T. ) ;
#1095 = ADVANCED_FACE ( 'NONE', ( #44 ), #984, .T. ) ;
#1096 = CARTESIAN_POINT ( 'NONE',  ( 3.877440145504923663, 60.36516916859861936, -5.499999999999975131 ) ) ;
#1097 = VECTOR ( 'NONE', #687, 1000.000000000000000 ) ;
#1098 = CARTESIAN_POINT ( 'NONE',  ( -35.71221822022004488, 93.34059336399045037, 70.50000000000002842 ) ) ;
#1099 = CARTESIAN_POINT ( 'NONE',  ( -20.88996659612364937, 35.07763525859607512, -2.499999999999976019 ) ) ;
#1100 = ORIENTED_EDGE ( 'NONE', *, *, #332, .F. ) ;
#1101 = CARTESIAN_POINT ( 'NONE',  ( -14.62948868575369232, 63.87140583216406498, -4.882675289574998523 ) ) ;
#1102 = CIRCLE ( 'NONE', #159, 2.000000000000000000 ) ;
#1103 = CARTESIAN_POINT ( 'NONE',  ( -14.20829904569613866, 63.68336238971017593, 5.167841588897888805 ) ) ;
#1104 = CIRCLE ( 'NONE', #298, 2.000000000000000000 ) ;
#1105 = EDGE_CURVE ( 'NONE', #635, #328, #573, .T. ) ;
#1106 = CARTESIAN_POINT ( 'NONE',  ( -38.79651894559520997, 86.44404215397426583, 70.50000000000002842 ) ) ;
#1107 = CARTESIAN_POINT ( 'NONE',  ( -11.24453726304043855, 78.26204231143094603, 2.500000000000031530 ) ) ;
#1108 = VERTEX_POINT ( 'NONE', #1069 ) ;
#1109 = VECTOR ( 'NONE', #741, 1000.000000000000227 ) ;
#1110 = CARTESIAN_POINT ( 'NONE',  ( -14.67861330724302604, 65.13478297659908378, -4.855230845567725773 ) ) ;
#1111 = DIRECTION ( 'NONE',  ( -1.000000000000000000, 0.000000000000000000, 0.000000000000000000 ) ) ;
#1112 = ORIENTED_EDGE ( 'NONE', *, *, #1296, .T. ) ;
#1113 = DIRECTION ( 'NONE',  ( 0.000000000000000000, 0.000000000000000000, 1.000000000000000000 ) ) ;
#1114 = ORIENTED_EDGE ( 'NONE', *, *, #1333, .F. ) ;
#1115 = CARTESIAN_POINT ( 'NONE',  ( -13.45905642512916067, 65.62337651103392488, 4.330848446400813678 ) ) ;
#1116 = LINE ( 'NONE', #851, #254 ) ;
#1117 = EDGE_CURVE ( 'NONE', #635, #1320, #630, .T. ) ;
#1118 = ORIENTED_EDGE ( 'NONE', *, *, #50, .F. ) ;
#1119 = CARTESIAN_POINT ( 'NONE',  ( -13.17764421782973727, 64.88420651273503381, 4.856393938282069556 ) ) ;
#1120 = ORIENTED_EDGE ( 'NONE', *, *, #812, .F. ) ;
#1121 = CARTESIAN_POINT ( 'NONE',  ( 3.321041083460700261, 57.20967328357487958, -2.499999999999969358 ) ) ;
#1122 = AXIS2_PLACEMENT_3D ( 'NONE', #1160, #329, #549 ) ;
#1123 = DIRECTION ( 'NONE',  ( 0.1736481776669306920, 0.9848077530122080203, -1.489033026589533876E-16 ) ) ;
#1124 = CARTESIAN_POINT ( 'NONE',  ( 11.96496862758528934, 91.65577530694500297, 70.50000000000002842 ) ) ;
#1125 = FACE_OUTER_BOUND ( 'NONE', #359, .T. ) ;
#1126 = COLOUR_RGB ( '',0.7921568627450980005, 0.8196078431372548767, 0.9333333333333333481 ) ;
#1127 = ORIENTED_EDGE ( 'NONE', *, *, #357, .F. ) ;
#1128 = CARTESIAN_POINT ( 'NONE',  ( -13.66099845276332481, 63.49842081067053101, -5.394218893631551381 ) ) ;
#1129 = CARTESIAN_POINT ( 'NONE',  ( -20.00000000000000000, 34.92071013577020722, 8.101149313121725766E-15 ) ) ;
#1130 = EDGE_CURVE ( 'NONE', #1135, #1284, #560, .T. ) ;
#1131 = CARTESIAN_POINT ( 'NONE',  ( -35.71221822022004488, 93.34059336399045037, -54.49999999999996447 ) ) ;
#1132 = CARTESIAN_POINT ( 'NONE',  ( -12.29611828338725310, 83.81577095517026521, 8.000000000000037303 ) ) ;
#1133 = LINE ( 'NONE', #914, #234 ) ;
#1134 = CARTESIAN_POINT ( 'NONE',  ( -35.23447163216813749, 83.67901205575810764, -54.49999999999996447 ) ) ;
#1135 = VERTEX_POINT ( 'NONE', #788 ) ;
#1136 = DIRECTION ( 'NONE',  ( -0.1736481776669306920, -0.9848077530122080203, 0.000000000000000000 ) ) ;
#1137 = CARTESIAN_POINT ( 'NONE',  ( 39.11670024131304757, 73.06889717018736974, -54.49999999999996447 ) ) ;
#1138 = DIRECTION ( 'NONE',  ( 0.08540114134643618515, -3.008060442639502367E-17, 0.9963466490417509647 ) ) ;
#1139 = CARTESIAN_POINT ( 'NONE',  ( 19.14803689299958478, 74.98417254788347464, 70.50000000000002842 ) ) ;
#1140 = ORIENTED_EDGE ( 'NONE', *, *, #825, .T. ) ;
#1141 = LINE ( 'NONE', #930, #207 ) ;
#1142 = CARTESIAN_POINT ( 'NONE',  ( -11.26233342548130167, 78.16111525892110024, -2.499999999999972911 ) ) ;
#1143 = AXIS2_PLACEMENT_3D ( 'NONE', #360, #55, #975 ) ;
#1144 = CARTESIAN_POINT ( 'NONE',  ( -15.71539514841298768, 78.80546676115987736, 70.50000000000002842 ) ) ;
#1145 = CARTESIAN_POINT ( 'NONE',  ( -11.75845689360845903, 78.32479980650148832, -2.436398015128965699 ) ) ;
#1146 = CARTESIAN_POINT ( 'NONE',  ( 47.42931931167553472, 72.20444237399908616, -54.49999999999996447 ) ) ;
#1147 = EDGE_LOOP ( 'NONE', ( #764, #1008, #1071, #251 ) ) ;
#1148 = CARTESIAN_POINT ( 'NONE',  ( -13.45349522006037368, 65.73441920948394568, -4.253795875566455997 ) ) ;
#1149 = CARTESIAN_POINT ( 'NONE',  ( -13.32301832475576298, 65.08877108997720029, -4.711330275018609903 ) ) ;
#1150 = CARTESIAN_POINT ( 'NONE',  ( 57.40746545819434488, 71.21237292046677680, -54.49999999999996447 ) ) ;
#1151 = CARTESIAN_POINT ( 'NONE',  ( -12.55738108966137823, 78.42345653176340647, -2.007367535309981132 ) ) ;
#1152 = CARTESIAN_POINT ( 'NONE',  ( -12.61180204835282659, 96.51494250484327608, 70.50000000000002842 ) ) ;
#1153 = VERTEX_POINT ( 'NONE', #667 ) ;
#1154 = DIRECTION ( 'NONE',  ( 0.08540114134643518595, -3.008076197720924866E-17, -0.9963466490417510757 ) ) ;
#1155 = CARTESIAN_POINT ( 'NONE',  ( -14.08023616306079262, 63.63386444677151843, 5.235946293722977707 ) ) ;
#1156 = ORIENTED_EDGE ( 'NONE', *, *, #729, .F. ) ;
#1157 = CARTESIAN_POINT ( 'NONE',  ( 3.321041083460700261, 57.20967328357487958, 2.500000000000030642 ) ) ;
#1158 = CARTESIAN_POINT ( 'NONE',  ( -35.71221822022004488, 93.34059336399045037, -54.49999999999996447 ) ) ;
#1159 = ORIENTED_EDGE ( 'NONE', *, *, #1117, .F. ) ;
#1160 = CARTESIAN_POINT ( 'NONE',  ( -12.47080972753604122, 71.30750557763924746, 12.50000000000003197 ) ) ;
#1161 = ADVANCED_FACE ( 'NONE', ( #1076 ), #1093, .F. ) ;
#1162 = CARTESIAN_POINT ( 'NONE',  ( -1.632122722703454265, 77.09221600667615348, 2.500000000000031530 ) ) ;
#1163 = FACE_OUTER_BOUND ( 'NONE', #181, .T. ) ;
#1164 = CIRCLE ( 'NONE', #579, 12.00000000000000000 ) ;
#1165 = AXIS2_PLACEMENT_3D ( 'NONE', #1083, #968, #1295 ) ;
#1166 = ORIENTED_EDGE ( 'NONE', *, *, #912, .T. ) ;
#1167 = CARTESIAN_POINT ( 'NONE',  ( -15.58899996787609865, 65.14091092377654491, -4.999999999999975131 ) ) ;
#1168 = AXIS2_PLACEMENT_3D ( 'NONE', #224, #670, #232 ) ;
#1169 = EDGE_CURVE ( 'NONE', #577, #1153, #340, .T. ) ;
#1170 = DIRECTION ( 'NONE',  ( -1.000000000000000000, 2.779109781899464598E-22, -1.387778780781445676E-17 ) ) ;
#1171 = PLANE ( 'NONE',  #59 ) ;
#1172 = AXIS2_PLACEMENT_3D ( 'NONE', #1072, #546, #341 ) ;
#1173 = VERTEX_POINT ( 'NONE', #1185 ) ;
#1174 = DIRECTION ( 'NONE',  ( 0.000000000000000000, 0.000000000000000000, -1.000000000000000000 ) ) ;
#1175 = DIRECTION ( 'NONE',  ( 0.000000000000000000, 0.000000000000000000, 1.000000000000000000 ) ) ;
#1176 = VERTEX_POINT ( 'NONE', #578 ) ;
#1177 = DIRECTION ( 'NONE',  ( 0.000000000000000000, 0.000000000000000000, -1.000000000000000000 ) ) ;
#1178 = ORIENTED_EDGE ( 'NONE', *, *, #1192, .F. ) ;
#1179 = CARTESIAN_POINT ( 'NONE',  ( -20.88996659612364937, 35.07763525859607512, -2.499999999999976019 ) ) ;
#1180 = CARTESIAN_POINT ( 'NONE',  ( -17.93554333708702941, 34.55669072559528843, 5.500000000000031086 ) ) ;
#1181 = ORIENTED_EDGE ( 'NONE', *, *, #229, .T. ) ;
#1182 = CARTESIAN_POINT ( 'NONE',  ( -17.50000000000000000, 7.261402971149854973E-15, 8.135853102331225273E-15 ) ) ;
#1183 = VERTEX_POINT ( 'NONE', #454 ) ;
#1184 = CARTESIAN_POINT ( 'NONE',  ( -18.39099631177278482, 49.25000000000000000, 31.33643150466575023 ) ) ;
#1185 = CARTESIAN_POINT ( 'NONE',  ( 5.255729826683701589, 68.18183837963448468, 2.500000000000030642 ) ) ;
#1186 = CARTESIAN_POINT ( 'NONE',  ( -17.93554333708702941, 34.55669072559528843, 2.500000000000030642 ) ) ;
#1187 = CARTESIAN_POINT ( 'NONE',  ( -15.58899415311678283, 64.75867555532907716, 3.233784556043239000 ) ) ;
#1188 = EDGE_CURVE ( 'NONE', #798, #189, #405, .T. ) ;
#1189 = ORIENTED_EDGE ( 'NONE', *, *, #905, .T. ) ;
#1190 = LINE ( 'NONE', #880, #1084 ) ;
#1191 = EDGE_CURVE ( 'NONE', #770, #601, #678, .T. ) ;
#1192 = EDGE_CURVE ( 'NONE', #772, #1284, #1190, .T. ) ;
#1193 = CARTESIAN_POINT ( 'NONE',  ( 0.000000000000000000, 0.000000000000000000, -2.499999999999991562 ) ) ;
#1194 = DIRECTION ( 'NONE',  ( -2.779109781899464598E-22, -1.000000000000000000, 2.668814559499989665E-22 ) ) ;
#1195 = CARTESIAN_POINT ( 'NONE',  ( -22.80050649158698661, 96.55417911032238010, 70.50000000000002842 ) ) ;
#1196 = CARTESIAN_POINT ( 'NONE',  ( -17.50000000000000000, 1.566534569899435028E-14, 8.135853102331225273E-15 ) ) ;
#1197 = EDGE_CURVE ( 'NONE', #747, #577, #927, .T. ) ;
#1198 = EDGE_LOOP ( 'NONE', ( #671, #370, #95, #117 ) ) ;
#1199 = ADVANCED_FACE ( 'NONE', ( #884 ), #132, .F. ) ;
#1200 = DIRECTION ( 'NONE',  ( -0.000000000000000000, 0.000000000000000000, -1.000000000000000000 ) ) ;
#1201 = CARTESIAN_POINT ( 'NONE',  ( -39.93674775831963331, 89.10804849293381835, 70.50000000000002842 ) ) ;
#1202 = DIRECTION ( 'NONE',  ( 0.1736481776669306920, 0.9848077530122080203, 0.000000000000000000 ) ) ;
#1203 = ORIENTED_EDGE ( 'NONE', *, *, #120, .T. ) ;
#1204 = EDGE_CURVE ( 'NONE', #1250, #75, #773, .T. ) ;
#1205 = DIRECTION ( 'NONE',  ( 0.000000000000000000, 0.000000000000000000, -1.000000000000000000 ) ) ;
#1206 = ORIENTED_EDGE ( 'NONE', *, *, #593, .T. ) ;
#1207 = CARTESIAN_POINT ( 'NONE',  ( -12.63457670883947870, 64.61996639077575821, 5.000000000000030198 ) ) ;
#1208 = ORIENTED_EDGE ( 'NONE', *, *, #1002, .T. ) ;
#1209 = CARTESIAN_POINT ( 'NONE',  ( -14.84944459779253556, 65.33630306046914882, 4.719559774788247175 ) ) ;
#1210 = EDGE_CURVE ( 'NONE', #375, #152, #1270, .T. ) ;
#1211 = CARTESIAN_POINT ( 'NONE',  ( 5.255729826683701589, 68.18183837963449889, -12.49999999999997158 ) ) ;
#1212 = ORIENTED_EDGE ( 'NONE', *, *, #353, .F. ) ;
#1213 = CARTESIAN_POINT ( 'NONE',  ( -12.93733073053890870, 64.71027142414072841, 4.967605322239628585 ) ) ;
#1214 = EDGE_CURVE ( 'NONE', #375, #148, #154, .T. ) ;
#1215 = ADVANCED_FACE ( 'NONE', ( #1319 ), #1299, .T. ) ;
#1216 = ORIENTED_EDGE ( 'NONE', *, *, #686, .T. ) ;
#1217 = CARTESIAN_POINT ( 'NONE',  ( -14.67861330724332980, 65.13478297659972327, 4.855230845567626297 ) ) ;
#1218 = CARTESIAN_POINT ( 'NONE',  ( 1.917535925942107866, 49.25000000000000000, -2.499999999999976019 ) ) ;
#1219 = CARTESIAN_POINT ( 'NONE',  ( 48.34496596543851865, 77.17587723827709567, 70.50000000000002842 ) ) ;
#1220 = DIRECTION ( 'NONE',  ( 2.779109781899464598E-22, 1.000000000000000000, -2.668814559499989665E-22 ) ) ;
#1221 = CARTESIAN_POINT ( 'NONE',  ( -13.43068614561967244, 65.86377589868176585, 4.166666666666696273 ) ) ;
#1222 = ORIENTED_EDGE ( 'NONE', *, *, #53, .F. ) ;
#1223 = ADVANCED_FACE ( 'NONE', ( #264 ), #282, .F. ) ;
#1224 = CARTESIAN_POINT ( 'NONE',  ( -17.50000000000000000, 34.47989268399904716, 2.500000000000008438 ) ) ;
#1225 = AXIS2_PLACEMENT_3D ( 'NONE', #944, #1154, #204 ) ;
#1226 = CARTESIAN_POINT ( 'NONE',  ( -15.15410103689878873, 65.76227137358215202, -4.440338652664324037 ) ) ;
#1227 = CARTESIAN_POINT ( 'NONE',  ( -9.089106968270828091, 78.00012548456929551, 70.50000000000002842 ) ) ;
#1228 = DIRECTION ( 'NONE',  ( -0.1736481776669306920, -0.9848077530122080203, 0.000000000000000000 ) ) ;
#1229 = CARTESIAN_POINT ( 'NONE',  ( -15.71539514841298768, 78.80546676115987736, -54.49999999999996447 ) ) ;
#1230 = VECTOR ( 'NONE', #1277, 1000.000000000000114 ) ;
#1231 = ORIENTED_EDGE ( 'NONE', *, *, #467, .F. ) ;
#1232 = CARTESIAN_POINT ( 'NONE',  ( -14.92876910489547448, 65.44052409763085620, 4.650259760364906292 ) ) ;
#1233 = AXIS2_PLACEMENT_3D ( 'NONE', #1132, #324, #919 ) ;
#1234 = CARTESIAN_POINT ( 'NONE',  ( -25.57969032740874127, 80.51233278140512084, -54.49999999999996447 ) ) ;
#1235 = CARTESIAN_POINT ( 'NONE',  ( -29.62795185087939132, 81.59007425076600839, 70.50000000000002842 ) ) ;
#1236 = CARTESIAN_POINT ( 'NONE',  ( -12.61180204835282659, 96.51494250484327608, -54.49999999999996447 ) ) ;
#1237 = ORIENTED_EDGE ( 'NONE', *, *, #1192, .T. ) ;
#1238 = DIRECTION ( 'NONE',  ( 0.000000000000000000, 0.000000000000000000, 1.000000000000000000 ) ) ;
#1239 = EDGE_CURVE ( 'NONE', #814, #1068, #482, .T. ) ;
#1240 = CARTESIAN_POINT ( 'NONE',  ( -38.79651894559520997, 86.44404215397426583, -54.49999999999996447 ) ) ;
#1241 = FACE_OUTER_BOUND ( 'NONE', #783, .T. ) ;
#1242 = CARTESIAN_POINT ( 'NONE',  ( 11.96496862758528934, 91.65577530694500297, 70.50000000000002842 ) ) ;
#1243 = ORIENTED_EDGE ( 'NONE', *, *, #72, .T. ) ;
#1244 = DIRECTION ( 'NONE',  ( 0.000000000000000000, 0.000000000000000000, -1.000000000000000000 ) ) ;
#1245 = DIRECTION ( 'NONE',  ( 0.000000000000000000, 0.000000000000000000, 1.000000000000000000 ) ) ;
#1246 = VECTOR ( 'NONE', #702, 1000.000000000000114 ) ;
#1247 = DIRECTION ( 'NONE',  ( -0.1736481776669306920, -0.9848077530122080203, 0.000000000000000000 ) ) ;
#1248 = CARTESIAN_POINT ( 'NONE',  ( -32.82735042922609381, 82.66482648663364330, -54.49999999999996447 ) ) ;
#1249 = ADVANCED_FACE ( 'NONE', ( #1018 ), #74, .T. ) ;
#1250 = VERTEX_POINT ( 'NONE', #489 ) ;
#1251 = CARTESIAN_POINT ( 'NONE',  ( -14.68370157423957245, 63.90001744149764562, -4.835964367705768652 ) ) ;
#1252 = CARTESIAN_POINT ( 'NONE',  ( -13.45989657987137811, 65.60630189571860171, -4.342706094509329873 ) ) ;
#1253 = CARTESIAN_POINT ( 'NONE',  ( -13.60993141663697692, 64.33560998459229552, 5.386370690793677696 ) ) ;
#1254 = CARTESIAN_POINT ( 'NONE',  ( -12.72609800707910921, 64.10092331596153770, -5.499999999999975131 ) ) ;
#1255 = CARTESIAN_POINT ( 'NONE',  ( -20.88996659612364937, 35.07763525859607512, 5.500000000000031086 ) ) ;
#1256 = CARTESIAN_POINT ( 'NONE',  ( -14.44042523356045216, 71.65480193297310052, 12.50000000000003197 ) ) ;
#1257 = CARTESIAN_POINT ( 'NONE',  ( 54.08300572362426806, 71.55884055665305254, 70.50000000000002842 ) ) ;
#1258 = ORIENTED_EDGE ( 'NONE', *, *, #484, .F. ) ;
#1259 = EDGE_CURVE ( 'NONE', #83, #586, #88, .T. ) ;
#1260 = PLANE ( 'NONE',  #382 ) ;
#1261 = CARTESIAN_POINT ( 'NONE',  ( 7.380309549157865412, 80.23092873403062697, 0.3674020386436102070 ) ) ;
#1262 = LINE ( 'NONE', #757, #1230 ) ;
#1263 = CARTESIAN_POINT ( 'NONE',  ( -13.90362501236011461, 64.49250120241030970, -5.289325524356630837 ) ) ;
#1264 = ORIENTED_EDGE ( 'NONE', *, *, #184, .F. ) ;
#1265 = PLANE ( 'NONE',  #827 ) ;
#1266 = DIRECTION ( 'NONE',  ( 0.9963466490417508536, -3.509413107732030515E-16, -0.08540114134643618515 ) ) ;
#1267 = AXIS2_PLACEMENT_3D ( 'NONE', #1193, #164, #795 ) ;
#1268 = CARTESIAN_POINT ( 'NONE',  ( -11.07885657802794377, 78.24185794937400829, 2.500000000000031530 ) ) ;
#1269 = FACE_OUTER_BOUND ( 'NONE', #479, .T. ) ;
#1270 = CIRCLE ( 'NONE', #874, 2.000000000000003553 ) ;
#1271 = ORIENTED_EDGE ( 'NONE', *, *, #301, .T. ) ;
#1272 = CARTESIAN_POINT ( 'NONE',  ( 6.670318103859380621, 76.20436715822525287, -2.499999999999972911 ) ) ;
#1273 = STYLED_ITEM ( 'NONE', ( #1022 ), #86 ) ;
#1274 = CARTESIAN_POINT ( 'NONE',  ( -11.24453726304043855, 78.26204231143094603, 2.500000000000031530 ) ) ;
#1275 = DIRECTION ( 'NONE',  ( 0.1736481776669306920, 0.9848077530122080203, -0.000000000000000000 ) ) ;
#1276 = ORIENTED_EDGE ( 'NONE', *, *, #755, .T. ) ;
#1277 = DIRECTION ( 'NONE',  ( 0.1736481776669306643, 0.9848077530122080203, 0.000000000000000000 ) ) ;
#1278 = PRODUCT_CONTEXT ( 'NONE', #1081, 'mechanical' ) ;
#1279 = VERTEX_POINT ( 'NONE', #275 ) ;
#1280 = CARTESIAN_POINT ( 'NONE',  ( -13.62266142923640544, 64.77502996289027237, -2.499999999999976019 ) ) ;
#1281 = CARTESIAN_POINT ( 'NONE',  ( -14.38697335386511433, 64.84716393019860448, -5.051396354666414013 ) ) ;
#1282 = CARTESIAN_POINT ( 'NONE',  ( -12.96233622792705198, 64.73229741859516650, 4.952919715463618644 ) ) ;
#1283 = CARTESIAN_POINT ( 'NONE',  ( -20.20565028166158683, 34.95697182901744071, -2.731912881285266437 ) ) ;
#1284 = VERTEX_POINT ( 'NONE', #811 ) ;
#1285 = CARTESIAN_POINT ( 'NONE',  ( -39.37833149122297272, 88.59109584101085488, -5.499999999999975131 ) ) ;
#1286 = CARTESIAN_POINT ( 'NONE',  ( -14.91577141989470867, 64.03454867364354186, 4.607712085240494915 ) ) ;
#1287 = DIRECTION ( 'NONE',  ( 0.000000000000000000, 0.000000000000000000, 1.000000000000000000 ) ) ;
#1288 = EDGE_CURVE ( 'NONE', #565, #433, #288, .T. ) ;
#1289 = ORIENTED_EDGE ( 'NONE', *, *, #1047, .T. ) ;
#1290 = CARTESIAN_POINT ( 'NONE',  ( -15.81871491473922653, 63.83813272193723520, -3.499999999999975131 ) ) ;
#1291 = AXIS2_PLACEMENT_3D ( 'NONE', #1290, #672, #1174 ) ;
#1292 = CARTESIAN_POINT ( 'NONE',  ( -42.90092812257495325, 68.61345760777783198, 5.500000000000031086 ) ) ;
#1293 = CARTESIAN_POINT ( 'NONE',  ( -17.66849192320227502, 96.72277344265070553, 70.50000000000002842 ) ) ;
#1294 = VECTOR ( 'NONE', #878, 1000.000000000000000 ) ;
#1295 = DIRECTION ( 'NONE',  ( 0.000000000000000000, 0.000000000000000000, -1.000000000000000000 ) ) ;
#1296 = EDGE_CURVE ( 'NONE', #311, #75, #390, .T. ) ;
#1297 = CARTESIAN_POINT ( 'NONE',  ( -13.85092976308406421, 63.55633911471740305, 5.331095885409121493 ) ) ;
#1298 = VERTEX_POINT ( 'NONE', #800 ) ;
#1299 = CYLINDRICAL_SURFACE ( 'NONE', #488, 2.499999999999998668 ) ;
#1300 = EDGE_LOOP ( 'NONE', ( #753, #715, #900, #822 ) ) ;
#1301 = PRODUCT_RELATED_PRODUCT_CATEGORY ( 'part', '', ( #491 ) ) ;
#1302 = CARTESIAN_POINT ( 'NONE',  ( -15.62459385967992276, 64.93904793230012729, 2.870345767343603249 ) ) ;
#1303 = ORIENTED_EDGE ( 'NONE', *, *, #1239, .T. ) ;
#1304 = CARTESIAN_POINT ( 'NONE',  ( -1.193811535879496510, 31.60467170525746283, -2.499999999999976019 ) ) ;
#1305 = B_SPLINE_CURVE_WITH_KNOTS ( 'NONE', 3,
 ( #321, #305, #734, #203, #118, #537, #425, #720, #1251, #636, #953, #434, #1128, #190, #613, #241 ),
 .UNSPECIFIED., .F., .F.,
 ( 4, 2, 2, 2, 2, 2, 2, 4 ),
 ( 0.000000000000000000, 0.001221576178797545171, 0.001832364268196318190, 0.002443152357595091643, 0.003053940446993864445, 0.003664728536392637681, 0.004275516625791410917, 0.004886304715190184153 ),
 .UNSPECIFIED. ) ;
#1306 = ORIENTED_EDGE ( 'NONE', *, *, #996, .F. ) ;
#1307 = CARTESIAN_POINT ( 'NONE',  ( -13.40019256187641972, 65.26281160488134958, 4.586660714561129559 ) ) ;
#1308 = CIRCLE ( 'NONE', #1122, 10.00000000000000178 ) ;
#1309 = DIRECTION ( 'NONE',  ( -0.1736481776669306920, -0.9848077530122080203, -0.000000000000000000 ) ) ;
#1310 = ORIENTED_EDGE ( 'NONE', *, *, #441, .F. ) ;
#1311 = CARTESIAN_POINT ( 'NONE',  ( -11.76756152347149609, 78.32586691349580121, 2.447017519985214662 ) ) ;
#1312 = ORIENTED_EDGE ( 'NONE', *, *, #120, .F. ) ;
#1313 = CARTESIAN_POINT ( 'NONE',  ( 0.000000000000000000, 38.37511336474073431, 8.000000000000033751 ) ) ;
#1314 = CARTESIAN_POINT ( 'NONE',  ( 54.53067352180178773, 73.97201152892682785, 70.50000000000002842 ) ) ;
#1315 = CARTESIAN_POINT ( 'NONE',  ( -12.24533936718585814, 78.38466332733899833, 2.247539515482759320 ) ) ;
#1316 = ORIENTED_EDGE ( 'NONE', *, *, #1210, .F. ) ;
#1317 = CARTESIAN_POINT ( 'NONE',  ( 59.06945065624113056, 71.03916460124546006, 70.50000000000002842 ) ) ;
#1318 = CARTESIAN_POINT ( 'NONE',  ( 40.54551257382906471, 80.87025018040539237, -54.49999999999996447 ) ) ;
#1319 = FACE_OUTER_BOUND ( 'NONE', #1000, .T. ) ;
#1320 = VERTEX_POINT ( 'NONE', #158 ) ;
#1321 = ADVANCED_FACE ( 'NONE', ( #1125, #172 ), #955, .F. ) ;
#1322 = DIRECTION ( 'NONE',  ( 0.000000000000000000, 0.000000000000000000, 1.000000000000000000 ) ) ;
#1323 = CARTESIAN_POINT ( 'NONE',  ( 21.57386753273434010, 88.51930574975902744, -54.49999999999996447 ) ) ;
#1324 = FACE_OUTER_BOUND ( 'NONE', #283, .T. ) ;
#1325 = CARTESIAN_POINT ( 'NONE',  ( -17.50000000000000000, 49.25000000000000000, -2.499999999999991562 ) ) ;
#1326 = CARTESIAN_POINT ( 'NONE',  ( -15.71539514841298768, 78.80546676115987736, 70.50000000000002842 ) ) ;
#1327 = AXIS2_PLACEMENT_3D ( 'NONE', #156, #480, #786 ) ;
#1328 = CARTESIAN_POINT ( 'NONE',  ( -13.10379206577684741, 64.14304168576228449, -5.484473035778830941 ) ) ;
#1329 = ORIENTED_EDGE ( 'NONE', *, *, #825, .F. ) ;
#1330 = LINE ( 'NONE', #413, #1109 ) ;
#1331 = CARTESIAN_POINT ( 'NONE',  ( 7.367043623100186345, 80.15569392875931953, -2.499999999999972911 ) ) ;
#1332 = EDGE_CURVE ( 'NONE', #49, #412, #1073, .T. ) ;
#1333 = EDGE_CURVE ( 'NONE', #75, #565, #48, .T. ) ;
#1334 = CARTESIAN_POINT ( 'NONE',  ( -38.13094734738451308, 91.75753344487786478, -54.49999999999996447 ) ) ;
#1335 = PLANE ( 'NONE',  #608 ) ;
#1336 = CARTESIAN_POINT ( 'NONE',  ( 29.13233451546254926, 74.02121049456158630, -54.49999999999996447 ) ) ;
#1337 = ORIENTED_EDGE ( 'NONE', *, *, #301, .F. ) ;
#1338 = LINE ( 'NONE', #840, #364 ) ;
#1339 = CARTESIAN_POINT ( 'NONE',  ( -15.61773666628253032, 64.97793700854832366, -2.791763645250406434 ) ) ;
ENDSEC;
END-ISO-10303-21;
