"cps-rfile"
"Iteration" "cps"
("Iteration" "cps(t1)" "cps(t2)" "cps(t3)" "cps(t4)" "cps(t5)" "cps(t6)" "cps(t7)" "cps(t8)")
948 -1.152392148971558 -1.166598796844482 -0.5617854595184326 -0.469706118106842 0.0623883344233036 0.01994494162499905 0.03602851182222366 0.04247662052512169
949 -1.143866062164307 -1.157012939453125 -0.5491188764572144 -0.4763404726982117 0.059603251516819 0.0177018977701664 0.03361790999770164 0.0395905040204525
950 -1.135482430458069 -1.147442579269409 -0.5363971590995789 -0.4809779524803162 0.05683207139372826 0.01547367125749588 0.03120659664273262 0.03668142482638359
951 -1.127386689186096 -1.138005018234253 -0.5237456560134888 -0.4831076264381409 0.05411107093095779 0.01325523480772972 0.02878289669752121 0.03373181819915771
952 -1.11956262588501 -1.128738641738892 -0.5112734436988831 -0.4824714064598083 0.05137506127357483 0.01103080064058304 0.02633996494114399 0.03073292784392834
953 -1.112053155899048 -1.119733333587646 -0.4992812275886536 -0.478825181722641 0.04871770367026329 0.008866555988788605 0.02392404899001122 0.02773118205368519
954 -1.105017185211182 -1.111163020133972 -0.4882209897041321 -0.4720234572887421 0.04616457968950272 0.006752985529601574 0.02153473347425461 0.0247376449406147
955 -1.098562479019165 -1.103206276893616 -0.478510856628418 -0.4623481631278992 0.04368160292506218 0.004699598532170057 0.01920388080179691 0.02180213667452335
956 -1.09282374382019 -1.096059322357178 -0.4706283807754517 -0.4505917727947235 0.04135753214359283 0.002760346047580242 0.01695938222110271 0.01894672214984894
957 -1.087887525558472 -1.089985609054565 -0.4649649858474731 -0.437508225440979 0.03915362805128098 0.0008774525485932827 0.01475667953491211 0.01612595096230507
958 -1.084025144577026 -1.085211992263794 -0.4618880152702332 -0.4236947000026703 0.03714510053396225 -0.0008469801396131516 0.01271352171897888 0.01348273269832134
959 -1.081431031227112 -1.082073450088501 -0.4619828462600708 -0.409422755241394 0.03544289991259575 -0.002331181429326534 0.01091047748923302 0.01112224999815226
960 -1.080320358276367 -1.080928206443787 -0.4656847715377808 -0.3944284915924072 0.03416229039430618 -0.00349538354203105 0.009457575157284737 0.009195039980113506
961 -1.080986499786377 -1.082094311714172 -0.4731720089912415 -0.3781871497631073 0.03336086496710777 -0.004275069572031498 0.008424000814557076 0.007780815940350294
962 -1.083587527275085 -1.085735440254211 -0.4844449758529663 -0.3604455292224884 0.03309459239244461 -0.004606082104146481 0.007884415797889233 0.006967228371649981
963 -1.088264346122742 -1.091992616653442 -0.4993687272071838 -0.3412219285964966 0.03347445651888847 -0.004402225837111473 0.007934333756566048 0.006879535038024187
964 -1.095016837120056 -1.100850701332092 -0.5175011157989502 -0.3212165534496307 0.03456328809261322 -0.003625965910032392 0.00864064134657383 0.00761110894382
965 -1.103760242462158 -1.112210273742676 -0.5380902290344238 -0.3018372356891632 0.03646883741021156 -0.002142989076673985 0.01014588866382837 0.009322194382548332
966 -1.114619493484497 -1.125816226005554 -0.560240626335144 -0.2853953838348389 0.03920900821685791 5.440841778181493e-05 0.01246897038072348 0.01205748692154884
967 -1.127199292182922 -1.141101241111755 -0.5833617448806763 -0.2732212543487549 0.04275350272655487 0.002927965018898249 0.01557835936546326 0.01580012589693069
968 -1.141213178634644 -1.157724142074585 -0.6069046854972839 -0.2656367719173431 0.04701932892203331 0.006433505099266768 0.01944694481790066 0.02055128663778305
969 -1.156145930290222 -1.174992799758911 -0.63037109375 -0.2615296840667725 0.0518806092441082 0.01048472058027983 0.02397711575031281 0.026205038651824
970 -1.171585559844971 -1.192341089248657 -0.6531031131744385 -0.2591521441936493 0.05727798119187355 0.01500171888619661 0.02907748334109783 0.03264195099473
971 -1.186980605125427 -1.20919144153595 -0.6744738817214966 -0.2580657601356506 0.06297886371612549 0.01978721655905247 0.0345284640789032 0.03958146646618843
972 -1.201994299888611 -1.225059270858765 -0.6938673257827759 -0.258103221654892 0.06882694363594055 0.02474044635891914 0.04019343107938766 0.04680587351322174
973 -1.216127038002014 -1.23956823348999 -0.7110071182250977 -0.259191632270813 0.07460619509220123 0.02964932471513748 0.04581447690725327 0.05392979830503464
974 -1.229148626327515 -1.252505540847778 -0.725724458694458 -0.2615044116973877 0.08016722649335861 0.0343729667365551 0.05120634287595749 0.06067455187439919
975 -1.240802764892578 -1.263670682907104 -0.7379792928695679 -0.2650255262851715 0.08528684079647064 0.0387033186852932 0.05610387772321701 0.06670578569173813
976 -1.251000046730042 -1.273095488548279 -0.7479583024978638 -0.2693414390087128 0.08982592821121216 0.0425119511783123 0.06035688519477844 0.07186137139797211
977 -1.259597539901733 -1.280828833580017 -0.7558081746101379 -0.2741159796714783 0.09372624754905701 0.04576427489519119 0.06395618617534637 0.07616414129734039
978 -1.266682624816895 -1.287019729614258 -0.7617775201797485 -0.2790449857711792 0.09698215126991272 0.0484483428299427 0.06688296794891357 0.07961064577102661
979 -1.272348880767822 -1.291784644126892 -0.7660185098648071 -0.2839667797088623 0.09961024671792984 0.0506003275513649 0.06921131908893585 0.08231806010007858
980 -1.276578664779663 -1.29529333114624 -0.7686377763748169 -0.2887141108512878 0.1016712784767151 0.05227267742156982 0.07099618762731552 0.08435750752687454
981 -1.279666900634766 -1.297697186470032 -0.7697466611862183 -0.2931540310382843 0.1032253131270409 0.05351831763982773 0.07230304181575775 0.0858115628361702
982 -1.281680941581726 -1.299079775810242 -0.7694350481033325 -0.2971670627593994 0.1043149456381798 0.05437584221363068 0.07317570596933365 0.08673686534166336
983 -1.282714009284973 -1.299553155899048 -0.7678053379058838 -0.3007277250289917 0.1049727723002434 0.05487190932035446 0.07364612817764282 0.08717584609985352
984 -1.282721042633057 -1.299184203147888 -0.7649078369140625 -0.3038380146026611 0.1052511408925056 0.05505237728357315 0.07376468181610107 0.08718771487474442
985 -1.282005906105042 -1.298082828521729 -0.7607767581939697 -0.3065766990184784 0.1051982864737511 0.05495800077915192 0.07357800006866455 0.08683045208454132
986 -1.280550122261047 -1.296263575553894 -0.7553970813751221 -0.3090325593948364 0.1048349440097809 0.05461028963327408 0.07311601191759109 0.0861421674489975
987 -1.278403639793396 -1.293774962425232 -0.7487340569496155 -0.311333179473877 0.1042111665010452 0.05404914543032646 0.07241620123386383 0.08516440540552139
988 -1.275521278381348 -1.290632367134094 -0.7407451868057251 -0.3137087523937225 0.1033560186624527 0.05329890549182892 0.0715106874704361 0.08394082635641098
989 -1.272075772285461 -1.28686797618866 -0.7313576340675354 -0.3164262473583221 0.1022924184799194 0.0523822046816349 0.07042133808135986 0.08249309659004211
990 -1.268058300018311 -1.282469511032104 -0.7204645276069641 -0.3197594583034515 0.1010334193706512 0.05131188780069351 0.06916471570730209 0.08084514737129211
991 -1.263498663902283 -1.277447700500488 -0.7080004811286926 -0.3239429295063019 0.0996120423078537 0.05011162161827087 0.0677657350897789 0.07902831584215164
992 -1.258401036262512 -1.271782517433167 -0.693939208984375 -0.3292199373245239 0.09804634004831314 0.04880162328481674 0.0662468820810318 0.0770677849650383
993 -1.252745747566223 -1.265420913696289 -0.6782463788986206 -0.3357022106647491 0.09632004052400589 0.0473690964281559 0.06460415571928024 0.07496730238199234
994 -1.24653947353363 -1.258350372314453 -0.6608170866966248 -0.3433307111263275 0.09448789805173874 0.04585558176040649 0.0628652423620224 0.07274284213781357
995 -1.239758491516113 -1.250470280647278 -0.641533374786377 -0.3520631790161133 0.09253522753715515 0.04426135122776031 0.06104256212711334 0.07041440904140472
996 -1.232561707496643 -1.241819024085999 -0.6203994750976562 -0.361644059419632 0.09046120941638947 0.04257303476333618 0.05911606550216675 0.06796026229858398
997 -1.224817037582397 -1.232334852218628 -0.5976356267929077 -0.3714737594127655 0.08832369744777679 0.04082955792546272 0.05711580812931061 0.06540017575025558
998 -1.216514110565186 -1.222054243087769 -0.5737206935882568 -0.3811072409152985 0.08608604222536087 0.03900869935750961 0.05504064634442329 0.06274273991584778
999 -1.207863807678223 -1.2109694480896 -0.5492467880249023 -0.3901285231113434 0.08376473933458328 0.0371570810675621 0.05293033644556999 0.06003037095069885
1000 -1.19884979724884 -1.19921875 -0.5247576236724854 -0.3978488445281982 0.081363245844841 0.03524832800030708 0.05074513331055641 0.05720539391040802
1001 -1.189513444900513 -1.186965942382812 -0.5011866688728333 -0.4038846492767334 0.07894086837768555 0.0333094410598278 0.04849449545145035 0.05426641926169395
1002 -1.180230140686035 -1.174435138702393 -0.4797322154045105 -0.4081741869449615 0.07647841423749924 0.03132554516196251 0.04617229849100113 0.05120943859219551
1003 -1.171045303344727 -1.161916971206665 -0.461823433637619 -0.4115935266017914 0.07399578392505646 0.02934258058667183 0.04383368045091629 0.04810353741049767
1004 -1.162169814109802 -1.149732828140259 -0.4486108422279358 -0.4146592020988464 0.07160359621047974 0.02742142230272293 0.04151823744177818 0.04497416317462921
1005 -1.154004812240601 -1.138473749160767 -0.441651463508606 -0.4177610576152802 0.06932719796895981 0.0255768671631813 0.03924812003970146 0.04186323285102844
1006 -1.146859645843506 -1.128861904144287 -0.4419924318790436 -0.4215996563434601 0.06734845787286758 0.02397655509412289 0.0372038297355175 0.03900211304426193
1007 -1.141304492950439 -1.121661305427551 -0.4502863585948944 -0.4258038699626923 0.06566646695137024 0.02261560223996639 0.03543610125780106 0.0365087017416954
1008 -1.137690782546997 -1.117376923561096 -0.4658616185188293 -0.4302657544612885 0.06449493020772934 0.02168485336005688 0.03413586318492889 0.03458994999527931
1009 -1.136147737503052 -1.116299867630005 -0.4867478609085083 -0.4345151782035828 0.0638255774974823 0.02114806324243546 0.03327383100986481 0.03322259336709976
1010 -1.136913180351257 -1.118434309959412 -0.5100910067558289 -0.4367981255054474 0.06365392357110977 0.02101470716297626 0.03288086131215096 0.03244686499238014
1011 -1.139870882034302 -1.123669981956482 -0.533709704875946 -0.4348787069320679 0.06399048864841461 0.02125769481062889 0.03293075785040855 0.03222941234707832
1012 -1.144745111465454 -1.131750702857971 -0.5570143461227417 -0.4259894490242004 0.06460270285606384 0.02170539274811745 0.03323987871408463 0.03234809264540672
1013 -1.151457786560059 -1.142567753791809 -0.5812108516693115 -0.4066025018692017 0.06542988121509552 0.02225763909518719 0.03371359780430794 0.03274159133434296
1014 -1.159781575202942 -1.155813455581665 -0.6075398921966553 -0.3743877112865448 0.06649786978960037 0.02296780794858932 0.03444868698716164 0.03358533605933189
1015 -1.169362902641296 -1.17089831829071 -0.6348909139633179 -0.3327522873878479 0.06768300384283066 0.02376700378954411 0.03540166839957237 0.03491491451859474
1016 -1.179776072502136 -1.186650395393372 -0.6603610515594482 -0.2928321659564972 0.06916896998882294 0.02479712665081024 0.03674157708883286 0.03699710220098495
1017 -1.190433502197266 -1.201991319656372 -0.681545615196228 -0.2641628384590149 0.07114016264677048 0.02630471624433994 0.03879863396286964 0.04025960341095924
1018 -1.201068758964539 -1.216265797615051 -0.6977516412734985 -0.2488956153392792 0.07384083420038223 0.02856084890663624 0.04183976724743843 0.04492422938346863
1019 -1.211471557617188 -1.229186177253723 -0.7096530795097351 -0.2442294508218765 0.07728365063667297 0.03155504167079926 0.04574563726782799 0.05064642056822777
1020 -1.221189737319946 -1.240418672561646 -0.7182596921920776 -0.2462104856967926 0.08098386973142624 0.03480439633131027 0.04991442337632179 0.05656301230192184
1021 -1.229868531227112 -1.249868512153625 -0.7245159149169922 -0.2522127330303192 0.08460918813943863 0.03797582536935806 0.05389896780252457 0.06203724816441536
1022 -1.237324833869934 -1.257539033889771 -0.7290147542953491 -0.2603907287120819 0.0878121480345726 0.04073875397443771 0.0573122538626194 0.06661517918109894
1023 -1.243492960929871 -1.263515114784241 -0.7321017980575562 -0.2695397138595581 0.09047311544418335 0.04300595074892044 0.06007929518818855 0.07025909423828125
1024 -1.2482008934021 -1.26794695854187 -0.7339836359024048 -0.2788338363170624 0.09253408759832382 0.0447339154779911 0.06216748803853989 0.07297538220882416
1025 -1.251570582389832 -1.271050930023193 -0.7348686456680298 -0.287872850894928 0.09404733777046204 0.04597595706582069 0.06365718692541122 0.07490506023168564
1026 -1.253791928291321 -1.272990226745605 -0.734771192073822 -0.2964506447315216 0.09506756812334061 0.0467861071228981 0.06461843103170395 0.07614495605230331
1027 -1.254926919937134 -1.273826360702515 -0.7336710691452026 -0.3045085072517395 0.09561911225318909 0.04720986261963844 0.06513562798500061 0.07682197540998459
1028 -1.254969954490662 -1.273688435554504 -0.7314934730529785 -0.3120987117290497 0.09578866511583328 0.04731201380491257 0.06527672708034515 0.07702099531888962
1029 -1.254087090492249 -1.272700309753418 -0.7282285690307617 -0.3193193376064301 0.09560106694698334 0.04712006449699402 0.06508513540029526 0.07680664211511612
1030 -1.25233268737793 -1.270915865898132 -0.7238612174987793 -0.3262973129749298 0.09510171413421631 0.04667497426271439 0.06460954248905182 0.07624297589063644
1031 -1.249838948249817 -1.268371224403381 -0.718428909778595 -0.333172619342804 0.09431836754083633 0.045999426394701 0.06388279050588608 0.07537684589624405
1032 -1.246650218963623 -1.265145540237427 -0.7119792699813843 -0.3401145040988922 0.0932893231511116 0.04512657597661018 0.06293773651123047 0.07424495369195938
1033 -1.242797136306763 -1.261259198188782 -0.7045885324478149 -0.3473111689090729 0.09202767163515091 0.04406815394759178 0.06179136782884598 0.0728747695684433
1034 -1.238275408744812 -1.256774425506592 -0.6963400840759277 -0.3549191951751709 0.09055191278457642 0.04283743351697922 0.06046019494533539 0.07128891348838806
1035 -1.23327624797821 -1.251682043075562 -0.6872804164886475 -0.3630636632442474 0.08888939023017883 0.04145932570099831 0.05897415429353714 0.06952445209026337
1036 -1.227706789970398 -1.246016025543213 -0.6775385141372681 -0.371859222650528 0.08704480528831482 0.03993813693523407 0.05733852833509445 0.0675889328122139
1037 -1.221542954444885 -1.239771962165833 -0.6672173738479614 -0.3812157511711121 0.08505730330944061 0.03829245641827583 0.05556895956397057 0.06549863517284393
1038 -1.214870095252991 -1.233002305030823 -0.6563762426376343 -0.3910412192344666 0.08288311958312988 0.03649855405092239 0.05365761741995811 0.06325021386146545
1039 -1.207805395126343 -1.225732564926147 -0.6450884938240051 -0.4013651311397552 0.08056347817182541 0.03461463004350662 0.05164925009012222 0.06088211387395859
1040 -1.200311660766602 -1.217991352081299 -0.6333774328231812 -0.4121029376983643 0.07806903123855591 0.03259503096342087 0.0495038740336895 0.05836573243141174
1041 -1.192431807518005 -1.209803581237793 -0.6213173270225525 -0.4230271279811859 0.0754975900053978 0.03050697594881058 0.04728240519762039 0.05576327443122864
1042 -1.184319972991943 -1.201245188713074 -0.609002947807312 -0.4338632524013519 0.07285723090171814 0.02836832217872143 0.04501338303089142 0.05310200154781342
1043 -1.175916910171509 -1.192323088645935 -0.5964887738227844 -0.4444107711315155 0.07008469849824905 0.02614469453692436 0.04265023767948151 0.05032357946038246
1044 -1.167404890060425 -1.183108806610107 -0.5838702917098999 -0.454456090927124 0.06728889793157578 0.0238890890032053 0.04024607315659523 0.04749082028865814
1045 -1.158791422843933 -1.173751592636108 -0.5712478160858154 -0.4636150598526001 0.06448671221733093 0.02163089625537395 0.03783729672431946 0.04463446140289307
1046 -1.1502605676651 -1.164216995239258 -0.5586229562759399 -0.4715230762958527 0.06166369467973709 0.01936026848852634 0.03540288656949997 0.04173501580953598
1047 -1.141801476478577 -1.154645562171936 -0.5459530353546143 -0.4776773154735565 0.05887719616293907 0.01711515709757805 0.03298923000693321 0.03884300589561462
1048 -1.133460998535156 -1.145121932029724 -0.5332486629486084 -0.4816730320453644 0.05611862242221832 0.01489369850605726 0.03057907894253731 0.0359286293387413
1049 -1.125427603721619 -1.135714769363403 -0.5206062197685242 -0.4830624759197235 0.05340560898184776 0.01268049050122499 0.02815307676792145 0.03296615928411484
1050 -1.117617964744568 -1.126529455184937 -0.5082129836082458 -0.481655091047287 0.05070219933986664 0.01048018503934145 0.02572274208068848 0.02996609546244144
1051 -1.110298991203308 -1.117662668228149 -0.4964625835418701 -0.4771847128868103 0.04805296659469604 0.008317850530147552 0.02330767549574375 0.02696326561272144
1052 -1.10342013835907 -1.109228014945984 -0.4857316613197327 -0.4695533514022827 0.04552045837044716 0.006216196343302727 0.02092963457107544 0.02398496493697166
1053 -1.097169995307922 -1.101481437683105 -0.4764716625213623 -0.4592447876930237 0.04308964684605598 0.004199861083179712 0.01863139681518078 0.02108499780297279
1054 -1.091661930084229 -1.094631910324097 -0.4691600799560547 -0.4469991028308868 0.04078609496355057 0.002272191224619746 0.0163950826972723 0.01823374629020691
1055 -1.087003469467163 -1.088864803314209 -0.4640968441963196 -0.4336758255958557 0.0386366993188858 0.000431196327554062 0.01423225644975901 0.01545285899192095
1056 -1.083439469337463 -1.084488153457642 -0.4618067145347595 -0.4197226166725159 0.03675242513418198 -0.001208858098834753 0.01226787175983191 0.01289650984108448
1057 -1.081195592880249 -1.081865549087524 -0.4628225862979889 -0.4052362442016602 0.03515215963125229 -0.002619277220219374 0.01054740883409977 0.01063626911491156
1058 -1.080568194389343 -1.081317186355591 -0.4675406217575073 -0.3898964822292328 0.03396236151456833 -0.003689871169626713 0.009196953848004341 0.008836790919303894
1059 -1.081753969192505 -1.083109855651855 -0.4760262966156006 -0.3733260631561279 0.03329217806458473 -0.004360666032880545 0.008275927044451237 0.007555785588920116
1060 -1.084931015968323 -1.087424993515015 -0.4882503151893616 -0.3551995456218719 0.03322002291679382 -0.004549709148705006 0.007884328253567219 0.006928157061338425
1061 -1.09010374546051 -1.094340324401855 -0.5040401220321655 -0.3358020782470703 0.03377371281385422 -0.004203298594802618 0.008102763444185257 0.007047018967568874
1062 -1.09737229347229 -1.103840589523315 -0.5227929353713989 -0.3158594369888306 0.03504852205514908 -0.00325020938180387 0.009007086046040058 0.008015874773263931
1063 -1.10667884349823 -1.115786075592041 -0.5437940359115601 -0.2971443235874176 0.03718339279294014 -0.0015880954451859 0.01070739515125751 0.009965779259800911
1064 -1.117925643920898 -1.129833221435547 -0.566225528717041 -0.2817836701869965 0.04009564965963364 0.0007533065509051085 0.01320912502706051 0.01293856929987669
1065 -1.130925297737122 -1.145517349243164 -0.5894066095352173 -0.2709670960903168 0.04382901266217232 0.00381090585142374 0.01654365286231041 0.0169783141463995
1066 -1.145151138305664 -1.162307977676392 -0.6129705905914307 -0.26446932554245 0.0482596680521965 0.007467747200280428 0.02059656567871571 0.02197981625795364
1067 -1.160211443901062 -1.17955482006073 -0.6362413167953491 -0.2608985602855682 0.0532764345407486 0.01164088118821383 0.02526821941137314 0.0278216153383255
1068 -1.175679683685303 -1.196816921234131 -0.6586686372756958 -0.258834183216095 0.05877673998475075 0.01623992994427681 0.03047327511012554 0.03440262749791145
1069 -1.19099760055542 -1.213410973548889 -0.6795735359191895 -0.2579962313175201 0.06446830928325653 0.02104504778981209 0.03596078976988792 0.04140111058950424
1070 -1.205697298049927 -1.228911995887756 -0.6983669400215149 -0.2582512497901917 0.0703054666519165 0.02598963677883148 0.04161693528294563 0.04860882833600044
1071 -1.219637155532837 -1.243041038513184 -0.7148916721343994 -0.2596165239810944 0.07606466114521027 0.0308851320296526 0.04721944406628609 0.05568550527095795
1072 -1.232319355010986 -1.255502700805664 -0.7289852499961853 -0.2622653543949127 0.08153992146253586 0.03553995117545128 0.05252154916524887 0.06229057908058167
1073 -1.243510961532593 -1.266231417655945 -0.7406446933746338 -0.2660053670406342 0.0865173265337944 0.03974038735032082 0.05725951492786407 0.06810390204191208
1074 -1.253239035606384 -1.275195121765137 -0.7500559091567993 -0.2705095708370209 0.09088682383298874 0.04340259358286858 0.06134368851780891 0.07303953170776367
1075 -1.261429905891418 -1.282506942749023 -0.7574052810668945 -0.2753723561763763 0.09461980313062668 0.04650426656007767 0.06476070731878281 0.07710741460323334
1076 -1.268128991127014 -1.288312196731567 -0.7629373073577881 -0.2803406715393066 0.09768252819776535 0.0490260012447834 0.06751354783773422 0.08034396171569824
1077 -1.273354172706604 -1.292747735977173 -0.7667523622512817 -0.2852114737033844 0.1001670882105827 0.05105137452483177 0.06969087570905685 0.08286395668983459
1078 -1.277350544929504 -1.295975685119629 -0.7689763307571411 -0.289887934923172 0.1021004840731621 0.05261270329356194 0.07135031372308731 0.08474989235401154
1079 -1.280187487602234 -1.298099398612976 -0.7697060108184814 -0.2942223846912384 0.103521004319191 0.05374762415885925 0.07253564894199371 0.08605822175741196
1080 -1.281962990760803 -1.299232244491577 -0.7690508365631104 -0.2981194257736206 0.1044969856739044 0.05451006069779396 0.07330295443534851 0.08685710281133652
1081 -1.282656311988831 -1.29947555065155 -0.7670983076095581 -0.3015650808811188 0.1050508469343185 0.05492231249809265 0.07368110865354538 0.08718427270650864
1082 -1.282549142837524 -1.298923134803772 -0.7638893127441406 -0.3045665323734283 0.1052429601550102 0.05503084883093834 0.07371976226568222 0.08710009604692459
1083 -1.281662583351135 -1.2976233959198 -0.7594380974769592 -0.3072201311588287 0.1051033660769463 0.05486682057380676 0.07345780730247498 0.08665217459201813
1084 -1.280038475990295 -1.295631885528564 -0.7537412643432617 -0.3096407949924469 0.1046708002686501 0.05446214601397514 0.07293251901865005 0.08588816970586777
1085 -1.277612328529358 -1.292971134185791 -0.7467505931854248 -0.3119451403617859 0.1039839461445808 0.05385051295161247 0.07217862457036972 0.08484562486410141
1086 -1.2746422290802 -1.289674639701843 -0.7384076118469238 -0.3143972456455231 0.1030716374516487 0.05305296182632446 0.07122062891721725 0.08355861157178879
1087 -1.271071553230286 -1.285746812820435 -0.7286415100097656 -0.3172712922096252 0.1019495725631714 0.05208829417824745 0.07007936388254166 0.08204977214336395
1088 -1.266906380653381 -1.281181335449219 -0.7173493504524231 -0.3208237886428833 0.1006519198417664 0.05098981410264969 0.06879299879074097 0.08036687225103378
1089 -1.262213349342346 -1.276000022888184 -0.7044798135757446 -0.3252900838851929 0.09919318556785583 0.04976093769073486 0.0673636868596077 0.0785151869058609
1090 -1.25684916973114 -1.270157933235168 -0.690000057220459 -0.3308732807636261 0.09758128225803375 0.04841652885079384 0.06581021100282669 0.07651510834693909
1091 -1.251028537750244 -1.263623714447021 -0.6738641858100891 -0.3376738727092743 0.09583966434001923 0.046971645206213 0.06414841115474701 0.07438668608665466
1092 -1.244647622108459 -1.256346583366394 -0.6559289693832397 -0.3456393480300903 0.09396526962518692 0.04542849212884903 0.06238121911883354 0.07212968170642853
1093 -1.237733960151672 -1.248256921768188 -0.6361276507377625 -0.3546426296234131 0.09197650104761124 0.04380654543638229 0.06052881106734276 0.06976571679115295
1094 -1.230434656143188 -1.239398121833801 -0.6145415306091309 -0.3643756508827209 0.08991072326898575 0.04211172461509705 0.05858614295721054 0.0672864243388176
1095 -1.222569584846497 -1.229680061340332 -0.5914007425308228 -0.3742514252662659 0.08774770051240921 0.04034897312521935 0.05657476559281349 0.0647118017077446
1096 -1.214185833930969 -1.219192028045654 -0.5672593116760254 -0.3838600814342499 0.0854722261428833 0.03852242976427078 0.0544932633638382 0.06204411387443542
1097 -1.205513000488281 -1.207929372787476 -0.5426974296569824 -0.3926135003566742 0.08310574293136597 0.03663415089249611 0.05233924835920334 0.05927722901105881
1098 -1.196461796760559 -1.195996165275574 -0.5183391571044922 -0.3998755216598511 0.08071707189083099 0.03472305834293365 0.05013516917824745 0.05641840398311615
1099 -1.187052607536316 -1.183634400367737 -0.4951882362365723 -0.4054451882839203 0.07826957851648331 0.03275713324546814 0.04785670340061188 0.05344196781516075
1100 -1.177795648574829 -1.171049952507019 -0.4745427072048187 -0.4095553159713745 0.07579836994409561 0.03078809008002281 0.04554841667413712 0.0503959096968174
1101 -1.168689727783203 -1.15859842300415 -0.4579062461853027 -0.4127145409584045 0.07336767762899399 0.02883843891322613 0.04323233291506767 0.04730609431862831
1102 -1.159970045089722 -1.146610498428345 -0.4461402297019958 -0.4156699776649475 0.07098962366580963 0.02691632881760597 0.04090475291013718 0.04415207728743553
1103 -1.15197479724884 -1.135692596435547 -0.4409943819046021 -0.4188539683818817 0.06876502186059952 0.02512312680482864 0.03868208825588226 0.04109001159667969
1104 -1.14517080783844 -1.126614570617676 -0.4433509707450867 -0.4227548837661743 0.06683588027954102 0.02356027998030186 0.03668630868196487 0.03829197213053703
1105 -1.140068173408508 -1.1201251745224 -0.4536070823669434 -0.4270207583904266 0.06528966873884201 0.02232146263122559 0.0350537933409214 0.03596759587526321
1106 -1.136955976486206 -1.116623640060425 -0.4707929790019989 -0.4315864741802216 0.06424530595541 0.0214914083480835 0.03386837616562843 0.03419002518057823
1107 -1.136039972305298 -1.116382360458374 -0.4926078319549561 -0.4354175329208374 0.06368790566921234 0.02105335704982281 0.03312413394451141 0.03297612071037292
1108 -1.137319445610046 -1.119324445724487 -0.516113817691803 -0.4368404448032379 0.06369631737470627 0.02105326019227505 0.03288010135293007 0.03237796574831009
1109 -1.140782117843628 -1.125240564346313 -0.5395656228065491 -0.4334808588027954 0.06409505754709244 0.02134078741073608 0.03297439217567444 0.0322079136967659
1110 -1.146116495132446 -1.134017586708069 -0.5628972053527832 -0.4223350882530212 0.06479047238826752 0.02182495594024658 0.03333456441760063 0.0324060283601284
1111 -1.153246521949768 -1.145512580871582 -0.5875588655471802 -0.3998489677906036 0.06567250192165375 0.02243154682219028 0.03389324620366096 0.03292907029390335
1112 -1.161965608596802 -1.159289598464966 -0.6142569780349731 -0.3645597994327545 0.06678230315446854 0.0231678131967783 0.03467217087745667 0.03386835753917694
1113 -1.171751737594604 -1.174616098403931 -0.6414613127708435 -0.3221930861473083 0.06801820546388626 0.02397995255887508 0.03566514328122139 0.0353081040084362
1114 -1.182259678840637 -1.190389752388 -0.6661102771759033 -0.2843887507915497 0.06954380869865417 0.02507505938410759 0.03713854402303696 0.03764497488737106
1115 -1.192996859550476 -1.205556273460388 -0.6860391497612 -0.2590574622154236 0.07173890620470047 0.0267974529415369 0.03945953771471977 0.04128189012408257
1116 -1.203619599342346 -1.21950101852417 -0.7010730504989624 -0.2467195391654968 0.07462422549724579 0.02922830730676651 0.04272649809718132 0.04624978080391884
1117 -1.213850378990173 -1.232037663459778 -0.7120824456214905 -0.2440591901540756 0.07816078513860703 0.03232055157423019 0.04674628749489784 0.05208725482225418
1118 -1.223434448242188 -1.242921829223633 -0.7200445532798767 -0.2471793591976166 0.08189986646175385 0.03558980673551559 0.05090438574552536 0.05793694034218788
1119 -1.231873631477356 -1.251924633979797 -0.7258602380752563 -0.2539102733135223 0.08545517921447754 0.03870109096169472 0.05479594320058823 0.06324806064367294
1120 -1.238979935646057 -1.259168982505798 -0.7300313711166382 -0.2624739110469818 0.08853322267532349 0.04135216772556305 0.05806123837828636 0.06760605424642563
1121 -1.244702696800232 -1.264804840087891 -0.7328591346740723 -0.2717925310134888 0.09103898704051971 0.04347953200340271 0.06065180897712708 0.07100991904735565
1122 -1.24906051158905 -1.268901109695435 -0.734518826007843 -0.2810980379581451 0.09295973926782608 0.045089952647686 0.06260068714618683 0.07354509830474854
1123 -1.252221703529358 -1.271730184555054 -0.735195517539978 -0.2900732159614563 0.09435103833675385 0.04622242227196693 0.0639539435505867 0.07529676705598831
1124 -1.254181385040283 -1.273380637168884 -0.7348877191543579 -0.2985559701919556 0.09525848180055618 0.04694657400250435 0.06481893360614777 0.07641211152076721
1125 -1.255003809928894 -1.273997068405151 -0.7335431575775146 -0.3065133988857269 0.09572020173072815 0.04729330539703369 0.06524480879306793 0.07697080820798874
1126 -1.254867911338806 -1.273649454116821 -0.7311022877693176 -0.3140063285827637 0.09580209851264954 0.04731972515583038 0.06529972702264786 0.07706279307603836
1127 -1.25381326675415 -1.272466063499451 -0.7275626659393311 -0.3211571276187897 0.09554807841777802 0.04707355052232742 0.06504565477371216 0.07677070051431656
1128 -1.251886963844299 -1.270482659339905 -0.7229243516921997 -0.3280898630619049 0.09498238563537598 0.0465739332139492 0.06451021879911423 0.07613449543714523
1129 -1.249246835708618 -1.267797470092773 -0.717231273651123 -0.3349529206752777 0.09414592385292053 0.04585087671875954 0.0637260228395462 0.07519639283418655
1130 -1.245928287506104 -1.264385104179382 -0.7105355858802795 -0.3419321775436401 0.09305454790592194 0.04493018239736557 0.06273101270198822 0.07400534301996231
1131 -1.241882681846619 -1.26034414768219 -0.7029199004173279 -0.3492066264152527 0.09172626584768295 0.04381761327385902 0.06152740493416786 0.07256840169429779
1132 -1.237205982208252 -1.255699038505554 -0.6944564580917358 -0.3569221198558807 0.09020498394966125 0.04255171120166779 0.06015975028276443 0.07093987613916397
1133 -1.2320636510849 -1.250492215156555 -0.6852166652679443 -0.3652142584323883 0.08850042521953583 0.04113887995481491 0.05863500386476517 0.06912972778081894
1134 -1.226380944252014 -1.244651079177856 -0.6752938628196716 -0.3741546869277954 0.08662678301334381 0.03958166763186455 0.05695794150233269 0.06714607030153275
1135 -1.220030665397644 -1.238251090049744 -0.6648164391517639 -0.3836278915405273 0.08458814769983292 0.03789397701621056 0.05515236407518387 0.06501439213752747
1136 -1.213259935379028 -1.231395483016968 -0.6538779735565186 -0.3935811817646027 0.08235736936330795 0.03607435896992683 0.05321494489908218 0.06273556500673294
1137 -1.206131100654602 -1.224005222320557 -0.6425102949142456 -0.4040185809135437 0.0799865797162056 0.03415254130959511 0.05116301402449608 0.06031833216547966
1138 -1.198524236679077 -1.216146230697632 -0.6307283639907837 -0.4147890508174896 0.07749336957931519 0.03212163597345352 0.04899755865335464 0.05777857825160027
1139 -1.190537571907043 -1.207900762557983 -0.6186370849609375 -0.4256813824176788 0.07490415126085281 0.03001928701996803 0.04676677286624908 0.05516441166400909
1140 -1.182403922080994 -1.199249744415283 -0.6063095331192017 -0.436434268951416 0.07219123095273972 0.02784152142703533 0.04446060582995415 0.05246239528059959
1141 -1.173925876617432 -1.190263390541077 -0.5938109159469604 -0.4468457996845245 0.06945519894361496 0.02563419751822948 0.04210381954908371 0.04968440905213356
1142 -1.165399551391602 -1.181020259857178 -0.5812103748321533 -0.4567075967788696 0.06663701683282852 0.02335830591619015 0.03968477994203568 0.04683278128504753
1143 -1.156805276870728 -1.171609044075012 -0.5685795545578003 -0.4655985832214355 0.06380423903465271 0.02107861265540123 0.03724956884980202 0.04394552111625671
1144 -1.148242950439453 -1.162066459655762 -0.5559678077697754 -0.4731760621070862 0.06100147590041161 0.01882061362266541 0.03483149781823158 0.04106420651078224
1145 -1.139835119247437 -1.152517199516296 -0.5433167219161987 -0.4788891673088074 0.05821176618337631 0.01657838560640812 0.03241205960512161 0.03815886005759239
1146 -1.1315598487854 -1.14302122592926 -0.530633807182312 -0.4822932779788971 0.05547645315527916 0.01435612700879574 0.02999775111675262 0.03523513302206993
1147 -1.123615980148315 -1.133668422698975 -0.5180528163909912 -0.4830500781536102 0.05273613333702087 0.01213586144149303 0.02756986953318119 0.03226684406399727
1148 -1.115911602973938 -1.124533176422119 -0.5057842135429382 -0.4809677004814148 0.05003797635436058 0.009947082959115505 0.02514656260609627 0.02927105315029621
1149 -1.10863471031189 -1.115748047828674 -0.4942304491996765 -0.47577965259552 0.04746168479323387 0.007822751998901367 0.02275772206485271 0.02628898806869984
1150 -1.101901531219482 -1.107455730438232 -0.4837968349456787 -0.4674906134605408 0.04491620138287544 0.005722528323531151 0.02038479223847389 0.02331176027655602
1151 -1.095801949501038 -1.09987473487854 -0.4749216735363007 -0.4566956162452698 0.04250508546829224 0.003724027425050735 0.01809245720505714 0.02041122131049633
1152 -1.090416073799133 -1.093242406845093 -0.4680488705635071 -0.4441471695899963 0.04024137929081917 0.001797855133190751 0.01584946364164352 0.01754954271018505
1153 -1.085965871810913 -1.087762832641602 -0.4635213017463684 -0.4305940866470337 0.0381159745156765 -8.694158168509603e-06 0.01372971013188362 0.01482017152011395
1154 -1.082706093788147 -1.083747267723083 -0.4618669748306274 -0.4165052175521851 0.03626240417361259 -0.001610924256965518 0.01180029287934303 0.01230440568178892
1155 -1.080806016921997 -1.081547260284424 -0.4636337161064148 -0.4018172919750214 0.0347624272108078 -0.002953172195702791 0.01014816015958786 0.01012948341667652
1156 -1.08052384853363 -1.081479549407959 -0.4691108167171478 -0.386161595582962 0.03371253609657288 -0.003936800174415112 0.008884620852768421 0.00843037199229002
1157 -1.082077622413635 -1.083753228187561 -0.47833251953125 -0.3692543804645538 0.03313512727618217 -0.004519421607255936 0.008072751574218273 0.007285855710506439
1158 -1.085672616958618 -1.088623523712158 -0.4913437068462372 -0.3508078753948212 0.03316615149378777 -0.004598959349095821 0.007811958901584148 0.006823589559644461
1159 -1.091348767280579 -1.09612512588501 -0.5078513026237488 -0.3312681615352631 0.03393761813640594 -0.004085536580532789 0.008210395462810993 0.007166791707277298
1160 -1.099093794822693 -1.106200695037842 -0.5271642208099365 -0.3115319013595581 0.03538965806365013 -0.002989455591887236 0.009276799857616425 0.008333771489560604
1161 -1.108919382095337 -1.11868679523468 -0.5485475063323975 -0.2934980094432831 0.03770411759614944 -0.00115816667675972 0.01117398403584957 0.01053241826593876
1162 -1.120592474937439 -1.133080720901489 -0.5711880922317505 -0.2790738940238953 0.0408206433057785 0.001349502708762884 0.01386305317282677 0.01373730972409248
1163 -1.133892416954041 -1.149054408073425 -0.5944865942001343 -0.269317239522934 0.04468700662255287 0.004512014798820019 0.01733575575053692 0.01797048002481461
1164 -1.14831268787384 -1.16599440574646 -0.6180224418640137 -0.2636637985706329 0.04924886673688889 0.008303034119307995 0.0215507484972477 0.02318535558879375
1165 -1.163498878479004 -1.183303833007812 -0.641147255897522 -0.2605140507221222 0.05438225716352463 0.01257657911628485 0.02634545229375362 0.02920350059866905
1166 -1.178988218307495 -1.200487613677979 -0.6633083820343018 -0.2587062120437622 0.0599859282374382 0.01727094687521458 0.03166374191641808 0.0359366163611412
1167 -1.194237351417542 -1.216881155967712 -0.6837997436523438 -0.2580510079860687 0.06570577621459961 0.02210305817425251 0.03719708323478699 0.04300171136856079
1168 -1.208793163299561 -1.232098460197449 -0.7020832300186157 -0.258490651845932 0.0715721994638443 0.02707698009908199 0.04288321360945702 0.05022557452321053
1169 -1.222480535507202 -1.245876669883728 -0.7180815935134888 -0.2600535154342651 0.07727807760238647 0.03192427754402161 0.04842865467071533 0.05721086636185646
1170 -1.234884977340698 -1.257965445518494 -0.7316339015960693 -0.2629704177379608 0.08267643302679062 0.03650350123643875 0.05362178385257721 0.06364719569683075
1171 -1.245810747146606 -1.268322706222534 -0.7427959442138672 -0.2669049501419067 0.08752139657735825 0.04057490080595016 0.05819213762879372 0.06923561543226242
1172 -1.255175232887268 -1.276909589767456 -0.7517423629760742 -0.2715148627758026 0.0917523130774498 0.0441223606467247 0.06214087828993797 0.07399113476276398
1173 -1.26304817199707 -1.283898115158081 -0.7587008476257324 -0.2764072120189667 0.09534338861703873 0.04710174351930618 0.06541572511196136 0.07787902653217316
1174 -1.269435286521912 -1.289398550987244 -0.763863742351532 -0.2813653647899628 0.09828191995620728 0.04951483011245728 0.06803857535123825 0.08095158636569977
1175 -1.274340987205505 -1.293551445007324 -0.7673321962356567 -0.2861959040164948 0.1006332114338875 0.05143169686198235 0.07009793817996979 0.08332855999469757
1176 -1.278074622154236 -1.296536922454834 -0.7692360877990723 -0.2908008396625519 0.1024556308984756 0.05289997160434723 0.07165295630693436 0.08508605509996414
1177 -1.280681252479553 -1.298447489738464 -0.7696729898452759 -0.295048326253891 0.1037843152880669 0.05395738035440445 0.07274841517210007 0.08628220856189728
1178 -1.282245397567749 -1.299388885498047 -0.768746018409729 -0.2988460659980774 0.104665994644165 0.05464106053113937 0.07342863827943802 0.0869760736823082
1179 -1.282745003700256 -1.299452781677246 -0.7665282487869263 -0.3021785914897919 0.1051387786865234 0.05498441681265831 0.07372914254665375 0.08720891177654266
1180 -1.282460927963257 -1.298739314079285 -0.7630622386932373 -0.3050904870033264 0.105256162583828 0.05503115430474281 0.07370027899742126 0.08704373985528946
1181 -1.281415700912476 -1.297293901443481 -0.7583582401275635 -0.3076739907264709 0.1050575003027916 0.05481868609786034 0.07338394224643707 0.08652928471565247
1182 -1.279642462730408 -1.295160174369812 -0.7523913979530334 -0.3100472092628479 0.1045676469802856 0.05436690896749496 0.0728071853518486 0.08570345491170883
1183 -1.277078986167908 -1.292360544204712 -0.7451223134994507 -0.3123527765274048 0.1038350760936737 0.05371781438589096 0.07201047241687775 0.08460772782564163
1184 -1.27397358417511 -1.288936853408813 -0.7364929914474487 -0.3148781061172485 0.1028753221035004 0.05288268253207207 0.07101232558488846 0.08327330648899078
1185 -1.270275950431824 -1.284869909286499 -0.7264026403427124 -0.3178716003894806 0.1017205268144608 0.05189311876893044 0.06984414160251617 0.08173277974128723
1186 -1.266003966331482 -1.280180215835571 -0.7147890329360962 -0.3216018080711365 0.1003800928592682 0.05075873807072639 0.0685189813375473 0.08000598102807999
1187 -1.261187076568604 -1.274855613708496 -0.7015811204910278 -0.3262954652309418 0.09888584166765213 0.04950315877795219 0.06706235557794571 0.07812196761369705
1188 -1.255801558494568 -1.268859505653381 -0.6867812871932983 -0.3321362137794495 0.09724942594766617 0.04814047366380692 0.06548689305782318 0.07609231770038605
1189 -1.249908685684204 -1.262188315391541 -0.6702994108200073 -0.3391976952552795 0.09548267722129822 0.04667885601520538 0.06380707770586014 0.07394151389598846
1190 -1.24343204498291 -1.254753589630127 -0.6519745588302612 -0.3474070727825165 0.09359698742628098 0.04512898623943329 0.06203155219554901 0.07167338579893112
1191 -1.236406207084656 -1.246501445770264 -0.6317931413650513 -0.3566239178180695 0.09157057851552963 0.04347516968846321 0.06014581024646759 0.06927225738763809
1192 -1.228945970535278 -1.237452387809753 -0.609837532043457 -0.366345077753067 0.08947701752185822 0.04175765067338943 0.05817603692412376 0.06675727665424347
1193 -1.220955729484558 -1.227563738822937 -0.5864593982696533 -0.3762087523937225 0.08729763329029083 0.03998542204499245 0.05615561082959175 0.064171202480793
1194 -1.212435483932495 -1.216901063919067 -0.5621806383132935 -0.3857198357582092 0.0850142166018486 0.03815803304314613 0.05407281592488289 0.06149737909436226
1195 -1.203668475151062 -1.205497860908508 -0.5375858545303345 -0.3942139148712158 0.08262555301189423 0.03625181317329407 0.05189623311161995 0.05869752541184425
1196 -1.194555044174194 -1.193458557128906 -0.5133925080299377 -0.4011822640895844 0.08024103194475174 0.03434603288769722 0.04969379305839539 0.05583455786108971
1197 -1.185123324394226 -1.181046843528748 -0.4907077550888062 -0.4063944220542908 0.07777491211891174 0.0323667973279953 0.0474051870405674 0.05284735560417175
1198 -1.175861835479736 -1.168444395065308 -0.4707328081130981 -0.4102071523666382 0.07530074566602707 0.03039432875812054 0.04508638381958008 0.0497780442237854
1199 -1.166908502578735 -1.156059741973877 -0.4549401700496674 -0.413330465555191 0.07290622591972351 0.02846539951860905 0.04277109354734421 0.04666975885629654
1200 -1.158269166946411 -1.144222736358643 -0.4443788528442383 -0.4162995219230652 0.07053659111261368 0.02655220031738281 0.04045425355434418 0.0435282476246357
1201 -1.150430798530579 -1.133612394332886 -0.4407344460487366 -0.4195363819599152 0.06834989786148071 0.02478775754570961 0.03825622051954269 0.04049045220017433
1202 -1.143966436386108 -1.1249920129776 -0.4448033571243286 -0.4234475791454315 0.06645551323890686 0.02325060591101646 0.0362892858684063 0.03773382678627968
1203 -1.139202952384949 -1.119078159332275 -0.4566735625267029 -0.4277453124523163 0.06499448418617249 0.02208292856812477 0.03473183140158653 0.03549852594733238
1204 -1.136489629745483 -1.116234183311462 -0.4750617146492004 -0.4323289096355438 0.06405157595872879 0.02133504673838615 0.03364156559109688 0.03384533524513245
1205 -1.136122465133667 -1.116641998291016 -0.4973788261413574 -0.4357442259788513 0.06364728510379791 0.02101600728929043 0.03302201256155968 0.03278027102351189
1206 -1.137807250022888 -1.120200395584106 -0.5209140777587891 -0.4363131821155548 0.06373301893472672 0.02107621543109417 0.03285877034068108 0.0322943851351738
1207 -1.14162540435791 -1.126691341400146 -0.5441945195198059 -0.431516170501709 0.06418730318546295 0.02140048891305923 0.03300236910581589 0.03219196200370789
1208 -1.147380590438843 -1.1360023021698 -0.5674958229064941 -0.4183245301246643 0.06491491198539734 0.02189856395125389 0.03338875621557236 0.03243434056639671
1209 -1.154744267463684 -1.147939324378967 -0.5925464034080505 -0.3933241367340088 0.06583893299102783 0.02253415063023567 0.03399274498224258 0.03302903100848198
1210 -1.163726210594177 -1.162156820297241 -0.6195545792579651 -0.3559919893741608 0.06696002185344696 0.02327079139649868 0.03479339554905891 0.03404471278190613
1211 -1.173792004585266 -1.177697658538818 -0.6465004086494446 -0.3136896193027496 0.06827613711357117 0.02415698766708374 0.0359073244035244 0.03569795191287994
1212 -1.184357523918152 -1.193391084671021 -0.6702817678451538 -0.2780041992664337 0.06990693509578705 0.02534638717770576 0.03750699013471603 0.03823613375425339
1213 -1.195102691650391 -1.208395600318909 -0.6892293691635132 -0.2554406225681305 0.07225644588470459 0.02722801081836224 0.04004796966910362 0.0421941727399826
1214 -1.205744385719299 -1.22208034992218 -0.7033874988555908 -0.2453591972589493 0.07529981434345245 0.02981226146221161 0.04349272698163986 0.04738328233361244
1215 -1.215821981430054 -1.234245419502258 -0.7136545181274414 -0.244113489985466 0.07889306545257568 0.03294865787029266 0.04755140841007233 0.05324554443359375
1216 -1.225144505500793 -1.244765400886536 -0.7211271524429321 -0.2481349855661392 0.0826137587428093 0.03621017560362816 0.0516907125711441 0.05902926251292229
1217 -1.233371257781982 -1.253390550613403 -0.726565957069397 -0.2553748786449432 0.08608802407979965 0.0392480343580246 0.05547567829489708 0.06415972113609314
1218 -1.240230679512024 -1.260291218757629 -0.7304468750953674 -0.2641395926475525 0.08903159946203232 0.04177481308579445 0.05858588963747025 0.06830399483442307
1219 -1.24566113948822 -1.265597820281982 -0.7330278158187866 -0.2734755277633667 0.0914192795753479 0.0437963679432869 0.06103847920894623 0.07151270657777786
1220 -1.249799132347107 -1.269476294517517 -0.7345037460327148 -0.2827243804931641 0.09324245899915695 0.04531063139438629 0.06285455822944641 0.07386705279350281
1221 -1.252730488777161 -1.272053003311157 -0.7350059747695923 -0.2916041612625122 0.09452123939990997 0.0463503897190094 0.06409929692745209 0.07548059523105621
1222 -1.254402279853821 -1.273488521575928 -0.7345287799835205 -0.2999730408191681 0.09533157199621201 0.04699504747986794 0.06487476825714111 0.076485276222229
1223 -1.25500750541687 -1.273911476135254 -0.7330023050308228 -0.3078189194202423 0.09570769965648651 0.04727141186594963 0.06522426754236221 0.07695166766643524
1224 -1.254631996154785 -1.273425102233887 -0.730391263961792 -0.3152270317077637 0.09572559595108032 0.04724504426121712 0.06521639972925186 0.07696272432804108
1225 -1.253426074981689 -1.272092342376709 -0.7266794443130493 -0.32232666015625 0.09541228413581848 0.04694908484816551 0.06490623950958252 0.07660224288702011
1226 -1.251406073570251 -1.269992828369141 -0.7218872308731079 -0.329224556684494 0.09479423612356186 0.04640883952379227 0.06432885676622391 0.07591728121042252
1227 -1.248654961585999 -1.267159700393677 -0.7160408496856689 -0.3360692262649536 0.09390971064567566 0.04564964771270752 0.06350851804018021 0.07493782788515091
1228 -1.245140910148621 -1.263668775558472 -0.7092142105102539 -0.3430571854114532 0.09278418868780136 0.04470142722129822 0.06248285621404648 0.07370960712432861
1229 -1.241014361381531 -1.259530663490295 -0.7014693021774292 -0.3503915965557098 0.09142313897609711 0.04356184601783752 0.06124960631132126 0.07223798334598541
1230 -1.236309766769409 -1.254814386367798 -0.6929043531417847 -0.358174204826355 0.08987065404653549 0.04226947948336601 0.05985241755843163 0.07057566940784454
1231 -1.231095671653748 -1.249486207962036 -0.6835818886756897 -0.3665477335453033 0.08813146501779556 0.04083020240068436 0.05830111354589462 0.06873590499162674
1232 -1.225253701210022 -1.243595361709595 -0.6736132502555847 -0.3755478858947754 0.08623682707548141 0.03925782442092896 0.05660992860794067 0.0667375847697258
1233 -1.218852758407593 -1.237125754356384 -0.6630859971046448 -0.385086327791214 0.08417664468288422 0.03755289316177368 0.05478628724813461 0.06458531320095062
1234 -1.212027430534363 -1.230188965797424 -0.6520934700965881 -0.3951252996921539 0.08191146701574326 0.03570310771465302 0.05281361192464828 0.06226533651351929
1235 -1.204806327819824 -1.222747206687927 -0.6406850814819336 -0.4056129157543182 0.07952101528644562 0.03376698866486549 0.05075372755527496 0.05984504893422127
1236 -1.197170615196228 -1.21483039855957 -0.6288834810256958 -0.4163894355297089 0.07701250910758972 0.03172865137457848 0.04858298227190971 0.05729992687702179
1237 -1.189195036888123 -1.206536650657654 -0.6167894601821899 -0.4272461235523224 0.07440159469842911 0.02960655838251114 0.04633207619190216 0.05466447398066521
1238 -1.181006193161011 -1.197865009307861 -0.6044690608978271 -0.4379216730594635 0.0716874897480011 0.02742944844067097 0.04402507096529007 0.05195937305688858
1239 -1.172548532485962 -1.18884801864624 -0.5919855833053589 -0.4482233822345734 0.06892402470111847 0.02520069479942322 0.041651651263237 0.04916830360889435
1240 -1.163984537124634 -1.179592490196228 -0.5794128179550171 -0.4579459428787231 0.06611670553684235 0.02293367870151997 0.0392400249838829 0.04632190242409706
1241 -1.155428767204285 -1.170165061950684 -0.5668522119522095 -0.4666379392147064 0.06330464035272598 0.02067436091601849 0.03682457283139229 0.04345438256859779
1242 -1.146906018257141 -1.160675883293152 -0.5542821288108826 -0.4738961458206177 0.06050319597125053 0.01841438561677933 0.03440337628126144 0.04056883230805397
1243 -1.138547897338867 -1.151131153106689 -0.5416173338890076 -0.4792861938476562 0.05770185217261314 0.01616430096328259 0.03198006376624107 0.03765758872032166
1244 -1.130326747894287 -1.141656637191772 -0.5289638042449951 -0.4823530316352844 0.05499223247170448 0.01396254450082779 0.02958017028868198 0.03474279120564461
1245 -1.122419953346252 -1.132371544837952 -0.5164490938186646 -0.4827859997749329 0.05228521302342415 0.01176680438220501 0.02717331610620022 0.03179477900266647
1246 -1.114800810813904 -1.123294591903687 -0.5042816996574402 -0.4803217649459839 0.04960233345627785 0.009590129368007183 0.02476196549832821 0.02881324663758278
1247 -1.107603311538696 -1.114567875862122 -0.4928819835186005 -0.474730372428894 0.04704231023788452 0.007478078361600637 0.02238314412534237 0.025838328525424
1248 -1.100947618484497 -1.106399536132812 -0.4826695919036865 -0.4660230875015259 0.04452625662088394 0.005397930275648832 0.02002348378300667 0.02287021838128567
1249 -1.094969034194946 -1.098979711532593 -0.4740823209285736 -0.4549724757671356 0.0421607680618763 0.003434844315052032 0.01776370778679848 0.02000406943261623
1250 -1.089762926101685 -1.092523097991943 -0.4675487577915192 -0.442261666059494 0.03993159532546997 0.001538158394396305 0.01555430982261896 0.01718365401029587
1251 -1.085516810417175 -1.087257742881775 -0.4633923768997192 -0.4286032319068909 0.03785073384642601 -0.000238141423324123 0.0134601891040802 0.01448155660182238
1252 -1.082428336143494 -1.083462357521057 -0.4621420502662659 -0.4144608974456787 0.03602983057498932 -0.001817430602386594 0.01155354082584381 0.01199224777519703
1253 -1.080714106559753 -1.081519722938538 -0.464333713054657 -0.3996825218200684 0.0345848836004734 -0.00311484164558351 0.009953686036169529 0.009882098063826561
1254 -1.080661773681641 -1.081759572029114 -0.4702529907226562 -0.3838940560817719 0.03359870240092278 -0.004045067355036736 0.008747248910367489 0.008249036036431789
1255 -1.082510948181152 -1.084403991699219 -0.4799557328224182 -0.3667976260185242 0.03311078622937202 -0.004553993232548237 0.008015244267880917 0.007202853914350271
1256 -1.086395502090454 -1.089632987976074 -0.4934428334236145 -0.3481724262237549 0.03323920071125031 -0.004557682666927576 0.007835420779883862 0.006837073713541031
1257 -1.092348694801331 -1.097476005554199 -0.5103633403778076 -0.328560084104538 0.0340687595307827 -0.003997695166617632 0.008287250995635986 0.007243345957249403
1258 -1.100406050682068 -1.107875466346741 -0.529961884021759 -0.3088990151882172 0.03563394024968147 -0.002802660223096609 0.009470930323004723 0.008558453992009163
1259 -1.110453605651855 -1.120629191398621 -0.5515232086181641 -0.2913216054439545 0.03807512298226357 -0.0008654305711388588 0.01148715708404779 0.0109060388058424
1260 -1.122372627258301 -1.135257005691528 -0.5742753744125366 -0.2774219512939453 0.04126740247011185 0.001702824141830206 0.01424589660018682 0.01420494355261326
1261 -1.135808110237122 -1.151346206665039 -0.5976200103759766 -0.2682181596755981 0.04523703828454018 0.00496423477306962 0.01783585734665394 0.01858329772949219
1262 -1.1502845287323 -1.1683429479599 -0.6211086511611938 -0.2630012631416321 0.04987304657697678 0.008817305788397789 0.02212946861982346 0.02391042560338974
1263 -1.165532231330872 -1.18565046787262 -0.6440900564193726 -0.2600342631340027 0.05510235205292702 0.01317721232771873 0.02702043764293194 0.0300452783703804
1264 -1.181028127670288 -1.202746033668518 -0.6660473942756653 -0.2584289610385895 0.06073408573865891 0.01789190992712975 0.03236100822687149 0.03681690990924835
1265 -1.19623339176178 -1.218993544578552 -0.6862375736236572 -0.2579385638237 0.06650654226541519 0.02277423813939095 0.03794408589601517 0.04394657164812088
1266 -1.21067476272583 -1.234010696411133 -0.7042267918586731 -0.2585626840591431 0.0723520815372467 0.0277307815849781 0.04361146688461304 0.05114327371120453
1267 -1.224191904067993 -1.247554302215576 -0.7198998332023621 -0.2603060603141785 0.07801679521799088 0.0325455479323864 0.0491204559803009 0.05807111412286758
1268 -1.236415147781372 -1.25942325592041 -0.7331466674804688 -0.2633775770664215 0.08331456035375595 0.03703596815466881 0.05422119796276093 0.06439283490180969
1269 -1.24712336063385 -1.269521832466125 -0.7440173625946045 -0.2674113810062408 0.08809162676334381 0.04104992747306824 0.05872257053852081 0.06988325715065002
1270 -1.25627601146698 -1.277881264686584 -0.7526987791061401 -0.2720855176448822 0.09223560988903046 0.04452310502529144 0.06258523464202881 0.07452494651079178
1271 -1.263917326927185 -1.284643292427063 -0.7594066858291626 -0.2769926190376282 0.09572514891624451 0.04741398245096207 0.06575694680213928 0.07828129082918167
1272 -1.270125269889832 -1.289971947669983 -0.7643534541130066 -0.2819518148899078 0.09860867261886597 0.04978364706039429 0.06832950562238693 0.08128552883863449
1273 -1.274879693984985 -1.29397976398468 -0.7676241397857666 -0.2867689430713654 0.1008890643715858 0.05163965374231339 0.07031948864459991 0.08357708156108856
1274 -1.278461933135986 -1.296824812889099 -0.7693359851837158 -0.2913299202919006 0.1026500016450882 0.05305572971701622 0.07181402295827866 0.08525991439819336
1275 -1.280934691429138 -1.298610687255859 -0.7695932984352112 -0.2955129444599152 0.103916734457016 0.05406076088547707 0.0728529617190361 0.08639048039913177
1276 -1.282370686531067 -1.299436807632446 -0.7684969902038574 -0.2992526888847351 0.1047413572669029 0.05469661951065063 0.07348067313432693 0.08702203631401062
1277 -1.282753348350525 -1.299396157264709 -0.7661183476448059 -0.3025298118591309 0.1051693186163902 0.05500292405486107 0.07373927533626556 0.08720359951257706
1278 -1.282368898391724 -1.298587799072266 -0.7624931931495667 -0.3053932189941406 0.1052464991807938 0.05501516163349152 0.07367027550935745 0.08698887377977371
1279 -1.281221628189087 -1.297051310539246 -0.7576291561126709 -0.307939887046814 0.1050032302737236 0.05476638302206993 0.0733148604631424 0.08642759174108505
1280 -1.279359459877014 -1.294832825660706 -0.7514968514442444 -0.3102949857711792 0.1044829189777374 0.05428918823599815 0.0727083683013916 0.08556458353996277
1281 -1.276729941368103 -1.291946172714233 -0.7440434098243713 -0.3126094341278076 0.1037208139896393 0.05361622199416161 0.07188716530799866 0.08444131910800934
1282 -1.273529887199402 -1.288437008857727 -0.7352304458618164 -0.3151796162128448 0.1027349904179573 0.05276100337505341 0.07086732983589172 0.08307982981204987
1283 -1.269752025604248 -1.284292459487915 -0.7249511480331421 -0.3182539343833923 0.1015507355332375 0.05174754187464714 0.06967383623123169 0.08150992542505264
1284 -1.265401482582092 -1.279518246650696 -0.7131332159042358 -0.3220940232276917 0.1001933142542839 0.05060065910220146 0.0683337077498436 0.07976284623146057
1285 -1.260515689849854 -1.27411413192749 -0.6997214555740356 -0.3269211053848267 0.09868175536394119 0.04933254420757294 0.06686373054981232 0.07786321640014648
1286 -1.255068421363831 -1.268028259277344 -0.6847033500671387 -0.3329154849052429 0.09701763093471527 0.04794643074274063 0.06526532024145126 0.07580906897783279
1287 -1.249108552932739 -1.261265397071838 -0.6679984331130981 -0.3401132822036743 0.09522692859172821 0.0464649423956871 0.06356373429298401 0.07363353669643402
1288 -1.24256432056427 -1.253731966018677 -0.649444580078125 -0.3484562039375305 0.09334399551153183 0.04491982981562614 0.06178931891918182 0.0713621973991394
1289 -1.235509514808655 -1.24538791179657 -0.6290274262428284 -0.3577765822410583 0.09130790084600449 0.04325778037309647 0.05989179760217667 0.06894419342279434
1290 -1.22797703742981 -1.23621141910553 -0.6068572998046875 -0.3675464987754822 0.0891992598772049 0.04153622686862946 0.05792227014899254 0.06642893701791763
1291 -1.219870209693909 -1.226205110549927 -0.5833326578140259 -0.377407968044281 0.08700349926948547 0.0397496372461319 0.0558866485953331 0.06382402032613754
1292 -1.2112637758255 -1.215437769889832 -0.5589661598205566 -0.3867912590503693 0.0846979171037674 0.03790422156453133 0.05378280952572823 0.06112327054142952
1293 -1.202427744865417 -1.203936219215393 -0.5343546867370605 -0.3951396644115448 0.08229582011699677 0.03598747029900551 0.05159174278378487 0.05830247700214386
1294 -1.193298935890198 -1.191809773445129 -0.5102314949035645 -0.4019123017787933 0.07990407943725586 0.03407525271177292 0.04938393086194992 0.05543474107980728
1295 -1.183867692947388 -1.179363965988159 -0.4878186583518982 -0.4069280326366425 0.07746703177690506 0.03212028369307518 0.04711198061704636 0.05245938897132874
1296 -1.174652695655823 -1.166820168495178 -0.4683867990970612 -0.4105856418609619 0.07498955726623535 0.03014810383319855 0.04479429498314857 0.04938636347651482
1297 -1.165726661682129 -1.154482364654541 -0.4531821310520172 -0.4136495888233185 0.07257991284132004 0.02820415236055851 0.04245592281222343 0.04624143242835999
1298 -1.157205820083618 -1.142792224884033 -0.4435423016548157 -0.4166374802589417 0.07024276256561279 0.02631443366408348 0.0401545912027359 0.0431092269718647
1299 -1.149563431739807 -1.132425427436829 -0.440958559513092 -0.4200010895729065 0.06810180842876434 0.02458183839917183 0.03798235952854156 0.04010049998760223
1300 -1.143346309661865 -1.124154448509216 -0.446147084236145 -0.4239502251148224 0.06626845896244049 0.02309902384877205 0.03608264774084091 0.03743357211351395
1301 -1.138820767402649 -1.118618488311768 -0.459052562713623 -0.4283156096935272 0.06489241868257523 0.02200296334922314 0.03459738567471504 0.03528398275375366
1302 -1.136421799659729 -1.116231679916382 -0.4781758785247803 -0.4328572750091553 0.06403207033872604 0.02132148295640945 0.03358113393187523 0.03372092917561531
1303 -1.136345267295837 -1.117087125778198 -0.5008248090744019 -0.4360857307910919 0.06365343928337097 0.02102011814713478 0.03299000114202499 0.03269784897565842
1304 -1.138333201408386 -1.121077299118042 -0.5243849754333496 -0.4360962212085724 0.06380392611026764 0.02112967893481255 0.03288482874631882 0.03228443488478661
1305 -1.142434120178223 -1.127985000610352 -0.5476088523864746 -0.4303043782711029 0.06433334946632385 0.0215142909437418 0.03309939056634903 0.03227127343416214
1306 -1.14847993850708 -1.137690782546997 -0.5710386037826538 -0.4156182110309601 0.06510248780250549 0.02203656733036041 0.03352139890193939 0.03256765753030777
1307 -1.156099081039429 -1.149968028068542 -0.5964169502258301 -0.3887569308280945 0.06605615466833115 0.0226861797273159 0.03414588794112206 0.0332077294588089
1308 -1.1652010679245 -1.164402842521667 -0.6235345602035522 -0.3500199615955353 0.06716824322938919 0.02341040037572384 0.03494942188262939 0.03425515070557594
1309 -1.175361633300781 -1.180032014846802 -0.650144636631012 -0.3079964816570282 0.06849342584609985 0.02430302649736404 0.03609070926904678 0.03597831353545189
1310 -1.185912370681763 -1.195630311965942 -0.6732620000839233 -0.2739875614643097 0.07018791139125824 0.02556445077061653 0.03780930116772652 0.03871536254882812
1311 -1.196650743484497 -1.210447788238525 -0.6915059089660645 -0.2533296346664429 0.07265428453683853 0.02756141312420368 0.0404951423406601 0.04287306591868401
1312 -1.207295060157776 -1.223946809768677 -0.7050535082817078 -0.2447988241910934 0.0758584588766098 0.03029286675155163 0.04409283772110939 0.04823200404644012
1313 -1.217268586158752 -1.235881328582764 -0.7148387432098389 -0.2444575130939484 0.07946565747261047 0.03345217928290367 0.0481855720281601 0.05412520468235016
1314 -1.226400256156921 -1.246102809906006 -0.7219414710998535 -0.2490229159593582 0.08316663652658463 0.03669392690062523 0.05228973180055618 0.05983448028564453
1315 -1.234339714050293 -1.254436612129211 -0.727077841758728 -0.256514310836792 0.08650301396846771 0.03960187360644341 0.05592456087470055 0.06477130949497223
1316 -1.240999341011047 -1.261084079742432 -0.7307257652282715 -0.2653859853744507 0.08938280493021011 0.0420730784535408 0.05895145237445831 0.06878135353326797
1317 -1.246293663978577 -1.266173601150513 -0.7331104874610901 -0.274705171585083 0.09169274568557739 0.04402249678969383 0.06130991876125336 0.07186232507228851
1318 -1.250211715698242 -1.269844770431519 -0.7344300746917725 -0.2839011549949646 0.09344509989023209 0.04547667503356934 0.06305015087127686 0.07411370426416397
1319 -1.252930879592896 -1.272248387336731 -0.7347861528396606 -0.2927132546901703 0.0946369543671608 0.04644287005066872 0.06421206891536713 0.07562293112277985
1320 -1.254509806632996 -1.2735276222229 -0.7341500520706177 -0.3009922504425049 0.09539002180099487 0.04703482985496521 0.06492076069116592 0.07654126733541489
1321 -1.254977822303772 -1.273810863494873 -0.7324800491333008 -0.308779388666153 0.0957062840461731 0.04726161807775497 0.06521283090114594 0.0769357830286026
1322 -1.254469394683838 -1.273191094398499 -0.7297096252441406 -0.3161317706108093 0.09567087143659592 0.04719262942671776 0.06515823304653168 0.07689012587070465
1323 -1.253127336502075 -1.271734595298767 -0.725846529006958 -0.3232105374336243 0.09530749171972275 0.04685564339160919 0.06480199098587036 0.07647276669740677
1324 -1.250945806503296 -1.26951789855957 -0.720908522605896 -0.3301008641719818 0.09465146064758301 0.04628632962703705 0.06419115513563156 0.07574491202831268
1325 -1.248061895370483 -1.266601085662842 -0.7149238586425781 -0.3369768261909485 0.09372511506080627 0.04549116268754005 0.06333000957965851 0.07471583038568497
1326 -1.244502902030945 -1.263023376464844 -0.7079685926437378 -0.3440189063549042 0.09256009012460709 0.04451016709208488 0.06226937845349312 0.07344796508550644
1327 -1.240301012992859 -1.258802056312561 -0.7001076936721802 -0.3514263927936554 0.09117543697357178 0.04335507750511169 0.06102349236607552 0.07196438312530518
1328 -1.235482335090637 -1.254002213478088 -0.6914429664611816 -0.3593135476112366 0.08958902955055237 0.04203618690371513 0.05960081145167351 0.07027415186166763
1329 -1.23017430305481 -1.248600721359253 -0.6820241212844849 -0.36780646443367 0.08784757554531097 0.0405973456799984 0.05804783850908279 0.0684298649430275
1330 -1.224305868148804 -1.242629647254944 -0.6719819307327271 -0.3768993318080902 0.08590821921825409 0.03898806869983673 0.05632106959819794 0.06639382988214493
1331 -1.217842578887939 -1.236076831817627 -0.6613772511482239 -0.3865038752555847 0.08381699770689011 0.03725829720497131 0.05447304248809814 0.06421536207199097
1332 -1.211032390594482 -1.229065418243408 -0.6503151655197144 -0.3966151475906372 0.08154880255460739 0.03540905192494392 0.05250247195363045 0.0618969202041626
1333 -1.203702807426453 -1.22153639793396 -0.6388360261917114 -0.4071896374225616 0.07914454489946365 0.03346584364771843 0.05043479427695274 0.05946588516235352
1334 -1.195973515510559 -1.213554859161377 -0.6269822716712952 -0.418025016784668 0.07662366330623627 0.0314156599342823 0.04824989661574364 0.05690395832061768
1335 -1.188019990921021 -1.205217599868774 -0.6148651838302612 -0.4288985133171082 0.07399703562259674 0.02928254567086697 0.04598978906869888 0.05426028370857239
1336 -1.179748296737671 -1.196481943130493 -0.6025137901306152 -0.4395455121994019 0.07127881795167923 0.02710408717393875 0.04368115589022636 0.05155368894338608
1337 -1.171301484107971 -1.187423706054688 -0.5900099277496338 -0.4497925341129303 0.06852421909570694 0.02488355338573456 0.04131118953227997 0.04876028746366501
1338 -1.162703037261963 -1.178159236907959 -0.5774945616722107 -0.4593464732170105 0.06570492684841156 0.02260757423937321 0.03889189288020134 0.04590564221143723
1339 -1.154190540313721 -1.168724775314331 -0.5649410486221313 -0.467818558216095 0.06289409846067429 0.02034331485629082 0.03646643087267876 0.04302367940545082
1340 -1.145681738853455 -1.159198999404907 -0.5523536801338196 -0.4748219549655914 0.06011868268251419 0.01810694299638271 0.03406602516770363 0.04015636071562767
1341 -1.137265205383301 -1.149647355079651 -0.539680004119873 -0.479877382516861 0.05733443424105644 0.0158689096570015 0.0316481813788414 0.03724450990557671
1342 -1.129127502441406 -1.140219330787659 -0.5270416736602783 -0.4825622141361237 0.05461310595273972 0.01365339662879705 0.02923270873725414 0.03431081399321556
1343 -1.12127423286438 -1.13096010684967 -0.5145636200904846 -0.4825337827205658 0.05187931656837463 0.01143632456660271 0.02680597268044949 0.03133893758058548
1344 -1.113692164421082 -1.121921062469482 -0.5024604201316833 -0.4795734882354736 0.04920273274183273 0.00926121324300766 0.02438885532319546 0.0283446479588747
1345 -1.106578469276428 -1.113272309303284 -0.4911708533763885 -0.4735237061977386 0.04665618389844894 0.007157155312597752 0.02201390825212002 0.02537015825510025
1346 -1.100015163421631 -1.105190753936768 -0.4811298847198486 -0.4644699692726135 0.04417021200060844 0.005100252572447062 0.01967771351337433 0.02242948301136494
1347 -1.094125032424927 -1.097890853881836 -0.4728148579597473 -0.4531675577163696 0.04180450737476349 0.003136167302727699 0.01741787977516651 0.01956243813037872
1348 -1.089045763015747 -1.09161376953125 -0.4666208028793335 -0.4402953386306763 0.03959589451551437 0.001253860304132104 0.01521979551762342 0.01675177924335003
1349 -1.084934830665588 -1.086524605751038 -0.4628570973873138 -0.4265052676200867 0.0375421978533268 -0.0005030540633015335 0.01314517762511969 0.01407201588153839
1350 -1.08205246925354 -1.082979440689087 -0.4620949625968933 -0.4122975766658783 0.03578482940793037 -0.002030556788668036 0.01129355281591415 0.01164727192372084
1351 -1.080571055412292 -1.081331729888916 -0.4648540318012238 -0.3974283635616302 0.0344015434384346 -0.003282694844529033 0.009738554246723652 0.009591058827936649
1352 -1.080787420272827 -1.081943154335022 -0.4714161157608032 -0.3814568221569061 0.0334920659661293 -0.004147961735725403 0.008604787290096283 0.008048289455473423
1353 -1.082949638366699 -1.084991574287415 -0.4817426800727844 -0.3641226589679718 0.03307420015335083 -0.004601132124662399 0.007939228788018227 0.007089568302035332
1354 -1.0871422290802 -1.090616703033447 -0.495775580406189 -0.3452670574188232 0.03331590071320534 -0.004508963320404291 0.007862517610192299 0.006842725910246372
1355 -1.093401670455933 -1.098848938941956 -0.5131661295890808 -0.3255378305912018 0.03427986800670624 -0.003837982891127467 0.008435459807515144 0.007397798355668783
1356 -1.101793885231018 -1.109644293785095 -0.5331401824951172 -0.3060395419597626 0.03598810732364655 -0.002524208277463913 0.009751305915415287 0.00887629110366106
1357 -1.112178325653076 -1.122722029685974 -0.5549378395080566 -0.288923978805542 0.03855973109602928 -0.0004729605279862881 0.01190026476979256 0.01138988509774208
1358 -1.124319434165955 -1.137596487998962 -0.5778300762176514 -0.2756928205490112 0.04183186963200569 0.002162456978112459 0.01474568992853165 0.0148092694580555
1359 -1.137923955917358 -1.153844833374023 -0.6012212038040161 -0.2671765983104706 0.04591396450996399 0.005516801960766315 0.0184462983161211 0.01933701708912849
1360 -1.152665257453918 -1.170998334884644 -0.6247529983520508 -0.2624531388282776 0.05065105855464935 0.00945919007062912 0.02284480631351471 0.02480621822178364
1361 -1.167967796325684 -1.188300251960754 -0.6476112008094788 -0.2596920728683472 0.05596829578280449 0.01389719638973475 0.02782388031482697 0.03105542436242104
1362 -1.183392524719238 -1.20529568195343 -0.6693359613418579 -0.2582118511199951 0.06162154302000999 0.01864048279821873 0.03321745246648788 0.0379081591963768
1363 -1.198508620262146 -1.22138774394989 -0.6891942620277405 -0.2579082250595093 0.06743571162223816 0.02355858311057091 0.0388340950012207 0.04506803303956985
1364 -1.212832450866699 -1.236202955245972 -0.7068679928779602 -0.2587099969387054 0.07323788851499557 0.0284811295568943 0.0444675013422966 0.05222013220191002
1365 -1.226092457771301 -1.249506235122681 -0.7221658229827881 -0.2606615126132965 0.07884963601827621 0.033253263682127 0.04993296042084694 0.05908630043268204
1366 -1.238146781921387 -1.261124014854431 -0.7350288033485413 -0.2639008462429047 0.0841032937169075 0.03769637271761894 0.0549614280462265 0.0652957484126091
1367 -1.248682379722595 -1.27094554901123 -0.7455569505691528 -0.268073171377182 0.08880168199539185 0.04164856299757957 0.05938408523797989 0.07067311555147171
1368 -1.257629156112671 -1.279069304466248 -0.7539209127426147 -0.2728053033351898 0.09283390641212463 0.04501793533563614 0.0631282776594162 0.07517223060131073
1369 -1.265061020851135 -1.285617828369141 -0.7603451609611511 -0.2777324318885803 0.09623844921588898 0.04783058166503906 0.06620437651872635 0.07880690693855286
1370 -1.271065950393677 -1.29071307182312 -0.7650132179260254 -0.2826839685440063 0.09901092946529388 0.05010662600398064 0.06867307424545288 0.08168728649616241
1371 -1.275601148605347 -1.294505834579468 -0.7680211067199707 -0.2874799966812134 0.1012068316340446 0.05189332365989685 0.07058659940958023 0.0838836207985878
1372 -1.278979301452637 -1.297176599502563 -0.7695009708404541 -0.2920021414756775 0.1028798148036003 0.05323927849531174 0.07200704514980316 0.08547785878181458
1373 -1.281269669532776 -1.298806428909302 -0.7695379853248596 -0.2961220145225525 0.1040803417563438 0.05418825149536133 0.07298162579536438 0.086528480052948
1374 -1.282535195350647 -1.299495100975037 -0.7682367563247681 -0.2997963130474091 0.1048382744193077 0.05477068945765495 0.07355063408613205 0.08708775043487549
1375 -1.282765507698059 -1.299326658248901 -0.7656539678573608 -0.3030125498771667 0.1052087470889091 0.055028036236763 0.07375453412532806 0.08720310032367706
1376 -1.282243132591248 -1.298399448394775 -0.7618269920349121 -0.305841475725174 0.1052321493625641 0.0549967847764492 0.07363855838775635 0.08693202584981918
1377 -1.280967831611633 -1.29675018787384 -0.756760835647583 -0.3083610832691193 0.1049451604485512 0.05471157655119896 0.0732429102063179 0.08632209151983261
1378 -1.278991103172302 -1.294425010681152 -0.7504206299781799 -0.3106919229030609 0.1043842956423759 0.05420194566249847 0.07260008901357651 0.08541367202997208
1379 -1.276262998580933 -1.291436195373535 -0.7427611351013184 -0.3130277097225189 0.1035824194550514 0.0534943975508213 0.07174143195152283 0.08424706757068634
1380 -1.272972106933594 -1.287831902503967 -0.7337332367897034 -0.3156501650810242 0.102567084133625 0.052616897970438 0.07069670408964157 0.08285422623157501
1381 -1.269095420837402 -1.283590197563171 -0.7232303619384766 -0.3188137412071228 0.1013565212488174 0.05158589407801628 0.06948503851890564 0.08126194030046463
1382 -1.264661550521851 -1.278718233108521 -0.7111610174179077 -0.3227739632129669 0.09996522963047028 0.05040838941931725 0.06811095029115677 0.07947483658790588
1383 -1.259691834449768 -1.27321183681488 -0.6974897384643555 -0.3277482092380524 0.09842637926340103 0.04911892488598824 0.06661567836999893 0.07754258066415787
1384 -1.254157066345215 -1.267016887664795 -0.6822110414505005 -0.3339254856109619 0.09674979001283646 0.04772394895553589 0.06500733643770218 0.07547599822282791
1385 -1.24809205532074 -1.260132431983948 -0.6652168035507202 -0.3413074016571045 0.09494329243898392 0.04623085632920265 0.06329332292079926 0.07328459620475769
1386 -1.24144434928894 -1.25243878364563 -0.6463992595672607 -0.3498429954051971 0.09301978349685669 0.04465851932764053 0.06149612367153168 0.07098985463380814
1387 -1.23430609703064 -1.243988513946533 -0.6257185935974121 -0.3592804074287415 0.0909813866019249 0.04299690946936607 0.05959618464112282 0.06856586039066315
1388 -1.226701140403748 -1.234693884849548 -0.6033004522323608 -0.3690809905529022 0.08885533362627029 0.04125945642590523 0.05760718882083893 0.06602521985769272
1389 -1.218544125556946 -1.224607467651367 -0.5795979499816895 -0.3788164258003235 0.08663204312324524 0.03945041447877884 0.05554798245429993 0.06339218467473984
1390 -1.209930062294006 -1.213690519332886 -0.5551335215568542 -0.3881454169750214 0.08432155847549438 0.03760223835706711 0.05344055220484734 0.06068591400980949
1391 -1.201043009757996 -1.202093362808228 -0.5305358171463013 -0.3962977528572083 0.08193034678697586 0.03569715470075607 0.05126190558075905 0.05787840113043785
1392 -1.191820979118347 -1.18986964225769 -0.5065709352493286 -0.4027860462665558 0.07951521873474121 0.03376328200101852 0.04902127385139465 0.05495738238096237
1393 -1.182419419288635 -1.17734694480896 -0.4845152795314789 -0.4075438380241394 0.07705947756767273 0.03178761899471283 0.04671771079301834 0.05193543806672096
1394 -1.173198461532593 -1.164797425270081 -0.4656482040882111 -0.41107177734375 0.07459776103496552 0.02982884645462036 0.04441278427839279 0.04887649044394493
1395 -1.164298534393311 -1.152514696121216 -0.4511520266532898 -0.4141117334365845 0.07218344509601593 0.02788303047418594 0.04207124561071396 0.04572506994009018
1396 -1.155843496322632 -1.140944957733154 -0.4424545168876648 -0.4172127246856689 0.06985712051391602 0.02600402571260929 0.03978043422102928 0.04260239750146866
1397 -1.148364901542664 -1.130837678909302 -0.4409305453300476 -0.4208963811397552 0.067764513194561 0.02431882545351982 0.03766560554504395 0.03966709226369858
1398 -1.142390251159668 -1.122949481010437 -0.4472912847995758 -0.4250062108039856 0.06601564586162567 0.02290804497897625 0.03584019839763641 0.03708738833665848
1399 -1.138169527053833 -1.117871046066284 -0.4612420201301575 -0.4295086562633514 0.06470129638910294 0.02185908332467079 0.03440790995955467 0.03500576317310333
1400 -1.136101722717285 -1.11598014831543 -0.4811200797557831 -0.4340546429157257 0.06391964107751846 0.02123921364545822 0.03345659375190735 0.03352450951933861
1401 -1.136411666870117 -1.117372512817383 -0.5041429996490479 -0.4370186626911163 0.06363049894571304 0.02100805379450321 0.03294413536787033 0.03260128572583199
1402 -1.138783931732178 -1.121844291687012 -0.5277665257453918 -0.4363395869731903 0.06389182060956955 0.02119738794863224 0.03291914612054825 0.0322822704911232
1403 -1.1431964635849 -1.129218935966492 -0.551051139831543 -0.4294623136520386 0.06445951759815216 0.02160756476223469 0.03317004069685936 0.03231881558895111
1404 -1.149515151977539 -1.139375329017639 -0.5747829675674438 -0.4131149649620056 0.06524279713630676 0.02213358506560326 0.03360515832901001 0.03264270350337029
1405 -1.157381176948547 -1.152031183242798 -0.6005814075469971 -0.3841978013515472 0.06621728837490082 0.02279297076165676 0.03425971791148186 0.0333448238670826
1406 -1.166679859161377 -1.166732788085938 -0.627885103225708 -0.3441084623336792 0.06733748316764832 0.02351862192153931 0.035084068775177 0.03444977849721909
1407 -1.176943898200989 -1.182501316070557 -0.6542273759841919 -0.3025369644165039 0.06874173879623413 0.02447918802499771 0.03631531074643135 0.03632048517465591
1408 -1.187645554542542 -1.19807493686676 -0.676708459854126 -0.2703532576560974 0.07056103646755219 0.02585475146770477 0.03818145766854286 0.03927613794803619
1409 -1.198374032974243 -1.212699174880981 -0.6942227482795715 -0.2516728341579437 0.07312752306461334 0.02796283923089504 0.04102260246872902 0.04365472495555878
1410 -1.208856225013733 -1.226008415222168 -0.707153856754303 -0.2446456700563431 0.07640493661165237 0.03077300637960434 0.04472659528255463 0.04915473610162735
1411 -1.218834400177002 -1.237725973129272 -0.7164986133575439 -0.2452877908945084 0.08007679879665375 0.03399228677153587 0.04887989535927773 0.05509943515062332
1412 -1.227880120277405 -1.247648954391479 -0.7232463359832764 -0.2504079937934875 0.08378446847200394 0.03723663836717606 0.05296448245644569 0.06074811518192291
1413 -1.235638976097107 -1.255764961242676 -0.7281510829925537 -0.2582168877124786 0.0870920866727829 0.04011178761720657 0.05653763934969902 0.06557464599609375
1414 -1.242036819458008 -1.262152194976807 -0.7315630912780762 -0.2672140896320343 0.08986648172140121 0.0424901470541954 0.05945538729429245 0.06944141536951065
1415 -1.247105956077576 -1.267006278038025 -0.7337303757667542 -0.2765074968338013 0.09209848940372467 0.04436716809868813 0.06171919032931328 0.07239076495170593
1416 -1.250807166099548 -1.270453691482544 -0.7348581552505493 -0.2856327593326569 0.09376140683889389 0.04574712365865707 0.06337428838014603 0.07453035563230515
1417 -1.253315448760986 -1.27267849445343 -0.7349979877471924 -0.2943391501903534 0.09489277750253677 0.0466572679579258 0.06445997953414917 0.07593478262424469
1418 -1.254730224609375 -1.273773193359375 -0.7341538667678833 -0.3025444149971008 0.09555317461490631 0.04717289283871651 0.0650845468044281 0.07674814760684967
1419 -1.255050301551819 -1.273875713348389 -0.7322462797164917 -0.3102437555789948 0.09581048786640167 0.04734544083476067 0.06530765444040298 0.07705189287662506
1420 -1.254411935806274 -1.273094415664673 -0.7292483448982239 -0.3175338506698608 0.09571082890033722 0.04722411930561066 0.06519582122564316 0.07693666219711304
1421 -1.252881288528442 -1.27150559425354 -0.7251522541046143 -0.3245501220226288 0.09527995437383652 0.04683321714401245 0.06478229165077209 0.07645098865032196
1422 -1.250581860542297 -1.269132256507874 -0.7199737429618835 -0.3314172625541687 0.09456838667392731 0.04621435701847076 0.06411641836166382 0.07565657794475555
1423 -1.247564077377319 -1.266064405441284 -0.7137622833251953 -0.3383110761642456 0.09359979629516602 0.04538989439606667 0.06322364509105682 0.07458556443452835
1424 -1.243880271911621 -1.262340545654297 -0.7066001892089844 -0.3454170525074005 0.0923941507935524 0.04437607154250145 0.06212481483817101 0.07327008992433548
1425 -1.239510297775269 -1.258005619049072 -0.6985519528388977 -0.3529140055179596 0.09096530824899673 0.04318204522132874 0.06083255633711815 0.07172836363315582
1426 -1.234673500061035 -1.253078460693359 -0.6896938681602478 -0.3609179556369781 0.08933666348457336 0.04182827845215797 0.05937336757779121 0.06999703496694565
1427 -1.229219913482666 -1.247539281845093 -0.6800967454910278 -0.369537353515625 0.08754662424325943 0.04035186767578125 0.05778156220912933 0.06810843199491501
1428 -1.223174810409546 -1.241433024406433 -0.6698983907699585 -0.3787673711776733 0.08558376878499985 0.0387243889272213 0.05603212490677834 0.06604217737913132
1429 -1.216615438461304 -1.234779477119446 -0.6591730117797852 -0.388498991727829 0.08344797044992447 0.03695901483297348 0.0541490763425827 0.06382635235786438
1430 -1.209659934043884 -1.227629065513611 -0.6479988694190979 -0.3987323641777039 0.08116061240434647 0.03509993106126785 0.05216847732663155 0.06149307265877724
1431 -1.202258586883545 -1.220003843307495 -0.6363937854766846 -0.4094125032424927 0.07871884107589722 0.03312497958540916 0.05006704851984978 0.05902391672134399
1432 -1.194452047348022 -1.211913704872131 -0.6244168281555176 -0.4202992022037506 0.07618370652198792 0.03106445074081421 0.04787031933665276 0.056446623057127
1433 -1.186420083045959 -1.203454494476318 -0.6121705174446106 -0.4311841726303101 0.07355867326259613 0.02893386967480183 0.04560814425349236 0.05379534885287285
1434 -1.178066730499268 -1.194623708724976 -0.5997440814971924 -0.4418368935585022 0.07077594101428986 0.02670092321932316 0.04324499145150185 0.05102776736021042
1435 -1.16954779624939 -1.185458183288574 -0.5871676206588745 -0.4520201086997986 0.06798528134822845 0.02445275709033012 0.04085053130984306 0.04820746555924416
1436 -1.160941600799561 -1.176153898239136 -0.5745877027511597 -0.4614450633525848 0.0651872456073761 0.02219498343765736 0.03844475746154785 0.04536211490631104
1437 -1.152396321296692 -1.16664981842041 -0.5620043277740479 -0.46968013048172 0.06237652897834778 0.01993588358163834 0.03602410107851028 0.04247865453362465
1438 -1.143870949745178 -1.15706729888916 -0.5493561625480652 -0.4763203561306 0.05959305539727211 0.01769284345209599 0.03361135348677635 0.03958914056420326
1439 -1.13548743724823 -1.147509217262268 -0.5366634130477905 -0.4809826612472534 0.05681277066469193 0.01545669510960579 0.03119222074747086 0.03667259588837624
1440 -1.12739098072052 -1.138077616691589 -0.5240249633789062 -0.4831501245498657 0.05409279838204384 0.01323940698057413 0.02876998484134674 0.03372398763895035
1441 -1.119575977325439 -1.128821849822998 -0.5115644931793213 -0.4825592041015625 0.05135494098067284 0.01101335696876049 0.02632769383490086 0.03072815574705601
1442 -1.112066149711609 -1.119824767112732 -0.4995825588703156 -0.478961169719696 0.04870494082570076 0.008857075124979019 0.02392134815454483 0.0277375653386116
1443 -1.105042099952698 -1.111275434494019 -0.4885393679141998 -0.4721989929676056 0.04615382105112076 0.006747232750058174 0.02154108323156834 0.02475975826382637
1444 -1.098591089248657 -1.103323936462402 -0.4788250923156738 -0.4625283479690552 0.04367859661579132 0.004699360579252243 0.01921471394598484 0.02182872965931892
1445 -1.092850804328918 -1.09617817401886 -0.4709224998950958 -0.4507559239864349 0.04133150354027748 0.002737932838499546 0.01694799400866032 0.0189493577927351
1446 -1.087900519371033 -1.090094566345215 -0.4652203321456909 -0.4376443028450012 0.03913663700222969 0.0008636814309284091 0.01475251279771328 0.01613480783998966
1447 -1.084033250808716 -1.085321664810181 -0.4621107876300812 -0.4238260984420776 0.03712118789553642 -0.0008652769029140472 0.01270692050457001 0.01349071506410837
1448 -1.081429839134216 -1.082173943519592 -0.4621610939502716 -0.4095394313335419 0.03542903065681458 -0.002339481841772795 0.01091430149972439 0.01114142034202814
1449 -1.080316066741943 -1.081022262573242 -0.4658178389072418 -0.3945207893848419 0.034141905605793 -0.00351007143035531 0.009452584199607372 0.009202808141708374
1450 -1.080976843833923 -1.082171559333801 -0.4732491672039032 -0.3782601654529572 0.03333942592144012 -0.004293259233236313 0.00841077696532011 0.007777320221066475
1451 -1.083569169044495 -1.08579409122467 -0.4844665229320526 -0.3604995012283325 0.03306163847446442 -0.004634993616491556 0.007860295474529266 0.006953777745366096
1452 -1.088232398033142 -1.092023849487305 -0.4993294179439545 -0.3412700295448303 0.03344223275780678 -0.004431419540196657 0.007906354032456875 0.006859024986624718
1453 -1.094966888427734 -1.100857257843018 -0.5174160003662109 -0.3212631046772003 0.0345170684158802 -0.003668016754090786 0.008598729036748409 0.007574711460620165
1454 -1.103675365447998 -1.112180471420288 -0.5379505753517151 -0.3018729388713837 0.03640305250883102 -0.002198550151661038 0.01009491831064224 0.009278246201574802
1455 -1.114530920982361 -1.125770330429077 -0.5600722432136536 -0.2854332327842712 0.03913433104753494 -1.196938683278859e-05 0.01240276452153921 0.01199449878185987
1456 -1.127094149589539 -1.141025543212891 -0.5831543803215027 -0.2732539176940918 0.04267264530062675 0.00285711046308279 0.01551177445799112 0.01574026606976986
1457 -1.141109585762024 -1.157625198364258 -0.6066997051239014 -0.2656720280647278 0.04697713628411293 0.006400205660611391 0.01941801607608795 0.02052720822393894
1458 -1.156030893325806 -1.174880266189575 -0.6301505565643311 -0.2616042494773865 0.05184828117489815 0.01046161726117134 0.02395926043391228 0.02618937753140926
1459 -1.171466708183289 -1.192211508750916 -0.6528623700141907 -0.2592411041259766 0.0572345070540905 0.01496568694710732 0.02904173731803894 0.03260077908635139
1460 -1.186882257461548 -1.209074974060059 -0.6742473840713501 -0.2581485211849213 0.06294746696949005 0.01975981332361698 0.03449579328298569 0.03953812271356583
1461 -1.201896905899048 -1.224945783615112 -0.6936578750610352 -0.2581588923931122 0.0687798336148262 0.02469889260828495 0.04014691710472107 0.04674840718507767
1462 -1.216062307357788 -1.239474773406982 -0.7108131647109985 -0.2591993510723114 0.07457637786865234 0.02961939759552479 0.0457749217748642 0.05387765541672707
1463 -1.229064583778381 -1.252416133880615 -0.7255610823631287 -0.2614975273609161 0.08013341575860977 0.03434696421027184 0.05117913335561752 0.0606393963098526
1464 -1.240720748901367 -1.263589978218079 -0.7378395199775696 -0.2649862468242645 0.08525166660547256 0.03867495432496071 0.05607336014509201 0.06666691601276398
1465 -1.250933408737183 -1.273029327392578 -0.7478424310684204 -0.2692749798297882 0.08979422599077225 0.04248582199215889 0.06033063679933548 0.07182960957288742
1466 -1.2595454454422 -1.280775308609009 -0.7557150721549988 -0.2740356922149658 0.09371329098939896 0.04575358331203461 0.06394128501415253 0.07614143192768097
1467 -1.266627669334412 -1.286977171897888 -0.7617141008377075 -0.2789700031280518 0.09695188701152802 0.04842622950673103 0.06686422228813171 0.07958970218896866
1468 -1.272314071655273 -1.291758418083191 -0.7659763693809509 -0.2838852107524872 0.09959155321121216 0.05058664456009865 0.06919866055250168 0.08230245113372803
1469 -1.27656364440918 -1.29528272151947 -0.7686164379119873 -0.2886320054531097 0.1016671359539032 0.05227101594209671 0.0709945484995842 0.08435282111167908
1470 -1.279666066169739 -1.297698736190796 -0.7697432637214661 -0.2930726408958435 0.1032256036996841 0.05351989343762398 0.07230441272258759 0.0858103483915329
1471 -1.281699776649475 -1.299094438552856 -0.7694487571716309 -0.2970868349075317 0.104320801794529 0.05438065901398659 0.07317983359098434 0.08673949539661407
1472 -1.282739639282227 -1.299576163291931 -0.7678351402282715 -0.3006512224674225 0.1049833670258522 0.05488172173500061 0.07365626096725464 0.08718554675579071
1473 -1.28276264667511 -1.299220085144043 -0.7649552822113037 -0.3037635684013367 0.1052666008472443 0.05506604537367821 0.07377902418375015 0.08720261603593826
1474 -1.282055974006653 -1.298125028610229 -0.7608376741409302 -0.306503564119339 0.1052170991897583 0.05497413128614426 0.07359473407268524 0.08684828877449036
1475 -1.280609965324402 -1.296313285827637 -0.7554718255996704 -0.3089591264724731 0.1048581749200821 0.05462924018502235 0.07313479483127594 0.08616232872009277
1476 -1.278466820716858 -1.293829679489136 -0.7488250732421875 -0.3112654387950897 0.1042351275682449 0.05406932160258293 0.07243772596120834 0.08518871665000916
1477 -1.275587201118469 -1.290690898895264 -0.7408486604690552 -0.313637375831604 0.1033843904733658 0.05332299321889877 0.07153566181659698 0.08396837115287781
1478 -1.272155165672302 -1.286938190460205 -0.7314789295196533 -0.3163524568080902 0.1023282632231712 0.05241234600543976 0.07045165449380875 0.08252601325511932
1479 -1.268145084381104 -1.282548308372498 -0.7206051349639893 -0.3196840584278107 0.1010676696896553 0.05134027451276779 0.06919386237859726 0.08087803423404694
1480 -1.26358425617218 -1.277528882026672 -0.7081550359725952 -0.3238543570041656 0.09964165836572647 0.05013589188456535 0.0677918866276741 0.07905857264995575
1481 -1.258491277694702 -1.27186906337738 -0.6941052675247192 -0.3291023671627045 0.09807649999856949 0.04882752522826195 0.06627693772315979 0.07710371166467667
1482 -1.252836346626282 -1.265509247779846 -0.6784234046936035 -0.3355737626552582 0.09635557979345322 0.04739933088421822 0.06463710963726044 0.07500484585762024
1483 -1.246634840965271 -1.258444786071777 -0.6610085964202881 -0.3431998193264008 0.0945250615477562 0.04588728398084641 0.06289993971586227 0.07278215885162354
1484 -1.239853143692017 -1.250570893287659 -0.6417430639266968 -0.3519362807273865 0.09257621318101883 0.04429734870791435 0.06108206883072853 0.0704590305685997
1485 -1.232585191726685 -1.241922378540039 -0.6206221580505371 -0.361518532037735 0.09050480276346207 0.04261071979999542 0.05915602296590805 0.0680045560002327
1486 -1.224889159202576 -1.232460975646973 -0.5978716611862183 -0.3713491261005402 0.08836571127176285 0.04086683690547943 0.05715892091393471 0.06545000523328781
1487 -1.216634154319763 -1.222183704376221 -0.5739569664001465 -0.3809988498687744 0.08613373339176178 0.03905003517866135 0.05508548393845558 0.06279306858778
1488 -1.207919597625732 -1.2110995054245 -0.5494828224182129 -0.3900445401668549 0.08380459994077682 0.03719069808721542 0.05296720936894417 0.06007266044616699
1489 -1.198956727981567 -1.199358701705933 -0.524982213973999 -0.3977900147438049 0.08139819651842117 0.03527456521987915 0.05077393725514412 0.05724057927727699
1490 -1.189659714698792 -1.187106370925903 -0.5013954639434814 -0.403859406709671 0.07897791266441345 0.03333958610892296 0.04852821677923203 0.0543074794113636
1491 -1.180306553840637 -1.174568653106689 -0.4799113869667053 -0.4081690013408661 0.07650917768478394 0.0313505083322525 0.04620223119854927 0.05124880000948906
1492 -1.171155095100403 -1.162051677703857 -0.4619550704956055 -0.4115931689739227 0.0740397572517395 0.02937795035541058 0.04387148842215538 0.04814938828349113
1493 -1.162317037582397 -1.149860620498657 -0.4486880004405975 -0.4146574437618256 0.07164257764816284 0.02745180390775204 0.04154984652996063 0.0450134351849556
1494 -1.154070377349854 -1.138574361801147 -0.4416539072990417 -0.4177626669406891 0.06937292963266373 0.02561482228338718 0.03928909823298454 0.04191383346915245
1495 -1.146904230117798 -1.128925800323486 -0.4419152736663818 -0.4216016530990601 0.06737489998340607 0.02400192432105541 0.03723647817969322 0.03904497250914574
1496 -1.141348361968994 -1.121691703796387 -0.4501413702964783 -0.4258149564266205 0.06567926704883575 0.02263317443430424 0.0354643240571022 0.03654567524790764
1497 -1.137678623199463 -1.117385506629944 -0.4656646549701691 -0.4302758574485779 0.06451956182718277 0.02170819602906704 0.03416125476360321 0.03461801260709763
1498 -1.136170506477356 -1.116287708282471 -0.4865162968635559 -0.4345246553421021 0.06385098397731781 0.02117126621305943 0.03329973667860031 0.03325233235955238
1499 -1.136942505836487 -1.118381500244141 -0.5098393559455872 -0.4368028342723846 0.06368737667798996 0.02104363590478897 0.03290913626551628 0.03247768804430962
1500 -1.139817476272583 -1.123577952384949 -0.5334430932998657 -0.4349265992641449 0.06401508301496506 0.02127751894295216 0.03294543921947479 0.03224240988492966
1501 -1.144698858261108 -1.131630897521973 -0.5567346811294556 -0.426142156124115 0.06460236012935638 0.02170369401574135 0.03323395550251007 0.032339908182621
1502 -1.151391386985779 -1.142403841018677 -0.5809004306793213 -0.4069058895111084 0.06540524214506149 0.02224154584109783 0.03370191156864166 0.03273231163620949
1503 -1.159608721733093 -1.155594825744629 -0.6071903705596924 -0.374837726354599 0.06646983325481415 0.02294684387743473 0.03442655503749847 0.03355883806943893
1504 -1.169217348098755 -1.170678019523621 -0.6345432996749878 -0.3332545161247253 0.06765581667423248 0.0237444806843996 0.03537268191576004 0.03487461432814598
1505 -1.179604411125183 -1.186444878578186 -0.660059928894043 -0.2932348549365997 0.06914583593606949 0.02477825991809368 0.03671180084347725 0.03695001825690269
1506 -1.190296769142151 -1.201796412467957 -0.6813009977340698 -0.2644034028053284 0.07110201567411423 0.02627068199217319 0.03875443339347839 0.04019575193524361
1507 -1.200963735580444 -1.216082453727722 -0.6975700855255127 -0.2489894926548004 0.07378602772951126 0.02851270325481892 0.04177961498498917 0.04484118148684502
1508 -1.211276888847351 -1.229014039039612 -0.7095185518264771 -0.244196891784668 0.07719717174768448 0.03148575872182846 0.04567659646272659 0.05056232213973999
1509 -1.221051216125488 -1.240269303321838 -0.7181500196456909 -0.2461133152246475 0.08093374222517014 0.03476106002926826 0.04986058175563812 0.05648720636963844
1510 -1.229793548583984 -1.249749183654785 -0.7244359254837036 -0.2520761787891388 0.08454814553260803 0.03792157769203186 0.05383452773094177 0.06195239350199699
1511 -1.237248778343201 -1.257428407669067 -0.7289494276046753 -0.2602354884147644 0.08775563538074493 0.04069026559591293 0.05725622177124023 0.06654402613639832
1512 -1.243342638015747 -1.26341724395752 -0.7320568561553955 -0.2693854868412018 0.09042182564735413 0.04296481609344482 0.06003401800990105 0.07020368427038193
1513 -1.248032689094543 -1.267881512641907 -0.7339605093002319 -0.2786901891231537 0.09249778836965561 0.04470514878630638 0.06213412806391716 0.07293300330638885
1514 -1.251430153846741 -1.271012425422668 -0.7348626852035522 -0.2877379655838013 0.09402202069759369 0.04595614597201347 0.06363408267498016 0.07487590610980988
1515 -1.253682255744934 -1.27297568321228 -0.7347853183746338 -0.2963268458843231 0.09504825621843338 0.04677163437008858 0.06460210680961609 0.07612526416778564
1516 -1.254855036735535 -1.273827195167542 -0.7337013483047485 -0.304393470287323 0.09561189264059067 0.04720408096909523 0.06512755900621414 0.07681205123662949
1517 -1.254927396774292 -1.273703813552856 -0.7315452098846436 -0.3119937777519226 0.09578185528516769 0.04730663821101189 0.06527096778154373 0.07701575756072998
1518 -1.254065752029419 -1.272723197937012 -0.7282969951629639 -0.3192177414894104 0.09559955447912216 0.04712001606822014 0.06508693844079971 0.07681098580360413
1519 -1.252336621284485 -1.270949840545654 -0.7239465117454529 -0.3261964023113251 0.09510421752929688 0.04667845740914345 0.06461594253778458 0.07625282555818558
1520 -1.249866247177124 -1.268415212631226 -0.7185294032096863 -0.3330700993537903 0.09432843327522278 0.0460081622004509 0.06389309465885162 0.0753900557756424
1521 -1.246678709983826 -1.265191555023193 -0.7120974063873291 -0.3400189876556396 0.09330683201551437 0.04514285922050476 0.06295650452375412 0.0742674320936203
1522 -1.242850303649902 -1.261325597763062 -0.7047281265258789 -0.3472125828266144 0.09203800559043884 0.04407724738121033 0.06180384382605553 0.07289192825555801
1523 -1.238344669342041 -1.256850600242615 -0.6964882612228394 -0.3548047542572021 0.09057292342185974 0.04285634309053421 0.06048253923654556 0.0713161826133728
1524 -1.233354091644287 -1.251763582229614 -0.6874350309371948 -0.3629414141178131 0.08891761302947998 0.04148396849632263 0.05900133401155472 0.06955617666244507
1525 -1.227789402008057 -1.246103525161743 -0.6777026653289795 -0.3717341125011444 0.08707427978515625 0.03996250405907631 0.05736373737454414 0.06761796772480011
1526 -1.221638083457947 -1.239866733551025 -0.6673859357833862 -0.3810873925685883 0.08508899062871933 0.03831767663359642 0.05559488758444786 0.06552921980619431
1527 -1.214968681335449 -1.233103156089783 -0.6565552949905396 -0.3909028768539429 0.08291620761156082 0.03652511164546013 0.05368602648377419 0.06328465789556503
1528 -1.207919716835022 -1.225852012634277 -0.645285964012146 -0.4012249112129211 0.080593042075634 0.0346381776034832 0.05167612060904503 0.06091614067554474
1529 -1.200432538986206 -1.218119144439697 -0.63358473777771 -0.4119566380977631 0.07810453325510025 0.03262363001704216 0.04953540116548538 0.05840431153774261
1530 -1.192559123039246 -1.209939241409302 -0.6215298175811768 -0.4228706359863281 0.07553507387638092 0.03053676150739193 0.04731463640928268 0.05580233037471771
1531 -1.184453010559082 -1.201390027999878 -0.6092227101325989 -0.4337064623832703 0.07289184629917145 0.02839560806751251 0.04504399001598358 0.05314004793763161
1532 -1.176046967506409 -1.192471504211426 -0.5967106819152832 -0.4442481994628906 0.07012234628200531 0.0261760801076889 0.04268717393279076 0.05036946386098862
1533 -1.167521953582764 -1.183257579803467 -0.5840936899185181 -0.4542932212352753 0.06733447313308716 0.02392884157598019 0.04029085114598274 0.04754344373941422
1534 -1.158926486968994 -1.173912048339844 -0.5714749693870544 -0.4634577333927155 0.0645245686173439 0.02166210301220417 0.03787526488304138 0.04468266665935516
1535 -1.150396108627319 -1.164376974105835 -0.5588512420654297 -0.4713770151138306 0.06170514971017838 0.01939410902559757 0.03544226661324501 0.04178383201360703
1536 -1.141932129859924 -1.154807448387146 -0.5461882352828979 -0.4775660634040833 0.05891332775354385 0.01714432425796986 0.03302320837974548 0.03888554498553276
1537 -1.133586883544922 -1.1452796459198 -0.5334827899932861 -0.4816027879714966 0.05615776404738426 0.01492584217339754 0.03061680868268013 0.03597602620720863
1538 -1.12555468082428 -1.135875940322876 -0.5208459496498108 -0.4830321967601776 0.0534561350941658 0.01272358000278473 0.02820249833166599 0.03302730619907379
1539 -1.117746829986572 -1.126696109771729 -0.5084611773490906 -0.4816685616970062 0.05074577406048775 0.01051679626107216 0.0257664043456316 0.03002186492085457
1540 -1.110422253608704 -1.117827653884888 -0.496701180934906 -0.4772461652755737 0.04809349775314331 0.008352424949407578 0.02335001155734062 0.0270177461206913
1541 -1.103534340858459 -1.10938286781311 -0.4859464764595032 -0.4696643650531769 0.04556595161557198 0.006254412233829498 0.02097363211214542 0.02403988502919674
1542 -1.097280144691467 -1.10163140296936 -0.4766655266284943 -0.4594082832336426 0.04312876611948013 0.004232047125697136 0.01866914331912994 0.02113399840891361
1543 -1.09174907207489 -1.094763994216919 -0.4693215191364288 -0.4471886456012726 0.04082136228680611 0.002303038025274873 0.01643225364387035 0.0182820800691843
1544 -1.087094068527222 -1.088981986045837 -0.4642258286476135 -0.433868408203125 0.03868266940116882 0.0004685442254412919 0.01427258457988501 0.01550368871539831
1545 -1.083519816398621 -1.084589242935181 -0.4619050621986389 -0.4199087023735046 0.03679463267326355 -0.001175340497866273 0.01230326294898987 0.01294234022498131
1546 -1.081253290176392 -1.081949234008789 -0.4628732204437256 -0.405425488948822 0.03517789021134377 -0.002596024656668305 0.01057721581310034 0.0106778321787715
1547 -1.080595850944519 -1.081364393234253 -0.4674832820892334 -0.3901483416557312 0.03396990150213242 -0.00368227856233716 0.009210757911205292 0.008858833461999893
1548 -1.081732869148254 -1.083105325698853 -0.4759109020233154 -0.373601883649826 0.03329609706997871 -0.004354455042630434 0.008287620730698109 0.007573819719254971
1549 -1.084853529930115 -1.087364673614502 -0.4880661964416504 -0.3555029034614563 0.03321147710084915 -0.0045516612008214 0.007888247258961201 0.006935463286936283
1550 -1.090013861656189 -1.094247698783875 -0.5038048624992371 -0.3361455798149109 0.03375204280018806 -0.004219005350023508 0.008092032745480537 0.007040133699774742
1551 -1.097252726554871 -1.10370659828186 -0.5225173234939575 -0.3162055909633636 0.03502601385116577 -0.00326609262265265 0.008994614705443382 0.008005168288946152
1552 -1.106515765190125 -1.11559522151947 -0.5434635281562805 -0.2974479198455811 0.03714225813746452 -0.001621003029868007 0.01067511085420847 0.00993030983954668
1553 -1.117726802825928 -1.129601120948792 -0.5658599138259888 -0.2820429801940918 0.0400407686829567 0.0007100673392415047 0.01316734123975039 0.01289163902401924
1554 -1.130690097808838 -1.145256638526917 -0.5890276432037354 -0.2711480855941772 0.04375686123967171 0.003752913791686296 0.0164839830249548 0.01690821908414364
1555 -1.144906520843506 -1.162039995193481 -0.6125861406326294 -0.2645650207996368 0.04817744344472885 0.007401686627417803 0.02052995003759861 0.02190244197845459
1556 -1.15997314453125 -1.179288625717163 -0.6358541250228882 -0.2609517276287079 0.05319901928305626 0.01157738640904427 0.02519829571247101 0.02773274108767509
1557 -1.175443053245544 -1.196551561355591 -0.6582971811294556 -0.2588855028152466 0.05869442969560623 0.01617010310292244 0.03039064258337021 0.03429387882351875
1558 -1.190756320953369 -1.213158130645752 -0.6792454719543457 -0.2580447494983673 0.06440015882253647 0.02099139243364334 0.03589749336242676 0.04131507128477097
1559 -1.205481886863708 -1.228699803352356 -0.6981015205383301 -0.2582865357398987 0.0702260360121727 0.02592620253562927 0.04154467955231667 0.04851362481713295
1560 -1.219428420066833 -1.242844104766846 -0.7146613597869873 -0.2596200108528137 0.0759725421667099 0.03081005811691284 0.04713931307196617 0.05558645725250244
1561 -1.23211145401001 -1.255317568778992 -0.7287832498550415 -0.2622396051883698 0.08145465701818466 0.03547202795743942 0.05244946479797363 0.0622013621032238
1562 -1.243337750434875 -1.266075611114502 -0.7404776811599731 -0.2659641206264496 0.08643101900815964 0.03966907784342766 0.05718513205647469 0.06801534444093704
1563 -1.253078579902649 -1.275052189826965 -0.7499077320098877 -0.2704311609268188 0.09081801772117615 0.043345607817173 0.06128283590078354 0.07296689599752426
1564 -1.261304140090942 -1.282399773597717 -0.7572954297065735 -0.2752900123596191 0.09456323832273483 0.04645727947354317 0.06470999121665955 0.07704728841781616
1565 -1.268037796020508 -1.288232326507568 -0.7628554105758667 -0.2802547812461853 0.09764237701892853 0.04899138584733009 0.06747297942638397 0.08029444515705109
1566 -1.273284673690796 -1.29269003868103 -0.7666980028152466 -0.2851270735263824 0.1001346409320831 0.05102457851171494 0.0696607381105423 0.08282820880413055
