ISO-10303-21;
HEADER;
FILE_DESCRIPTION (( 'STEP AP214' ),
    '1' );
FILE_NAME ('NACA4418 Assembly +5 AoA.STEP',
    '2026-09-24T07:02:49',
    ( '' ),
    ( '' ),
    'SwSTEP 2.0',
    'SolidWorks 2026',
    '' );
FILE_SCHEMA (( 'AUTOMOTIVE_DESIGN' ));
ENDSEC;

DATA;
#1 = ORIENTED_EDGE ( 'NONE', *, *, #227, .F. ) ;
#2 = CARTESIAN_POINT ( 'NONE',  ( -17.60569427605154758, 63.91858091495466709, -3.765273383443027200 ) ) ;
#3 = PLANE ( 'NONE',  #747 ) ;
#4 = VECTOR ( 'NONE', #674, 1000.000000000000000 ) ;
#5 = CARTESIAN_POINT ( 'NONE',  ( -14.63992494677433420, 78.00512114284089193, -2.499999999999937828 ) ) ;
#6 = CARTESIAN_POINT ( 'NONE',  ( -17.49629734312816254, 33.88292201068313858, 2.500000000000065725 ) ) ;
#7 = CARTESIAN_POINT ( 'NONE',  ( -14.88510227489909532, 63.72901821325373817, 5.500000000000065725 ) ) ;
#8 = VECTOR ( 'NONE', #1223, 1000.000000000000114 ) ;
#9 = ORIENTED_EDGE ( 'NONE', *, *, #1214, .F. ) ;
#10 = CARTESIAN_POINT ( 'NONE',  ( -17.50000000000000000, 7.261402971149854973E-15, 8.135853102331225273E-15 ) ) ;
#11 = VERTEX_POINT ( 'NONE', #126 ) ;
#12 = DIRECTION ( 'NONE',  ( 0.9961946980917455452, -0.08715574274765836016, 0.000000000000000000 ) ) ;
#13 = CARTESIAN_POINT ( 'NONE',  ( 2.676101305830167032, 69.40136846404136861, 2.500000000000065725 ) ) ;
#14 = CARTESIAN_POINT ( 'NONE',  ( -17.18470296217513393, 63.58352206035328180, 4.460789003005445785 ) ) ;
#15 = ORIENTED_EDGE ( 'NONE', *, *, #680, .F. ) ;
#16 = DIRECTION ( 'NONE',  ( 0.9961946980917455452, -0.08715574274765836016, 0.000000000000000000 ) ) ;
#17 = EDGE_CURVE ( 'NONE', #1259, #1306, #949, .T. ) ;
#18 = CARTESIAN_POINT ( 'NONE',  ( -1.734723475976807094E-14, -1.734723357380413914E-15, -1.000000000000000444 ) ) ;
#19 = CARTESIAN_POINT ( 'NONE',  ( -17.19266823109422404, 64.91129071413548957, 4.650259760364791717 ) ) ;
#20 = CARTESIAN_POINT ( 'NONE',  ( 0.9130850106927319576, 49.25000000000000711, -29.73513398164236676 ) ) ;
#21 = B_SPLINE_CURVE_WITH_KNOTS ( 'NONE', 3,
 ( #902, #374, #1103, #1094, #1212, #592 ),
 .UNSPECIFIED., .F., .F.,
 ( 4, 1, 1, 4 ),
 ( 0.6604953542515905607, 0.6629000217420070173, 0.7110052231000469902, 0.7471069350984819168 ),
 .UNSPECIFIED. ) ;
#22 = LINE ( 'NONE', #847, #175 ) ;
#23 = ORIENTED_EDGE ( 'NONE', *, *, #1303, .F. ) ;
#24 = EDGE_CURVE ( 'NONE', #968, #499, #435, .T. ) ;
#25 = AXIS2_PLACEMENT_3D ( 'NONE', #1121, #92, #1108 ) ;
#26 = FACE_OUTER_BOUND ( 'NONE', #1254, .T. ) ;
#27 =( LENGTH_UNIT ( ) NAMED_UNIT ( * ) SI_UNIT ( .MILLI., .METRE. ) );
#28 = ORIENTED_EDGE ( 'NONE', *, *, #425, .F. ) ;
#29 = TOROIDAL_SURFACE ( 'NONE', #975, 12.00000000000000000, 2.000000000000000000 ) ;
#30 = VECTOR ( 'NONE', #869, 1000.000000000000000 ) ;
#31 = ORIENTED_EDGE ( 'NONE', *, *, #158, .F. ) ;
#32 = DIRECTION ( 'NONE',  ( -0.08715574274765836016, -0.9961946980917455452, 1.489033026589533876E-16 ) ) ;
#33 = ORIENTED_EDGE ( 'NONE', *, *, #397, .T. ) ;
#34 = CARTESIAN_POINT ( 'NONE',  ( 1.705061835870637310, 58.30233653435833219, -2.499999999999934719 ) ) ;
#35 = EDGE_CURVE ( 'NONE', #276, #128, #563, .T. ) ;
#36 = DIRECTION ( 'NONE',  ( 0.08715331084452319910, 0.9961669013117152582, -0.007470283786673427226 ) ) ;
#37 = VERTEX_POINT ( 'NONE', #862 ) ;
#38 = CARTESIAN_POINT ( 'NONE',  ( -29.11665416314025023, 78.99745766546918446, -54.49999999999992184 ) ) ;
#39 = B_SPLINE_CURVE_WITH_KNOTS ( 'NONE', 3,
 ( #222, #1051, #934, #2, #429, #110, #408, #1260, #307, #449, #876, #465, #1180, #984, #679, #135 ),
 .UNSPECIFIED., .F., .F.,
 ( 4, 2, 2, 2, 2, 2, 2, 4 ),
 ( 0.000000000000000000, 0.001221576178797533245, 0.001832364268196308215, 0.002443152357595083403, 0.003053940446993857940, 0.003664728536392633344, 0.004275516625791409182, 0.004886304715190184153 ),
 .UNSPECIFIED. ) ;
#40 = CARTESIAN_POINT ( 'NONE',  ( -0.5609874755684793879, 32.40127438397294668, 5.500000000000065725 ) ) ;
#41 = CARTESIAN_POINT ( 'NONE',  ( -15.83352905385870457, 64.36216377007582423, -2.499999999999941380 ) ) ;
#42 = CARTESIAN_POINT ( 'NONE',  ( 0.9130850106927319576, 49.25000000000000000, -2.499999999999941380 ) ) ;
#43 = ORIENTED_EDGE ( 'NONE', *, *, #129, .T. ) ;
#44 = CARTESIAN_POINT ( 'NONE',  ( 35.98228526638325064, 77.22100854709630369, -54.49999999999992184 ) ) ;
#45 = FACE_OUTER_BOUND ( 'NONE', #214, .T. ) ;
#46 = CARTESIAN_POINT ( 'NONE',  ( 5.894748686133009841, 77.46101303886887024, 70.50000000000007105 ) ) ;
#47 = LINE ( 'NONE', #364, #833 ) ;
#48 = VERTEX_POINT ( 'NONE', #1270 ) ;
#49 = VECTOR ( 'NONE', #976, 1000.000000000000000 ) ;
#50 = CARTESIAN_POINT ( 'NONE',  ( 35.98228526638325064, 77.22100854709630369, 70.50000000000007105 ) ) ;
#51 = AXIS2_PLACEMENT_3D ( 'NONE', #224, #200, #1055 ) ;
#52 = CARTESIAN_POINT ( 'NONE',  ( -16.57744801085906161, 78.07483167139785962, 1.017697161251019056 ) ) ;
#53 = DIRECTION ( 'NONE',  ( -0.9961946980917455452, 0.08715574274765836016, 0.000000000000000000 ) ) ;
#54 = CARTESIAN_POINT ( 'NONE',  ( -18.21883212596427626, 60.04545138931150206, -2.499999999999934719 ) ) ;
#55 = VERTEX_POINT ( 'NONE', #559 ) ;
#56 = CARTESIAN_POINT ( 'NONE',  ( -4.962131465353969872, 77.67752350921739435, 2.500000000000066613 ) ) ;
#57 = CARTESIAN_POINT ( 'NONE',  ( -14.99415030170923302, 64.30767103321940681, -4.999999999999938716 ) ) ;
#58 = CARTESIAN_POINT ( 'NONE',  ( 51.25889212221194668, 79.46410257299663726, 70.50000000000007105 ) ) ;
#59 = LINE ( 'NONE', #73, #613 ) ;
#60 = DIRECTION ( 'NONE',  ( -0.04817714950311987460, -0.5506673386186167196, -0.8333333333333330373 ) ) ;
#61 = ORIENTED_EDGE ( 'NONE', *, *, #696, .T. ) ;
#62 = DIRECTION ( 'NONE',  ( -0.9961946980917455452, 0.08715574274765836016, -0.000000000000000000 ) ) ;
#63 = EDGE_CURVE ( 'NONE', #1010, #422, #1075, .T. ) ;
#64 = CARTESIAN_POINT ( 'NONE',  ( -18.96446609406726225, 34.01137013253332952, -2.499999999999992006 ) ) ;
#65 = CARTESIAN_POINT ( 'NONE',  ( -41.04511397367672032, 82.37308712487350704, 70.50000000000007105 ) ) ;
#66 = CARTESIAN_POINT ( 'NONE',  ( -19.78769603172462865, 34.08339341955350221, -2.696088231290669768 ) ) ;
#67 = EDGE_LOOP ( 'NONE', ( #933, #1126, #115, #991 ) ) ;
#68 = CARTESIAN_POINT ( 'NONE',  ( -16.60121943035934677, 64.36740907237791021, -5.051396354666904287 ) ) ;
#69 = VECTOR ( 'NONE', #468, 1000.000000000000114 ) ;
#70 = AXIS2_PLACEMENT_3D ( 'NONE', #144, #560, #1077 ) ;
#71 = CARTESIAN_POINT ( 'NONE',  ( -15.74383369661650001, 65.20445835357149633, -4.342706094509297898 ) ) ;
#72 = DIRECTION ( 'NONE',  ( 0.08715574274765836016, 0.9961946980917455452, 0.000000000000000000 ) ) ;
#73 = CARTESIAN_POINT ( 'NONE',  ( -17.82427370760830954, 64.55527474761495910, -4.999999999999940492 ) ) ;
#74 = DIRECTION ( 'NONE',  ( 3.522283948605836748E-16, 1.000000000000000000, -2.668814559451108378E-22 ) ) ;
#75 = VERTEX_POINT ( 'NONE', #971 ) ;
#76 = EDGE_CURVE ( 'NONE', #37, #338, #785, .T. ) ;
#77 = CARTESIAN_POINT ( 'NONE',  ( -15.96831955976103856, 63.12966871824585269, -5.330510920846814216 ) ) ;
#78 = DIRECTION ( 'NONE',  ( -0.08715574274765823526, -0.9961946980917455452, 0.000000000000000000 ) ) ;
#79 = CARTESIAN_POINT ( 'NONE',  ( 51.25889212221194668, 79.46410257299663726, -54.49999999999992895 ) ) ;
#80 = CARTESIAN_POINT ( 'NONE',  ( -14.83568961333307712, 64.29380751937198113, 5.000000000000064837 ) ) ;
#81 = ORIENTED_EDGE ( 'NONE', *, *, #670, .F. ) ;
#82 = DIRECTION ( 'NONE',  ( 1.000000000000000000, -3.630701386744606278E-16, 9.020562075079392947E-16 ) ) ;
#83 = CARTESIAN_POINT ( 'NONE',  ( 56.03601229170773479, 76.93799650564393744, -54.49999999999992895 ) ) ;
#84 = DIRECTION ( 'NONE',  ( -0.08715331084452319910, -0.9961669013117151472, -0.007470283786673330949 ) ) ;
#85 = CARTESIAN_POINT ( 'NONE',  ( 2.099620254226601368, 62.81215989266179633, -4.999999999999940492 ) ) ;
#86 = EDGE_LOOP ( 'NONE', ( #491, #650, #1085, #1201, #1056, #28 ) ) ;
#87 = PLANE ( 'NONE',  #458 ) ;
#88 = ORIENTED_EDGE ( 'NONE', *, *, #329, .F. ) ;
#89 = VECTOR ( 'NONE', #1194, 1000.000000000000000 ) ;
#90 = CARTESIAN_POINT ( 'NONE',  ( 36.72572782056157337, 85.11720425390502953, 70.50000000000007105 ) ) ;
#91 = CIRCLE ( 'NONE', #1213, 2.000000000000000000 ) ;
#92 = DIRECTION ( 'NONE',  ( 0.08715574274765836016, 0.9961946980917455452, -0.000000000000000000 ) ) ;
#93 = FACE_OUTER_BOUND ( 'NONE', #1159, .T. ) ;
#94 = FACE_OUTER_BOUND ( 'NONE', #1078, .T. ) ;
#95 = VERTEX_POINT ( 'NONE', #342 ) ;
#96 = CARTESIAN_POINT ( 'NONE',  ( -15.17199220265995407, 64.37714496938824027, -4.952919715463445449 ) ) ;
#97 = ADVANCED_FACE ( 'NONE', ( #1162 ), #239, .F. ) ;
#98 = DIRECTION ( 'NONE',  ( 1.297777794082045488E-17, 1.483366806371998735E-16, 1.000000000000000000 ) ) ;
#99 = CARTESIAN_POINT ( 'NONE',  ( -15.96184118253971640, 78.05149925451192416, -2.007367535309957596 ) ) ;
#100 = LINE ( 'NONE', #505, #1120 ) ;
#101 = CARTESIAN_POINT ( 'NONE',  ( -16.58728659111363868, 63.30865097690745102, 5.010289011251285451 ) ) ;
#102 = ORIENTED_EDGE ( 'NONE', *, *, #1334, .T. ) ;
#103 = CARTESIAN_POINT ( 'NONE',  ( -15.39972063058815799, 64.50971067578274187, 4.856393938282105971 ) ) ;
#104 = ORIENTED_EDGE ( 'NONE', *, *, #160, .F. ) ;
#105 = CARTESIAN_POINT ( 'NONE',  ( -2.580658242074957087, 95.13575225768124710, 70.50000000000007105 ) ) ;
#106 = CARTESIAN_POINT ( 'NONE',  ( 7.313921019408309299, 93.37072866533212334, -54.49999999999992895 ) ) ;
#107 = CARTESIAN_POINT ( 'NONE',  ( -17.79095390753443695, 64.17449440693407325, 3.233784556043274971 ) ) ;
#108 = CARTESIAN_POINT ( 'NONE',  ( -15.78254950821341751, 63.92552541116349119, 5.386370690793677696 ) ) ;
#109 = ORIENTED_EDGE ( 'NONE', *, *, #598, .F. ) ;
#110 = CARTESIAN_POINT ( 'NONE',  ( -17.33373058762115804, 63.67945249135645014, -4.262856550423144597 ) ) ;
#111 = CARTESIAN_POINT ( 'NONE',  ( -42.80017129429437261, 83.75467257805712507, -54.49999999999992184 ) ) ;
#112 = AXIS2_PLACEMENT_3D ( 'NONE', #1155, #1176, #237 ) ;
#113 = CARTESIAN_POINT ( 'NONE',  ( -15.15803850909536621, 62.99408056782482390, 5.500000000000067502 ) ) ;
#114 = APPLICATION_CONTEXT ( 'automotive_design' ) ;
#115 = ORIENTED_EDGE ( 'NONE', *, *, #1081, .T. ) ;
#116 = CARTESIAN_POINT ( 'NONE',  ( -9.841977309562400578, 1.731897710729035684E-15, -1.843598055105342803 ) ) ;
#117 = EDGE_CURVE ( 'NONE', #757, #762, #1164, .T. ) ;
#118 = ORIENTED_EDGE ( 'NONE', *, *, #595, .T. ) ;
#119 = DIRECTION ( 'NONE',  ( 0.9961946980917455452, -0.08715574274765836016, 0.000000000000000000 ) ) ;
#120 = CARTESIAN_POINT ( 'NONE',  ( -17.59215225726784482, 65.42152995387976944, 4.301640521757409630 ) ) ;
#121 = ORIENTED_EDGE ( 'NONE', *, *, #316, .T. ) ;
#122 = DIRECTION ( 'NONE',  ( 0.000000000000000000, 0.000000000000000000, -1.000000000000000000 ) ) ;
#123 = ADVANCED_FACE ( 'NONE', ( #361 ), #996, .T. ) ;
#124 = ORIENTED_EDGE ( 'NONE', *, *, #966, .F. ) ;
#125 = DIRECTION ( 'NONE',  ( -0.08715574274765836016, -0.9961946980917455452, -0.000000000000000000 ) ) ;
#126 = CARTESIAN_POINT ( 'NONE',  ( -17.82591845004219522, 64.53647525557114761, 2.500000000000065725 ) ) ;
#127 = CARTESIAN_POINT ( 'NONE',  ( -16.17154372882178492, 83.44606484748661046, 8.000000000000071054 ) ) ;
#128 = VERTEX_POINT ( 'NONE', #1296 ) ;
#129 = EDGE_CURVE ( 'NONE', #848, #718, #474, .T. ) ;
#130 = TOROIDAL_SURFACE ( 'NONE', #564, 12.00000000000000000, 2.000000000000000000 ) ;
#131 = CARTESIAN_POINT ( 'NONE',  ( -14.95098582365379158, 62.97596580509606667, 5.500000000000065725 ) ) ;
#132 = CARTESIAN_POINT ( 'NONE',  ( -15.25540325982126255, 70.97017183349920799, 0.5000000000000655032 ) ) ;
#133 = FACE_OUTER_BOUND ( 'NONE', #320, .T. ) ;
#134 = VECTOR ( 'NONE', #796, 1000.000000000000000 ) ;
#135 = CARTESIAN_POINT ( 'NONE',  ( -14.95098582365379158, 62.97596580509606667, -5.499999999999940492 ) ) ;
#136 = ORIENTED_EDGE ( 'NONE', *, *, #1012, .F. ) ;
#137 = CARTESIAN_POINT ( 'NONE',  ( -42.80017129429437261, 83.75467257805712507, 70.50000000000007105 ) ) ;
#138 = DIRECTION ( 'NONE',  ( -0.9961946980917455452, 0.08715574274765836016, 0.000000000000000000 ) ) ;
#139 = PLANE ( 'NONE',  #543 ) ;
#140 = ORIENTED_EDGE ( 'NONE', *, *, #1334, .F. ) ;
#141 = CARTESIAN_POINT ( 'NONE',  ( -15.26155273727719752, 63.77780284390638599, -5.484473035778682615 ) ) ;
#142 = CARTESIAN_POINT ( 'NONE',  ( -17.50000000000000000, 33.88324595118434246, 2.500000000000007994 ) ) ;
#143 = ORIENTED_EDGE ( 'NONE', *, *, #417, .F. ) ;
#144 = CARTESIAN_POINT ( 'NONE',  ( -13.18295963454654895, 83.18459761924363249, 2.500000000000065725 ) ) ;
#145 = ORIENTED_EDGE ( 'NONE', *, *, #647, .T. ) ;
#146 = PLANE ( 'NONE',  #764 ) ;
#147 = CARTESIAN_POINT ( 'NONE',  ( 35.98228526638325064, 77.22100854709630369, 70.50000000000007105 ) ) ;
#148 = DIRECTION ( 'NONE',  ( 0.9961946980917455452, -0.08715574274765836016, 0.000000000000000000 ) ) ;
#149 = AXIS2_PLACEMENT_3D ( 'NONE', #1179, #960, #553 ) ;
#150 = ADVANCED_FACE ( 'NONE', ( #464 ), #1184, .T. ) ;
#151 = ORIENTED_EDGE ( 'NONE', *, *, #673, .T. ) ;
#152 = DIRECTION ( 'NONE',  ( -0.9961946980917455452, 0.08715574274765836016, -0.000000000000000000 ) ) ;
#153 = AXIS2_PLACEMENT_3D ( 'NONE', #331, #122, #1158 ) ;
#154 = CARTESIAN_POINT ( 'NONE',  ( 56.03601229170773479, 76.93799650564393744, 70.50000000000007105 ) ) ;
#155 = CARTESIAN_POINT ( 'NONE',  ( -16.14744961906420784, 78.05837822027535822, 1.821996074057320447 ) ) ;
#156 = CARTESIAN_POINT ( 'NONE',  ( 3.386097193122772353, 77.51665859054129726, 2.500000000000065725 ) ) ;
#157 = ORIENTED_EDGE ( 'NONE', *, *, #510, .F. ) ;
#158 = EDGE_CURVE ( 'NONE', #1256, #597, #746, .T. ) ;
#159 = CARTESIAN_POINT ( 'NONE',  ( -14.83568961333307712, 64.29380751937198113, -4.999999999999940492 ) ) ;
#160 = EDGE_CURVE ( 'NONE', #75, #641, #271, .T. ) ;
#161 = CARTESIAN_POINT ( 'NONE',  ( -20.48488143740339495, 34.14438923892610944, 2.500000000000065725 ) ) ;
#162 = CARTESIAN_POINT ( 'NONE',  ( -42.60023367699834296, 89.10595281740573625, 70.50000000000007105 ) ) ;
#163 = CARTESIAN_POINT ( 'NONE',  ( -45.33492411545202572, 65.63421595889964522, 5.500000000000065725 ) ) ;
#164 = CARTESIAN_POINT ( 'NONE',  ( -19.16331174017422256, 49.25000000000000711, -2.499999999999939604 ) ) ;
#165 = ORIENTED_EDGE ( 'NONE', *, *, #502, .T. ) ;
#166 = CARTESIAN_POINT ( 'NONE',  ( 54.36525534939475079, 76.96569416054622081, 70.50000000000007105 ) ) ;
#167 = ADVANCED_FACE ( 'NONE', ( #288 ), #203, .F. ) ;
#168 = LINE ( 'NONE', #1198, #940 ) ;
#169 = EDGE_CURVE ( 'NONE', #778, #660, #1268, .T. ) ;
#170 = CARTESIAN_POINT ( 'NONE',  ( -16.37710338948476263, 78.06706984144730654, 1.501744977083650179 ) ) ;
#171 = PLANE ( 'NONE',  #194 ) ;
#172 = LINE ( 'NONE', #802, #301 ) ;
#173 = ORIENTED_EDGE ( 'NONE', *, *, #1081, .F. ) ;
#174 = AXIS2_PLACEMENT_3D ( 'NONE', #544, #856, #1276 ) ;
#175 = VECTOR ( 'NONE', #751, 1000.000000000000000 ) ;
#176 = EDGE_CURVE ( 'NONE', #95, #1259, #946, .T. ) ;
#177 = FILL_AREA_STYLE_COLOUR ( '', #216 ) ;
#178 = CARTESIAN_POINT ( 'NONE',  ( -24.12803146178679725, 78.55286828872257843, 70.50000000000007105 ) ) ;
#179 = LINE ( 'NONE', #506, #995 ) ;
#180 = ORIENTED_EDGE ( 'NONE', *, *, #634, .F. ) ;
#181 = CARTESIAN_POINT ( 'NONE',  ( -16.58728659111273274, 63.30865097690807630, -5.010289011251635394 ) ) ;
#182 = CARTESIAN_POINT ( 'NONE',  ( -17.50000000000000000, 33.88324595118434956, -2.499999999999990230 ) ) ;
#183 = CARTESIAN_POINT ( 'NONE',  ( -42.80017129429437261, 83.75467257805712507, -54.49999999999992895 ) ) ;
#184 = LINE ( 'NONE', #1326, #481 ) ;
#185 = EDGE_CURVE ( 'NONE', #1010, #357, #210, .T. ) ;
#186 = EDGE_LOOP ( 'NONE', ( #943, #208, #1156, #648, #736 ) ) ;
#187 = CARTESIAN_POINT ( 'NONE',  ( -15.74448488969640003, 65.22154121913052904, -4.330848446401171614 ) ) ;
#188 = ADVANCED_FACE ( 'NONE', ( #381 ), #807, .T. ) ;
#189 = FACE_OUTER_BOUND ( 'NONE', #1028, .T. ) ;
#190 = CARTESIAN_POINT ( 'NONE',  ( -41.04511397367672032, 82.37308712487350704, -54.49999999999992895 ) ) ;
#191 = LINE ( 'NONE', #983, #524 ) ;
#192 = CARTESIAN_POINT ( 'NONE',  ( -17.49629734312816254, 33.88292201068313858, 5.500000000000065725 ) ) ;
#193 = ORIENTED_EDGE ( 'NONE', *, *, #929, .F. ) ;
#194 = AXIS2_PLACEMENT_3D ( 'NONE', #1310, #586, #376 ) ;
#195 = EDGE_CURVE ( 'NONE', #357, #95, #664, .T. ) ;
#196 = AXIS2_PLACEMENT_3D ( 'NONE', #577, #1107, #78 ) ;
#197 = CARTESIAN_POINT ( 'NONE',  ( 7.313921019408309299, 93.37072866533212334, 70.50000000000007105 ) ) ;
#198 = CARTESIAN_POINT ( 'NONE',  ( -15.28431509676123312, 78.02726446633550950, -2.398047921132884674 ) ) ;
#199 = CARTESIAN_POINT ( 'NONE',  ( 0.9130850106927319576, 49.25000000000000711, 2.500000000000065725 ) ) ;
#200 = DIRECTION ( 'NONE',  ( 0.9961946980917455452, -0.08715574274765836016, 0.000000000000000000 ) ) ;
#201 = ORIENTED_EDGE ( 'NONE', *, *, #1127, .F. ) ;
#202 = CARTESIAN_POINT ( 'NONE',  ( -17.24779265600474787, 71.14448331899453137, -12.49999999999993605 ) ) ;
#203 = PLANE ( 'NONE',  #25 ) ;
#204 = CARTESIAN_POINT ( 'NONE',  ( 1.705061835870637310, 58.30233653435831798, -2.499999999999941380 ) ) ;
#205 = CARTESIAN_POINT ( 'NONE',  ( -15.69644479894227729, 64.98360804225303866, 4.501357448407756756 ) ) ;
#206 = VERTEX_POINT ( 'NONE', #658 ) ;
#207 = DIRECTION ( 'NONE',  ( -0.9961946980917455452, 0.08715574274765836016, -0.000000000000000000 ) ) ;
#208 = ORIENTED_EDGE ( 'NONE', *, *, #266, .T. ) ;
#209 = CARTESIAN_POINT ( 'NONE',  ( -36.52433691778063718, 80.51008528293722577, 70.50000000000007105 ) ) ;
#210 = LINE ( 'NONE', #1002, #523 ) ;
#211 = CARTESIAN_POINT ( 'NONE',  ( -16.96079199999507736, 63.46393913834673128, 4.704182410178651352 ) ) ;
#212 = CARTESIAN_POINT ( 'NONE',  ( -16.18990344951945914, 63.18546046748467404, 5.235946293723259259 ) ) ;
#213 = ADVANCED_FACE ( 'NONE', ( #246 ), #130, .T. ) ;
#214 = EDGE_LOOP ( 'NONE', ( #860, #145, #928, #589 ) ) ;
#215 = CARTESIAN_POINT ( 'NONE',  ( -20.48488143740339851, 34.14438923892610944, -2.499999999999941380 ) ) ;
#216 = COLOUR_RGB ( '',0.7921568627450980005, 0.8196078431372548767, 0.9333333333333333481 ) ;
#217 = ADVANCED_FACE ( 'NONE', ( #133 ), #546, .F. ) ;
#218 = PLANE ( 'NONE',  #698 ) ;
#219 = CARTESIAN_POINT ( 'NONE',  ( -15.74782360776513102, 65.34178156102733226, 4.247712920924388236 ) ) ;
#220 = AXIS2_PLACEMENT_3D ( 'NONE', #649, #573, #1264 ) ;
#221 = CARTESIAN_POINT ( 'NONE',  ( 56.06913147395184183, 77.31655049091880016, 70.50000000000007105 ) ) ;
#222 = CARTESIAN_POINT ( 'NONE',  ( -17.82591845004219522, 64.53647525557114761, -2.499999999999941380 ) ) ;
#223 = ORIENTED_EDGE ( 'NONE', *, *, #438, .F. ) ;
#224 = CARTESIAN_POINT ( 'NONE',  ( -17.24779265600475142, 71.14448331899453137, 12.50000000000006750 ) ) ;
#225 = ORIENTED_EDGE ( 'NONE', *, *, #1211, .T. ) ;
#226 = LINE ( 'NONE', #116, #1191 ) ;
#227 = EDGE_CURVE ( 'NONE', #1131, #384, #253, .T. ) ;
#228 = EDGE_LOOP ( 'NONE', ( #581, #109, #292, #730 ) ) ;
#229 = ADVANCED_FACE ( 'NONE', ( #1271 ), #567, .T. ) ;
#230 = APPLICATION_CONTEXT ( 'automotive_design' ) ;
#231 = CARTESIAN_POINT ( 'NONE',  ( -20.00000000000000000, 34.10196760999915710, 8.101149531628921637E-15 ) ) ;
#232 = ORIENTED_EDGE ( 'NONE', *, *, #879, .T. ) ;
#233 = DIRECTION ( 'NONE',  ( 0.000000000000000000, 0.000000000000000000, -1.000000000000000000 ) ) ;
#234 = ORIENTED_EDGE ( 'NONE', *, *, #1038, .T. ) ;
#235 = CARTESIAN_POINT ( 'NONE',  ( -35.44085912580748499, 93.24021416677835816, -54.49999999999992184 ) ) ;
#236 = AXIS2_PLACEMENT_3D ( 'NONE', #221, #138, #965 ) ;
#237 = DIRECTION ( 'NONE',  ( 2.779109781899464598E-22, 1.000000000000000000, -2.668814559499989665E-22 ) ) ;
#238 =( GEOMETRIC_REPRESENTATION_CONTEXT ( 3 ) GLOBAL_UNCERTAINTY_ASSIGNED_CONTEXT ( ( #1136 ) ) GLOBAL_UNIT_ASSIGNED_CONTEXT ( ( #359, #1192, #915 ) ) REPRESENTATION_CONTEXT ( 'NONE', 'WORKASPACE' ) );
#239 = PLANE ( 'NONE',  #236 ) ;
#240 = AXIS2_PLACEMENT_3D ( 'NONE', #1132, #859, #233 ) ;
#241 = DIRECTION ( 'NONE',  ( -2.779109781899464598E-22, -1.000000000000000000, 2.668814559499989665E-22 ) ) ;
#242 = ORIENTED_EDGE ( 'NONE', *, *, #630, .F. ) ;
#243 = CARTESIAN_POINT ( 'NONE',  ( -14.92482497345489811, 64.30160587738598110, -4.999999978489221064 ) ) ;
#244 = SHAPE_DEFINITION_REPRESENTATION ( #1205, #1015 ) ;
#245 = CARTESIAN_POINT ( 'NONE',  ( 3.735790641891077790, 81.51367299989600212, -2.499999999999937828 ) ) ;
#246 = FACE_OUTER_BOUND ( 'NONE', #392, .T. ) ;
#247 = CYLINDRICAL_SURFACE ( 'NONE', #70, 3.000000000000000000 ) ;
#248 = ORIENTED_EDGE ( 'NONE', *, *, #758, .F. ) ;
#249 = CARTESIAN_POINT ( 'NONE',  ( 56.06913147395184183, 77.31655049091880016, -54.49999999999992895 ) ) ;
#250 = EDGE_CURVE ( 'NONE', #1224, #1226, #448, .T. ) ;
#251 = CARTESIAN_POINT ( 'NONE',  ( -20.00000000000000000, 34.10196760999916421, 1.464466094067270907 ) ) ;
#252 = CARTESIAN_POINT ( 'NONE',  ( -17.59283195044580950, 96.06939856241943687, 70.50000000000007105 ) ) ;
#253 = LINE ( 'NONE', #34, #916 ) ;
#254 = DIRECTION ( 'NONE',  ( -1.000000000000000000, 0.000000000000000000, -1.387778780781416864E-17 ) ) ;
#255 = ORIENTED_EDGE ( 'NONE', *, *, #316, .F. ) ;
#256 = CARTESIAN_POINT ( 'NONE',  ( 1.705061835870637310, 58.30233653435833219, 2.500000000000065725 ) ) ;
#257 = CARTESIAN_POINT ( 'NONE',  ( 54.46161905296319361, 78.03423133676102452, 70.50000000000007105 ) ) ;
#258 = LINE ( 'NONE', #665, #30 ) ;
#259 = EDGE_CURVE ( 'NONE', #1013, #597, #897, .T. ) ;
#260 = VERTEX_POINT ( 'NONE', #1325 ) ;
#261 = AXIS2_PLACEMENT_3D ( 'NONE', #800, #1183, #82 ) ;
#262 = CARTESIAN_POINT ( 'NONE',  ( 2.676101305830167032, 69.40136846404136861, 12.50000000000006750 ) ) ;
#263 = DIRECTION ( 'NONE',  ( 0.000000000000000000, 0.000000000000000000, 1.000000000000000000 ) ) ;
#264 = EDGE_LOOP ( 'NONE', ( #334, #15, #173, #124 ) ) ;
#265 = CARTESIAN_POINT ( 'NONE',  ( 5.894748686133009841, 77.46101303886887024, 70.50000000000007105 ) ) ;
#266 = EDGE_CURVE ( 'NONE', #1274, #811, #59, .T. ) ;
#267 = CARTESIAN_POINT ( 'NONE',  ( -16.53897558198313433, 78.07332555935762741, 1.144713663245058966 ) ) ;
#268 = CARTESIAN_POINT ( 'NONE',  ( -17.93956991792902400, 63.23743303333905175, -3.499999999999940492 ) ) ;
#269 = ORIENTED_EDGE ( 'NONE', *, *, #1248, .T. ) ;
#270 = CARTESIAN_POINT ( 'NONE',  ( -17.59215225726925169, 65.42152995387999681, -4.301640521755907720 ) ) ;
#271 = B_SPLINE_CURVE_WITH_KNOTS ( 'NONE', 3,
 ( #484, #257, #58, #574, #1193, #677, #685, #1291, #697, #982, #252, #888, #1095, #1285, #875, #594, #273, #162, #1099, #578, #65, #775, #477, #896, #1304, #178, #371, #669, #795, #46, #1082, #457, #147, #566, #1113, #925, #816 ),
 .UNSPECIFIED., .F., .F.,
 ( 4, 1, 1, 1, 1, 1, 1, 1, 1, 1, 1, 1, 1, 1, 1, 1, 1, 1, 1, 1, 1, 1, 1, 1, 1, 1, 1, 1, 1, 1, 1, 1, 1, 1, 4 ),
 ( 0.000000000000000000, 0.02536508872464449810, 0.05053612755872174955, 0.1003618701347641917, 0.1496783382512865135, 0.1985585996384787444, 0.2470636409939346301, 0.2952667862627077477, 0.3432976001428697521, 0.3673747411682081188, 0.3916107887708328850, 0.4161594968373788506, 0.4413019252272763482, 0.4543254831295238660, 0.4678815906748556852, 0.4825385968735472764, 0.4909952784889383692, 0.5100263542411189732, 0.5218055463173286723, 0.5291478474586019942, 0.5422089031537518089, 0.5545686619652151483, 0.5667213781472770773, 0.5908249965976484219, 0.6148423246242851192, 0.6388596526509219276, 0.6629000217420070173, 0.7110052231000469902, 0.7591460896194277552, 0.8073219245187539528, 0.8555015182051326494, 0.9036773531044588470, 0.9518386289141608225, 0.9759228589746615778, 1.000000000000000000 ),
 .UNSPECIFIED. ) ;
#272 = DIRECTION ( 'NONE',  ( -0.000000000000000000, -0.000000000000000000, 1.000000000000000000 ) ) ;
#273 = CARTESIAN_POINT ( 'NONE',  ( -40.32868130746133062, 90.89379484917066065, 70.50000000000007105 ) ) ;
#274 = FACE_OUTER_BOUND ( 'NONE', #792, .T. ) ;
#275 = CARTESIAN_POINT ( 'NONE',  ( -1.734723475976807094E-14, -1.734723199251901835E-15, 1.000000000000000444 ) ) ;
#276 = VERTEX_POINT ( 'NONE', #1316 ) ;
#277 = AXIS2_PLACEMENT_3D ( 'NONE', #881, #72, #263 ) ;
#278 = CARTESIAN_POINT ( 'NONE',  ( -17.48563689629806817, 63.80016892704644249, -4.011978576821764619 ) ) ;
#279 = AXIS2_PLACEMENT_3D ( 'NONE', #753, #668, #463 ) ;
#280 = CIRCLE ( 'NONE', #1022, 2.000000000000000000 ) ;
#281 = PLANE ( 'NONE',  #196 ) ;
#282 = CARTESIAN_POINT ( 'NONE',  ( 17.15961649707933034, 91.08366504280270703, -54.49999999999992895 ) ) ;
#283 = DIRECTION ( 'NONE',  ( 0.9961946980917455452, -0.08715574274765836016, 0.000000000000000000 ) ) ;
#284 = LINE ( 'NONE', #275, #387 ) ;
#285 = ORIENTED_EDGE ( 'NONE', *, *, #815, .F. ) ;
#286 = CARTESIAN_POINT ( 'NONE',  ( -15.73717475485246453, 65.46349844731304302, -4.166666666666608343 ) ) ;
#287 = CARTESIAN_POINT ( 'NONE',  ( 54.46161905296319361, 78.03423133676102452, -54.49999999999992184 ) ) ;
#288 = FACE_OUTER_BOUND ( 'NONE', #783, .T. ) ;
#289 = CARTESIAN_POINT ( 'NONE',  ( -17.24779265600475142, 71.14448331899453137, -12.49999999999993605 ) ) ;
#290 = CARTESIAN_POINT ( 'NONE',  ( -17.24779265600475142, 71.14448331899453137, -0.4999999999999362732 ) ) ;
#291 = ORIENTED_EDGE ( 'NONE', *, *, #1038, .F. ) ;
#292 = ORIENTED_EDGE ( 'NONE', *, *, #24, .F. ) ;
#293 = CARTESIAN_POINT ( 'NONE',  ( -10.90393565551269006, 95.95728788105529361, -54.49999999999992184 ) ) ;
#294 = CARTESIAN_POINT ( 'NONE',  ( -2.580658242074957087, 95.13575225768124710, -54.49999999999992895 ) ) ;
#295 = CARTESIAN_POINT ( 'NONE',  ( -17.84213863495234165, 64.35107769368777042, 2.870345767343638776 ) ) ;
#296 =( NAMED_UNIT ( * ) PLANE_ANGLE_UNIT ( ) SI_UNIT ( $, .RADIAN. ) );
#297 = ADVANCED_FACE ( 'NONE', ( #1222 ), #171, .T. ) ;
#298 = ORIENTED_EDGE ( 'NONE', *, *, #406, .T. ) ;
#299 = ORIENTED_EDGE ( 'NONE', *, *, #379, .T. ) ;
#300 = CIRCLE ( 'NONE', #588, 12.00000000000000000 ) ;
#301 = VECTOR ( 'NONE', #478, 1000.000000000000000 ) ;
#302 = CARTESIAN_POINT ( 'NONE',  ( -32.01729343660114324, 94.33411343480264577, -54.49999999999992184 ) ) ;
#303 = CARTESIAN_POINT ( 'NONE',  ( 26.96187877959900447, 88.31892972879855108, -54.49999999999992895 ) ) ;
#304 = CARTESIAN_POINT ( 'NONE',  ( -16.49627370731490572, 63.27836697114790354, 5.066802077307847263 ) ) ;
#305 = CARTESIAN_POINT ( 'NONE',  ( -16.08879948175608021, 64.05622252705464348, 5.289325524356841335 ) ) ;
#306 = ORIENTED_EDGE ( 'NONE', *, *, #1250, .F. ) ;
#307 = CARTESIAN_POINT ( 'NONE',  ( -16.81426925455787824, 63.39800519357778796, -4.835964367705738454 ) ) ;
#308 = EDGE_LOOP ( 'NONE', ( #666, #118, #870, #1335 ) ) ;
#309 = FACE_OUTER_BOUND ( 'NONE', #1069, .T. ) ;
#310 = UNCERTAINTY_MEASURE_WITH_UNIT (LENGTH_MEASURE( 1.000000000000000082E-05 ), #27, 'distance_accuracy_value', 'NONE');
#311 = CARTESIAN_POINT ( 'NONE',  ( -12.46986915943528196, 77.93205911686175114, -54.49999999999992895 ) ) ;
#312 = LINE ( 'NONE', #828, #810 ) ;
#313 = CARTESIAN_POINT ( 'NONE',  ( -14.83568961333307712, 64.29380751937198113, 5.000000000000064837 ) ) ;
#314 = ORIENTED_EDGE ( 'NONE', *, *, #1153, .F. ) ;
#315 = DIRECTION ( 'NONE',  ( 1.000000000000000000, 0.000000000000000000, 1.387778780781415785E-17 ) ) ;
#316 = EDGE_CURVE ( 'NONE', #570, #771, #997, .T. ) ;
#317 = FACE_BOUND ( 'NONE', #1106, .T. ) ;
#318 = CARTESIAN_POINT ( 'NONE',  ( 3.386097193122772353, 77.51665859054129726, 70.50000000000007105 ) ) ;
#319 = CARTESIAN_POINT ( 'NONE',  ( -17.68519559428745680, 64.02237212233335129, 3.549468065414275841 ) ) ;
#320 = EDGE_LOOP ( 'NONE', ( #1114, #1165, #1097, #424, #460 ) ) ;
#321 = CARTESIAN_POINT ( 'NONE',  ( -15.74862285555224695, 65.33264605754722254, 4.253795875566543927 ) ) ;
#322 = ORIENTED_EDGE ( 'NONE', *, *, #993, .F. ) ;
#323 = VECTOR ( 'NONE', #662, 1000.000000000000000 ) ;
#324 = LINE ( 'NONE', #318, #1065 ) ;
#325 = CARTESIAN_POINT ( 'NONE',  ( -15.17199220265963966, 64.37714496938821185, 4.952919715463576011 ) ) ;
#326 = EDGE_LOOP ( 'NONE', ( #1171, #1174, #531, #1150 ) ) ;
#327 = DIRECTION ( 'NONE',  ( 0.000000000000000000, 0.000000000000000000, 1.000000000000000000 ) ) ;
#328 = ORIENTED_EDGE ( 'NONE', *, *, #158, .T. ) ;
#329 = EDGE_CURVE ( 'NONE', #851, #693, #602, .T. ) ;
#330 = ORIENTED_EDGE ( 'NONE', *, *, #1303, .T. ) ;
#331 = CARTESIAN_POINT ( 'NONE',  ( -43.56689792634478664, 85.84284777304721104, 5.500000000000065725 ) ) ;
#332 = EDGE_LOOP ( 'NONE', ( #819, #1101, #242, #285 ) ) ;
#333 = CARTESIAN_POINT ( 'NONE',  ( 1.705061835870637310, 58.30233653435833219, 2.500000000000065725 ) ) ;
#334 = ORIENTED_EDGE ( 'NONE', *, *, #117, .T. ) ;
#335 = CARTESIAN_POINT ( 'NONE',  ( -43.56689792634478664, 85.84284777304721104, -2.499999999999941380 ) ) ;
#336 = DIRECTION ( 'NONE',  ( -1.387778780781445676E-17, -1.586238404899426010E-16, 1.000000000000000000 ) ) ;
#337 = PRODUCT_RELATED_PRODUCT_CATEGORY ( 'part', '', ( #621 ) ) ;
#338 = VERTEX_POINT ( 'NONE', #382 ) ;
#339 = LINE ( 'NONE', #1086, #1088 ) ;
#340 = ADVANCED_FACE ( 'NONE', ( #1207, #274 ), #1003, .F. ) ;
#341 = DIRECTION ( 'NONE',  ( 0.08715574274765836016, 0.9961946980917455452, -0.000000000000000000 ) ) ;
#342 = CARTESIAN_POINT ( 'NONE',  ( -14.63992494677433420, 78.00512114284089193, -2.499999999999937828 ) ) ;
#343 = AXIS2_PLACEMENT_3D ( 'NONE', #268, #1333, #611 ) ;
#344 = CARTESIAN_POINT ( 'NONE',  ( 2.676101305830167032, 69.40136846404138282, -2.499999999999936495 ) ) ;
#345 = ORIENTED_EDGE ( 'NONE', *, *, #17, .F. ) ;
#346 = LINE ( 'NONE', #784, #854 ) ;
#347 = EDGE_CURVE ( 'NONE', #1306, #757, #300, .T. ) ;
#348 = CARTESIAN_POINT ( 'NONE',  ( 0.000000000000000000, 2.767248990469796976E-22, 1.000000000000000444 ) ) ;
#349 = DIRECTION ( 'NONE',  ( 0.000000000000000000, 0.000000000000000000, -1.000000000000000000 ) ) ;
#350 = CYLINDRICAL_SURFACE ( 'NONE', #873, 2.499999999999998668 ) ;
#351 = ORIENTED_EDGE ( 'NONE', *, *, #450, .T. ) ;
#352 = CARTESIAN_POINT ( 'NONE',  ( -4.127128385756455131, 77.64921431343691438, 70.50000000000007105 ) ) ;
#353 = CARTESIAN_POINT ( 'NONE',  ( -20.48488143740339495, 34.14438923892610944, 2.500000000000065725 ) ) ;
#354 = APPLICATION_PROTOCOL_DEFINITION ( 'draft international standard', 'automotive_design', 1998, #230 ) ;
#355 = CARTESIAN_POINT ( 'NONE',  ( -16.64124641340296407, 78.07733859597628623, 0.5000000000000646150 ) ) ;
#356 = LINE ( 'NONE', #569, #1261 ) ;
#357 = VERTEX_POINT ( 'NONE', #710 ) ;
#358 = CARTESIAN_POINT ( 'NONE',  ( -0.5609874755684758352, 32.40127438397294668, -1.048084640763011999 ) ) ;
#359 =( LENGTH_UNIT ( ) NAMED_UNIT ( * ) SI_UNIT ( .MILLI., .METRE. ) );
#360 = AXIS2_PLACEMENT_3D ( 'NONE', #1199, #349, #469 ) ;
#361 = FACE_OUTER_BOUND ( 'NONE', #332, .T. ) ;
#362 = EDGE_CURVE ( 'NONE', #1020, #393, #191, .T. ) ;
#363 = CARTESIAN_POINT ( 'NONE',  ( -45.33492411545202572, 65.63421595889964522, -5.499999999999940492 ) ) ;
#364 = CARTESIAN_POINT ( 'NONE',  ( -16.64124641340296407, 78.07733859597628623, 70.50000000000007105 ) ) ;
#365 = VECTOR ( 'NONE', #739, 1000.000000000000000 ) ;
#366 = ORIENTED_EDGE ( 'NONE', *, *, #829, .F. ) ;
#367 = VECTOR ( 'NONE', #336, 1000.000000000000000 ) ;
#368 = EDGE_CURVE ( 'NONE', #1071, #939, #1298, .T. ) ;
#369 = CARTESIAN_POINT ( 'NONE',  ( -15.21839189606931342, 62.99936083435996181, -5.499999999999940492 ) ) ;
#370 = VECTOR ( 'NONE', #36, 999.9999999999998863 ) ;
#371 = CARTESIAN_POINT ( 'NONE',  ( -19.14113242964750228, 78.15681675875543988, 70.50000000000007105 ) ) ;
#372 = LINE ( 'NONE', #399, #1104 ) ;
#373 = ORIENTED_EDGE ( 'NONE', *, *, #362, .F. ) ;
#374 = CARTESIAN_POINT ( 'NONE',  ( -14.47311554372171827, 77.99945361153663725, -2.499999999999937828 ) ) ;
#375 = CARTESIAN_POINT ( 'NONE',  ( -14.63992494677433420, 78.00512114284089193, 2.500000000000066613 ) ) ;
#376 = DIRECTION ( 'NONE',  ( -0.9961946980917455452, 0.08715574274765836016, 0.000000000000000000 ) ) ;
#377 = DIRECTION ( 'NONE',  ( -0.9925827447676008886, 0.08683973777861093979, -0.08507852098007942510 ) ) ;
#378 = ORIENTED_EDGE ( 'NONE', *, *, #929, .T. ) ;
#379 = EDGE_CURVE ( 'NONE', #771, #1064, #932, .T. ) ;
#380 = CARTESIAN_POINT ( 'NONE',  ( -15.14516216683277783, 64.35738216319010974, -4.967605322239537102 ) ) ;
#381 = FACE_OUTER_BOUND ( 'NONE', #712, .T. ) ;
#382 = CARTESIAN_POINT ( 'NONE',  ( -17.50000000000001776, 4.429268570641297914E-15, -2.499999999999991562 ) ) ;
#383 = DIRECTION ( 'NONE',  ( -0.08715574274765836016, -0.9961946980917455452, 0.000000000000000000 ) ) ;
#384 = VERTEX_POINT ( 'NONE', #204 ) ;
#385 = CARTESIAN_POINT ( 'NONE',  ( -15.74782360776341683, 65.34178156102807122, -4.247712920923669699 ) ) ;
#386 = PRESENTATION_LAYER_ASSIGNMENT (  '', '', ( #637 ) ) ;
#387 = VECTOR ( 'NONE', #74, 1000.000000000000000 ) ;
#388 = CARTESIAN_POINT ( 'NONE',  ( -0.5609874755684793879, 32.40127438397294668, 5.500000000000065725 ) ) ;
#389 = ADVANCED_FACE ( 'NONE', ( #93 ), #218, .F. ) ;
#390 = CARTESIAN_POINT ( 'NONE',  ( -14.77198998310924871, 78.00960819641181843, -2.499999999999937828 ) ) ;
#391 = DIRECTION ( 'NONE',  ( 0.000000000000000000, 0.000000000000000000, -1.000000000000000000 ) ) ;
#392 = EDGE_LOOP ( 'NONE', ( #437, #140, #291, #1287 ) ) ;
#393 = VERTEX_POINT ( 'NONE', #1229 ) ;
#394 = EDGE_CURVE ( 'NONE', #422, #1050, #324, .T. ) ;
#395 = CARTESIAN_POINT ( 'NONE',  ( -27.74618499271291938, 95.22048175738241582, -54.49999999999992184 ) ) ;
#396 = CARTESIAN_POINT ( 'NONE',  ( -29.11665416314025023, 78.99745766546918446, -54.49999999999992895 ) ) ;
#397 = EDGE_CURVE ( 'NONE', #1226, #968, #100, .T. ) ;
#398 = CARTESIAN_POINT ( 'NONE',  ( -15.25540325982126255, 70.97017183349922220, -12.49999999999993605 ) ) ;
#399 = CARTESIAN_POINT ( 'NONE',  ( 56.06913147395184183, 77.31655049091880016, -54.49999999999992895 ) ) ;
#400 = ORIENTED_EDGE ( 'NONE', *, *, #913, .T. ) ;
#401 = CARTESIAN_POINT ( 'NONE',  ( -15.37289543961757587, 64.49874644202714080, -4.863969182533159241 ) ) ;
#402 = CARTESIAN_POINT ( 'NONE',  ( 56.06913147395184183, 77.31655049091880016, -54.49999999999992184 ) ) ;
#403 = CARTESIAN_POINT ( 'NONE',  ( -16.23884678019060246, 78.06176506724999342, -1.730913744535939713 ) ) ;
#404 = DIRECTION ( 'NONE',  ( -0.000000000000000000, 0.000000000000000000, -1.000000000000000000 ) ) ;
#405 = CARTESIAN_POINT ( 'NONE',  ( -17.80993498964492261, 64.24396074559750502, 3.091054399875081682 ) ) ;
#406 = EDGE_CURVE ( 'NONE', #641, #75, #1251, .T. ) ;
#407 = ORIENTED_EDGE ( 'NONE', *, *, #670, .T. ) ;
#408 = CARTESIAN_POINT ( 'NONE',  ( -17.22131168791867495, 63.60521332870014533, -4.416471149544168640 ) ) ;
#409 = CIRCLE ( 'NONE', #1166, 10.00000000000000000 ) ;
#410 = AXIS2_PLACEMENT_3D ( 'NONE', #1279, #1091, #1286 ) ;
#411 = CYLINDRICAL_SURFACE ( 'NONE', #919, 10.00000000000000000 ) ;
#412 = CARTESIAN_POINT ( 'NONE',  ( -14.90185414130576547, 78.01404395493601385, -2.487069239873263005 ) ) ;
#413 = CARTESIAN_POINT ( 'NONE',  ( -0.5609874755684793879, 32.40127438397294668, 5.500000000000065725 ) ) ;
#414 = CARTESIAN_POINT ( 'NONE',  ( -15.26155273727779260, 63.77780284390638599, 5.484473035778766103 ) ) ;
#415 = ORIENTED_EDGE ( 'NONE', *, *, #1142, .T. ) ;
#416 = DIRECTION ( 'NONE',  ( -0.9963466490417509647, 3.509412972688475853E-16, -0.08540114134643517207 ) ) ;
#417 = EDGE_CURVE ( 'NONE', #597, #11, #1177, .T. ) ;
#418 = EDGE_LOOP ( 'NONE', ( #953, #605 ) ) ;
#419 = CARTESIAN_POINT ( 'NONE',  ( 36.72572782056157337, 85.11720425390502953, -54.49999999999992184 ) ) ;
#420 = CARTESIAN_POINT ( 'NONE',  ( -17.52564819001864294, 63.83570428525526808, 3.938165074343614958 ) ) ;
#421 = CARTESIAN_POINT ( 'NONE',  ( -17.62928658723389930, 63.94767980230989224, 3.704886809864435193 ) ) ;
#422 = VERTEX_POINT ( 'NONE', #726 ) ;
#423 = DIRECTION ( 'NONE',  ( 0.000000000000000000, 0.000000000000000000, -1.000000000000000000 ) ) ;
#424 = ORIENTED_EDGE ( 'NONE', *, *, #900, .F. ) ;
#425 = EDGE_CURVE ( 'NONE', #851, #672, #1281, .T. ) ;
#426 = CARTESIAN_POINT ( 'NONE',  ( -16.32179304420493793, 63.22360864015162463, 5.167841588897920779 ) ) ;
#427 = CARTESIAN_POINT ( 'NONE',  ( -17.10456211578755159, 64.81437985581966643, 4.719559774787805750 ) ) ;
#428 = ORIENTED_EDGE ( 'NONE', *, *, #406, .F. ) ;
#429 = CARTESIAN_POINT ( 'NONE',  ( -17.52564819001865004, 63.83570428525523965, -3.938165074343484839 ) ) ;
#430 = ORIENTED_EDGE ( 'NONE', *, *, #195, .F. ) ;
#431 = VECTOR ( 'NONE', #882, 1000.000000000000114 ) ;
#432 = ADVANCED_FACE ( 'NONE', ( #1244 ), #533, .F. ) ;
#433 = AXIS2_PLACEMENT_3D ( 'NONE', #716, #849, #527 ) ;
#434 = CIRCLE ( 'NONE', #1046, 3.000000000000000000 ) ;
#435 = LINE ( 'NONE', #20, #744 ) ;
#436 = DIRECTION ( 'NONE',  ( 2.779109781899464598E-22, 1.000000000000000000, -2.668814559499989665E-22 ) ) ;
#437 = ORIENTED_EDGE ( 'NONE', *, *, #35, .T. ) ;
#438 = EDGE_CURVE ( 'NONE', #641, #660, #312, .T. ) ;
#439 = CARTESIAN_POINT ( 'NONE',  ( -14.19571392376034780, 83.08247636935385572, -0.4999999999999379940 ) ) ;
#440 = DIRECTION ( 'NONE',  ( -0.08715574274765836016, -0.9961946980917455452, 1.489033026589533876E-16 ) ) ;
#441 = EDGE_CURVE ( 'NONE', #276, #48, #620, .T. ) ;
#442 = DIRECTION ( 'NONE',  ( 0.9961946980917455452, -0.08715574274765836016, 0.000000000000000000 ) ) ;
#443 = CARTESIAN_POINT ( 'NONE',  ( -17.82427370760830954, 64.55527474761495910, 5.000000000000063949 ) ) ;
#444 = ORIENTED_EDGE ( 'NONE', *, *, #988, .T. ) ;
#445 = CARTESIAN_POINT ( 'NONE',  ( 51.02324954362670439, 77.02109762537422455, 70.50000000000007105 ) ) ;
#446 = PRODUCT_DEFINITION_CONTEXT ( 'detailed design', #114, 'design' ) ;
#447 = ORIENTED_EDGE ( 'NONE', *, *, #1289, .T. ) ;
#448 = LINE ( 'NONE', #1278, #431 ) ;
#449 = CARTESIAN_POINT ( 'NONE',  ( -16.49627370731490217, 63.27836697114786091, -5.066802077307726471 ) ) ;
#450 = EDGE_CURVE ( 'NONE', #276, #1246, #614, .T. ) ;
#451 = ORIENTED_EDGE ( 'NONE', *, *, #17, .T. ) ;
#452 = CARTESIAN_POINT ( 'NONE',  ( 15.92268146270501461, 77.38861203794263588, -54.49999999999992184 ) ) ;
#453 = VECTOR ( 'NONE', #440, 1000.000000000000000 ) ;
#454 = AXIS2_PLACEMENT_3D ( 'NONE', #776, #442, #1172 ) ;
#455 = PLANE ( 'NONE',  #676 ) ;
#456 = VECTOR ( 'NONE', #844, 1000.000000000000114 ) ;
#457 = CARTESIAN_POINT ( 'NONE',  ( 25.95291349136770620, 77.29950322105925409, 70.50000000000007105 ) ) ;
#458 = AXIS2_PLACEMENT_3D ( 'NONE', #127, #839, #1045 ) ;
#459 = FACE_OUTER_BOUND ( 'NONE', #1133, .T. ) ;
#460 = ORIENTED_EDGE ( 'NONE', *, *, #1250, .T. ) ;
#461 = ADVANCED_FACE ( 'NONE', ( #631 ), #29, .T. ) ;
#462 = CARTESIAN_POINT ( 'NONE',  ( -17.82591845004219522, 64.53647525557114761, -2.499999999999941380 ) ) ;
#463 = DIRECTION ( 'NONE',  ( -0.9961946980917455452, 0.08715574274765836016, 0.000000000000000000 ) ) ;
#464 = FACE_OUTER_BOUND ( 'NONE', #326, .T. ) ;
#465 = CARTESIAN_POINT ( 'NONE',  ( -15.95471285172770592, 63.12821551233080442, -5.331095885409031787 ) ) ;
#466 = ORIENTED_EDGE ( 'NONE', *, *, #1187, .T. ) ;
#467 = CARTESIAN_POINT ( 'NONE',  ( -12.46986915943528196, 77.93205911686175114, 70.50000000000007105 ) ) ;
#468 = DIRECTION ( 'NONE',  ( 0.08715574274765836016, 0.9961946980917455452, 0.000000000000000000 ) ) ;
#469 = DIRECTION ( 'NONE',  ( -0.9961946980917455452, 0.08715574274765836016, 0.000000000000000000 ) ) ;
#470 = DIRECTION ( 'NONE',  ( 0.000000000000000000, 0.000000000000000000, 1.000000000000000000 ) ) ;
#471 = CARTESIAN_POINT ( 'NONE',  ( -9.841977309562400578, 1.731897710729035684E-15, -1.843598055105342803 ) ) ;
#472 = EDGE_LOOP ( 'NONE', ( #1047, #706, #857, #561, #351 ) ) ;
#473 = CARTESIAN_POINT ( 'NONE',  ( -14.95098582365378981, 62.97596580509608089, -5.499999999999940492 ) ) ;
#474 = B_SPLINE_CURVE_WITH_KNOTS ( 'NONE', 3,
 ( #355, #801, #1206, #52, #267, #1090, #170, #903, #155, #1178, #1309, #977, #788, #375 ),
 .UNSPECIFIED., .F., .F.,
 ( 4, 2, 2, 2, 2, 2, 4 ),
 ( 2.168404344971008868E-19, 0.0003908006319814185444, 0.0007816012639628368720, 0.001172401895944255200, 0.001563202527925673527, 0.002344803791888503894, 0.003126405055851339682 ),
 .UNSPECIFIED. ) ;
#475 = EDGE_CURVE ( 'NONE', #1327, #570, #1138, .T. ) ;
#476 = LINE ( 'NONE', #388, #69 ) ;
#477 = CARTESIAN_POINT ( 'NONE',  ( -36.52433691778063718, 80.51008528293722577, 70.50000000000007105 ) ) ;
#478 = DIRECTION ( 'NONE',  ( 0.9925827447676007775, -0.08683973777861092591, -0.08507852098008053532 ) ) ;
#479 = AXIS2_PLACEMENT_3D ( 'NONE', #1027, #1122, #734 ) ;
#480 = ORIENTED_EDGE ( 'NONE', *, *, #347, .F. ) ;
#481 = VECTOR ( 'NONE', #817, 1000.000000000000000 ) ;
#482 = CARTESIAN_POINT ( 'NONE',  ( -17.39819221335932298, 63.72733988703190278, -4.163680842964446072 ) ) ;
#483 = CARTESIAN_POINT ( 'NONE',  ( -15.74862285555225405, 65.33264605754722254, -4.253795875566420470 ) ) ;
#484 = CARTESIAN_POINT ( 'NONE',  ( 56.06913147395184183, 77.31655049091880016, 70.50000000000007105 ) ) ;
#485 = CARTESIAN_POINT ( 'NONE',  ( -20.48488143740339495, 34.14438923892610944, 5.500000000000065725 ) ) ;
#486 = CARTESIAN_POINT ( 'NONE',  ( -0.5609874755684793879, 32.40127438397294668, -5.499999999999940492 ) ) ;
#487 = ORIENTED_EDGE ( 'NONE', *, *, #1153, .T. ) ;
#488 = CARTESIAN_POINT ( 'NONE',  ( -19.16331174017422256, 49.25000000000000711, -29.73513398164236676 ) ) ;
#489 = DIRECTION ( 'NONE',  ( -0.9961946980917455452, 0.08715574274765836016, -0.000000000000000000 ) ) ;
#490 = DIRECTION ( 'NONE',  ( 4.336808689942017736E-15, 4.857225732735059864E-14, 1.000000000000000000 ) ) ;
#491 = ORIENTED_EDGE ( 'NONE', *, *, #1297, .F. ) ;
#492 = SURFACE_SIDE_STYLE ('',( #886 ) ) ;
#493 = CARTESIAN_POINT ( 'NONE',  ( -17.59283195044580950, 96.06939856241943687, -54.49999999999992895 ) ) ;
#494 = LINE ( 'NONE', #164, #765 ) ;
#495 = AXIS2_PLACEMENT_3D ( 'NONE', #132, #545, #959 ) ;
#496 = ORIENTED_EDGE ( 'NONE', *, *, #988, .F. ) ;
#497 = AXIS2_PLACEMENT_3D ( 'NONE', #335, #1083, #53 ) ;
#498 = VECTOR ( 'NONE', #272, 1000.000000000000000 ) ;
#499 = VERTEX_POINT ( 'NONE', #199 ) ;
#500 = ADVANCED_FACE ( 'NONE', ( #823 ), #146, .F. ) ;
#501 = AXIS2_PLACEMENT_3D ( 'NONE', #1255, #207, #327 ) ;
#502 = EDGE_CURVE ( 'NONE', #1050, #48, #964, .T. ) ;
#503 = CARTESIAN_POINT ( 'NONE',  ( -22.64839325341559828, 95.83571907887558439, 70.50000000000007105 ) ) ;
#504 = CARTESIAN_POINT ( 'NONE',  ( 36.72572782056157337, 85.11720425390502953, -54.49999999999992895 ) ) ;
#505 = CARTESIAN_POINT ( 'NONE',  ( 0.9130850106927319576, 49.25000000000000711, -2.499999999999939604 ) ) ;
#506 = CARTESIAN_POINT ( 'NONE',  ( -14.88162506069841129, 63.76876295343550538, -5.499999999999940492 ) ) ;
#507 = ORIENTED_EDGE ( 'NONE', *, *, #966, .T. ) ;
#508 = CARTESIAN_POINT ( 'NONE',  ( -16.18990344952036153, 63.18546046748404876, -5.235946293722666844 ) ) ;
#509 = CARTESIAN_POINT ( 'NONE',  ( 56.06913147395184183, 77.31655049091880016, 70.50000000000007105 ) ) ;
#510 = EDGE_CURVE ( 'NONE', #693, #1293, #867, .T. ) ;
#511 = CARTESIAN_POINT ( 'NONE',  ( 44.33861451136826304, 77.08433575164934837, -54.49999999999992895 ) ) ;
#512 = DIRECTION ( 'NONE',  ( 0.000000000000000000, 0.000000000000000000, 1.000000000000000000 ) ) ;
#513 = CARTESIAN_POINT ( 'NONE',  ( -17.48563689629761342, 63.80016892704642828, 4.011978576822787801 ) ) ;
#514 = ADVANCED_FACE ( 'NONE', ( #759 ), #1170, .T. ) ;
#515 = ORIENTED_EDGE ( 'NONE', *, *, #1023, .F. ) ;
#516 = CARTESIAN_POINT ( 'NONE',  ( -14.99415030170923657, 64.30767103321939260, 5.000000000000064837 ) ) ;
#517 = CARTESIAN_POINT ( 'NONE',  ( -42.60023367699834296, 89.10595281740573625, -54.49999999999992184 ) ) ;
#518 = CARTESIAN_POINT ( 'NONE',  ( -22.64839325341559828, 95.83571907887558439, -54.49999999999992895 ) ) ;
#519 = CARTESIAN_POINT ( 'NONE',  ( -15.95471285172770592, 63.12821551233083284, 5.331095885409155244 ) ) ;
#520 = CARTESIAN_POINT ( 'NONE',  ( -15.65441971901044482, 64.86747869502698904, 4.586660714561010543 ) ) ;
#521 = ORIENTED_EDGE ( 'NONE', *, *, #655, .F. ) ;
#522 = CARTESIAN_POINT ( 'NONE',  ( -19.16331174017422256, 49.25000000000000711, 2.500000000000065725 ) ) ;
#523 = VECTOR ( 'NONE', #489, 1000.000000000000000 ) ;
#524 = VECTOR ( 'NONE', #889, 1000.000000000000000 ) ;
#525 = VECTOR ( 'NONE', #603, 1000.000000000000114 ) ;
#526 = CARTESIAN_POINT ( 'NONE',  ( -33.24344218756262137, 79.71826876324523425, 70.50000000000007105 ) ) ;
#527 = DIRECTION ( 'NONE',  ( -0.9961946980917455452, 0.08715574274765836016, 0.000000000000000000 ) ) ;
#528 = CARTESIAN_POINT ( 'NONE',  ( -15.01062646127506106, 64.32043726226324054, 4.990012714124888227 ) ) ;
#529 = VERTEX_POINT ( 'NONE', #348 ) ;
#530 = FACE_OUTER_BOUND ( 'NONE', #728, .T. ) ;
#531 = ORIENTED_EDGE ( 'NONE', *, *, #35, .F. ) ;
#532 = ADVANCED_FACE ( 'NONE', ( #766 ), #455, .T. ) ;
#533 = PLANE ( 'NONE',  #433 ) ;
#534 = CARTESIAN_POINT ( 'NONE',  ( -16.81741555529433185, 64.53909030369355548, 4.921850008041363189 ) ) ;
#535 = ORIENTED_EDGE ( 'NONE', *, *, #259, .T. ) ;
#536 = CARTESIAN_POINT ( 'NONE',  ( -15.50026179131401349, 64.61004547440073509, 4.779709185115883940 ) ) ;
#537 = ORIENTED_EDGE ( 'NONE', *, *, #805, .F. ) ;
#538 = DIRECTION ( 'NONE',  ( 0.08715574274765836016, 0.9961946980917455452, 0.000000000000000000 ) ) ;
#539 = CARTESIAN_POINT ( 'NONE',  ( -15.37289543961777838, 64.49874644202687080, 4.863969182533515401 ) ) ;
#540 = CARTESIAN_POINT ( 'NONE',  ( -17.24779265600475142, 71.14448331899453137, -0.4999999999999362732 ) ) ;
#541 = ORIENTED_EDGE ( 'NONE', *, *, #169, .T. ) ;
#542 = AXIS2_PLACEMENT_3D ( 'NONE', #579, #808, #470 ) ;
#543 = AXIS2_PLACEMENT_3D ( 'NONE', #471, #761, #575 ) ;
#544 = CARTESIAN_POINT ( 'NONE',  ( 0.9130850106927319576, 49.25000000000000711, -29.73513398164236676 ) ) ;
#545 = DIRECTION ( 'NONE',  ( -0.08715574274765836016, -0.9961946980917455452, 0.000000000000000000 ) ) ;
#546 = PLANE ( 'NONE',  #149 ) ;
#547 = LINE ( 'NONE', #1272, #367 ) ;
#548 = ORIENTED_EDGE ( 'NONE', *, *, #1067, .T. ) ;
#549 = CARTESIAN_POINT ( 'NONE',  ( -33.24344218756262137, 79.71826876324523425, -54.49999999999992184 ) ) ;
#550 = ADVANCED_FACE ( 'NONE', ( #1263 ), #1161, .F. ) ;
#551 = CARTESIAN_POINT ( 'NONE',  ( -20.48488143740339495, 34.14438923892610944, 5.500000000000065725 ) ) ;
#552 = ORIENTED_EDGE ( 'NONE', *, *, #1273, .T. ) ;
#553 = DIRECTION ( 'NONE',  ( 1.000000000000000000, -3.630701386744604799E-16, 1.387778780781445676E-17 ) ) ;
#554 = EDGE_CURVE ( 'NONE', #128, #848, #656, .T. ) ;
#555 = LINE ( 'NONE', #1062, #855 ) ;
#556 = ORIENTED_EDGE ( 'NONE', *, *, #1297, .T. ) ;
#557 = CARTESIAN_POINT ( 'NONE',  ( 5.894748686133009841, 77.46101303886887024, -54.49999999999992184 ) ) ;
#558 = CARTESIAN_POINT ( 'NONE',  ( -0.5609874755684793879, 32.40127438397294668, 2.500000000000065725 ) ) ;
#559 = CARTESIAN_POINT ( 'NONE',  ( -3.176200821053897965E-14, 38.81339057091403788, 1.000000000000002665 ) ) ;
#560 = DIRECTION ( 'NONE',  ( 0.08715574274765836016, 0.9961946980917455452, 0.000000000000000000 ) ) ;
#561 = ORIENTED_EDGE ( 'NONE', *, *, #441, .F. ) ;
#562 = CARTESIAN_POINT ( 'NONE',  ( 44.33861451136826304, 77.08433575164934837, 70.50000000000007105 ) ) ;
#563 = CIRCLE ( 'NONE', #495, 2.000000000000000000 ) ;
#564 = AXIS2_PLACEMENT_3D ( 'NONE', #863, #1157, #1061 ) ;
#565 = DIRECTION ( 'NONE',  ( 0.000000000000000000, 0.000000000000000000, 1.000000000000000000 ) ) ;
#566 = CARTESIAN_POINT ( 'NONE',  ( 44.33861451136826304, 77.08433575164934837, 70.50000000000007105 ) ) ;
#567 = PLANE ( 'NONE',  #497 ) ;
#568 = CIRCLE ( 'NONE', #501, 10.00000000000000000 ) ;
#569 = CARTESIAN_POINT ( 'NONE',  ( -19.16331174017422256, 49.25000000000000711, 2.500000000000065725 ) ) ;
#570 = VERTEX_POINT ( 'NONE', #780 ) ;
#571 = FACE_OUTER_BOUND ( 'NONE', #264, .T. ) ;
#572 = EDGE_CURVE ( 'NONE', #999, #1020, #684, .T. ) ;
#573 = DIRECTION ( 'NONE',  ( 0.000000000000000000, 0.000000000000000000, 1.000000000000000000 ) ) ;
#574 = CARTESIAN_POINT ( 'NONE',  ( 44.81748775505464977, 82.11665666955467202, 70.50000000000007105 ) ) ;
#575 = DIRECTION ( 'NONE',  ( -0.9963466490417509647, 3.509412972688475853E-16, -0.08540114134643517207 ) ) ;
#576 = ORIENTED_EDGE ( 'NONE', *, *, #329, .T. ) ;
#577 = CARTESIAN_POINT ( 'NONE',  ( -19.16331174017422256, 49.25000000000000711, -29.73513398164236676 ) ) ;
#578 = CARTESIAN_POINT ( 'NONE',  ( -42.80017129429437261, 83.75467257805712507, 70.50000000000007105 ) ) ;
#579 = CARTESIAN_POINT ( 'NONE',  ( 3.752350233013131309, 81.70294999253344770, 8.000000000000071054 ) ) ;
#580 = CARTESIAN_POINT ( 'NONE',  ( -20.48488143740339495, 34.14438923892610944, -2.499999999999939604 ) ) ;
#581 = ORIENTED_EDGE ( 'NONE', *, *, #634, .T. ) ;
#582 = CARTESIAN_POINT ( 'NONE',  ( -14.47311554372171827, 77.99945361153663725, 2.500000000000066613 ) ) ;
#583 = CARTESIAN_POINT ( 'NONE',  ( -15.50026179131401527, 64.61004547440072088, -4.779709185115757819 ) ) ;
#584 = AXIS2_PLACEMENT_3D ( 'NONE', #41, #781, #585 ) ;
#585 = DIRECTION ( 'NONE',  ( 0.04817714950311988154, 0.5506673386186168306, -0.8333333333333328152 ) ) ;
#586 = DIRECTION ( 'NONE',  ( 0.000000000000000000, 0.000000000000000000, -1.000000000000000000 ) ) ;
#587 = CARTESIAN_POINT ( 'NONE',  ( -13.18295963454654895, 83.18459761924363249, -2.499999999999941380 ) ) ;
#588 = AXIS2_PLACEMENT_3D ( 'NONE', #289, #1216, #704 ) ;
#589 = ORIENTED_EDGE ( 'NONE', *, *, #502, .F. ) ;
#590 = AXIS2_PLACEMENT_3D ( 'NONE', #10, #436, #315 ) ;
#591 = CARTESIAN_POINT ( 'NONE',  ( -15.61779724086680687, 63.86840590214604418, -5.427198294891683261 ) ) ;
#592 = CARTESIAN_POINT ( 'NONE',  ( 3.386097193122772353, 77.51665859054129726, -2.499999999999937828 ) ) ;
#593 = B_SPLINE_SURFACE_WITH_KNOTS ( 'NONE', 3, 1, ( 
 ( #509, #402 ),
 ( #826, #287 ),
 ( #1160, #1220 ),
 ( #1249, #732 ),
 ( #90, #419 ),
 ( #714, #608 ),
 ( #708, #1119 ),
 ( #197, #930 ),
 ( #105, #624 ),
 ( #738, #293 ),
 ( #1233, #1014 ),
 ( #503, #924 ),
 ( #1330, #395 ),
 ( #1135, #302 ),
 ( #618, #235 ),
 ( #821, #1037 ),
 ( #843, #653 ),
 ( #1227, #517 ),
 ( #1066, #724 ),
 ( #137, #111 ),
 ( #1025, #935 ),
 ( #834, #1242 ),
 ( #209, #814 ),
 ( #526, #549 ),
 ( #963, #38 ),
 ( #980, #793 ),
 ( #1275, #1197 ),
 ( #467, #974 ),
 ( #352, #772 ),
 ( #265, #557 ),
 ( #1098, #452 ),
 ( #885, #779 ),
 ( #50, #44 ),
 ( #562, #1294 ),
 ( #445, #1167 ),
 ( #166, #1282 ),
 ( #1175, #986 ) ),
 .UNSPECIFIED., .F., .F., .F.,
 ( 4, 1, 1, 1, 1, 1, 1, 1, 1, 1, 1, 1, 1, 1, 1, 1, 1, 1, 1, 1, 1, 1, 1, 1, 1, 1, 1, 1, 1, 1, 1, 1, 1, 1, 4 ),
 ( 2, 2 ),
 ( 0.000000000000000000, 0.02536508872464449810, 0.05053612755872174955, 0.1003618701347641917, 0.1496783382512865135, 0.1985585996384787444, 0.2470636409939346301, 0.2952667862627077477, 0.3432976001428697521, 0.3673747411682081188, 0.3916107887708328850, 0.4161594968373788506, 0.4413019252272763482, 0.4543254831295238660, 0.4678815906748556852, 0.4825385968735472764, 0.4909952784889383692, 0.5100263542411189732, 0.5218055463173286723, 0.5291478474586019942, 0.5422089031537518089, 0.5545686619652151483, 0.5667213781472770773, 0.5908249965976484219, 0.6148423246242851192, 0.6388596526509219276, 0.6629000217420070173, 0.7110052231000469902, 0.7591460896194277552, 0.8073219245187539528, 0.8555015182051326494, 0.9036773531044588470, 0.9518386289141608225, 0.9759228589746615778, 1.000000000000000000 ),
 ( 0.000000000000000000, 1.000000000000000000 ),
 .UNSPECIFIED. ) ;
#594 = CARTESIAN_POINT ( 'NONE',  ( -38.08865589198846635, 92.15503183329326475, 70.50000000000007105 ) ) ;
#595 = EDGE_CURVE ( 'NONE', #499, #1131, #1074, .T. ) ;
#596 = CARTESIAN_POINT ( 'NONE',  ( -15.73717475485246453, 65.46349844731305723, 4.166666666666730912 ) ) ;
#597 = VERTEX_POINT ( 'NONE', #131 ) ;
#598 = EDGE_CURVE ( 'NONE', #499, #846, #970, .T. ) ;
#599 = CARTESIAN_POINT ( 'NONE',  ( -15.69644479894216005, 64.98360804225325182, -4.501357448407454775 ) ) ;
#600 = DIRECTION ( 'NONE',  ( -0.08715574274765836016, -0.9961946980917455452, 0.000000000000000000 ) ) ;
#601 = CARTESIAN_POINT ( 'NONE',  ( -24.12803146178679725, 78.55286828872257843, -54.49999999999992895 ) ) ;
#602 = LINE ( 'NONE', #485, #1063 ) ;
#603 = DIRECTION ( 'NONE',  ( 0.08715574274765836016, 0.9961946980917455452, 0.000000000000000000 ) ) ;
#604 = PRODUCT_DEFINITION ( 'UNKNOWN', '', #722, #446 ) ;
#605 = ORIENTED_EDGE ( 'NONE', *, *, #1203, .F. ) ;
#606 = FACE_OUTER_BOUND ( 'NONE', #622, .T. ) ;
#607 = VERTEX_POINT ( 'NONE', #958 ) ;
#608 = CARTESIAN_POINT ( 'NONE',  ( 26.96187877959900447, 88.31892972879855108, -54.49999999999992184 ) ) ;
#609 = CARTESIAN_POINT ( 'NONE',  ( -19.14113242964750228, 78.15681675875543988, -54.49999999999992895 ) ) ;
#610 = DIRECTION ( 'NONE',  ( -0.9961946980917455452, 0.08715574274765836016, -0.000000000000000000 ) ) ;
#611 = DIRECTION ( 'NONE',  ( 0.000000000000000000, 0.000000000000000000, -1.000000000000000000 ) ) ;
#612 = ORIENTED_EDGE ( 'NONE', *, *, #900, .T. ) ;
#613 = VECTOR ( 'NONE', #904, 1000.000000000000000 ) ;
#614 = CIRCLE ( 'NONE', #479, 10.00000000000000178 ) ;
#615 = ADVANCED_FACE ( 'NONE', ( #26 ), #644, .T. ) ;
#616 = CIRCLE ( 'NONE', #240, 2.000000000000000000 ) ;
#617 = ADVANCED_FACE ( 'NONE', ( #45 ), #861, .F. ) ;
#618 = CARTESIAN_POINT ( 'NONE',  ( -35.44085912580748499, 93.24021416677835816, 70.50000000000007105 ) ) ;
#619 = CARTESIAN_POINT ( 'NONE',  ( -15.64139491425832773, 78.03988125629669526, -2.236569243193959888 ) ) ;
#620 = LINE ( 'NONE', #13, #1190 ) ;
#621 = PRODUCT ( 'NACA4418 Assembly +5 AoA', 'NACA4418 Assembly +5 AoA', '', ( #1080 ) ) ;
#622 = EDGE_LOOP ( 'NONE', ( #1318, #102, #1241, #1181, #451, #825, #232, #496 ) ) ;
#623 = CARTESIAN_POINT ( 'NONE',  ( -15.42752358802472479, 64.54574342905405615, -4.828520909330974220 ) ) ;
#624 = CARTESIAN_POINT ( 'NONE',  ( -2.580658242074957087, 95.13575225768124710, -54.49999999999992184 ) ) ;
#625 = CARTESIAN_POINT ( 'NONE',  ( 54.46161905296319361, 78.03423133676102452, -54.49999999999992895 ) ) ;
#626 = CARTESIAN_POINT ( 'NONE',  ( -43.13542087748406573, 87.88485028651099640, 70.50000000000007105 ) ) ;
#627 = CARTESIAN_POINT ( 'NONE',  ( -17.39819221335860888, 63.72733988703127750, 4.163680842965586493 ) ) ;
#628 = ORIENTED_EDGE ( 'NONE', *, *, #425, .T. ) ;
#629 = DIRECTION ( 'NONE',  ( 0.000000000000000000, 0.000000000000000000, -1.000000000000000000 ) ) ;
#630 = EDGE_CURVE ( 'NONE', #206, #846, #1290, .T. ) ;
#631 = FACE_OUTER_BOUND ( 'NONE', #1053, .T. ) ;
#632 = CARTESIAN_POINT ( 'NONE',  ( -16.48324671670700425, 64.28388295894916382, 5.115272265515846684 ) ) ;
#633 = ORIENTED_EDGE ( 'NONE', *, *, #250, .F. ) ;
#634 = EDGE_CURVE ( 'NONE', #1226, #846, #794, .T. ) ;
#635 = CARTESIAN_POINT ( 'NONE',  ( 56.06913147395184183, 77.31655049091880016, 70.50000000000007105 ) ) ;
#636 = ORIENTED_EDGE ( 'NONE', *, *, #1127, .T. ) ;
#637 = STYLED_ITEM ( 'NONE', ( #1204 ), #675 ) ;
#638 = CIRCLE ( 'NONE', #51, 12.00000000000000000 ) ;
#639 = CARTESIAN_POINT ( 'NONE',  ( -15.36131243681382585, 63.01995089994151300, 5.478630831963493542 ) ) ;
#640 = CARTESIAN_POINT ( 'NONE',  ( -15.73717475485246453, 65.46349844731304302, 4.166666666666738905 ) ) ;
#641 = VERTEX_POINT ( 'NONE', #154 ) ;
#642 = DIRECTION ( 'NONE',  ( -0.000000000000000000, 0.000000000000000000, -1.000000000000000000 ) ) ;
#643 = ORIENTED_EDGE ( 'NONE', *, *, #1231, .T. ) ;
#644 = CYLINDRICAL_SURFACE ( 'NONE', #1302, 2.000000000000000000 ) ;
#645 = EDGE_LOOP ( 'NONE', ( #1043, #636, #752, #306 ) ) ;
#646 = CYLINDRICAL_SURFACE ( 'NONE', #590, 2.500000000000000444 ) ;
#647 = EDGE_CURVE ( 'NONE', #718, #276, #1007, .T. ) ;
#648 = ORIENTED_EDGE ( 'NONE', *, *, #805, .T. ) ;
#649 = CARTESIAN_POINT ( 'NONE',  ( 0.000000000000000000, 0.000000000000000000, 0.000000000000000000 ) ) ;
#650 = ORIENTED_EDGE ( 'NONE', *, *, #417, .T. ) ;
#651 = LINE ( 'NONE', #443, #955 ) ;
#652 = ORIENTED_EDGE ( 'NONE', *, *, #76, .F. ) ;
#653 = CARTESIAN_POINT ( 'NONE',  ( -40.32868130746133062, 90.89379484917066065, -54.49999999999992184 ) ) ;
#654 = VECTOR ( 'NONE', #125, 1000.000000000000114 ) ;
#655 = EDGE_CURVE ( 'NONE', #393, #37, #787, .T. ) ;
#656 = LINE ( 'NONE', #1284, #323 ) ;
#657 = VERTEX_POINT ( 'NONE', #994 ) ;
#658 = CARTESIAN_POINT ( 'NONE',  ( -18.21883212596427626, 60.04545138931150206, 2.500000000000065725 ) ) ;
#659 = DIRECTION ( 'NONE',  ( -0.07262978562304696351, -0.8301622484097881394, 0.5527707983925665980 ) ) ;
#660 = VERTEX_POINT ( 'NONE', #1314 ) ;
#661 = CARTESIAN_POINT ( 'NONE',  ( -15.47756625351778759, 63.03562532428475151, -5.464045825671016487 ) ) ;
#662 = DIRECTION ( 'NONE',  ( 0.08715574274765836016, 0.9961946980917455452, -0.000000000000000000 ) ) ;
#663 = DIRECTION ( 'NONE',  ( -3.630704165854387192E-16, -1.000000000000000000, 2.668814559449603746E-22 ) ) ;
#664 = LINE ( 'NONE', #858, #1042 ) ;
#665 = CARTESIAN_POINT ( 'NONE',  ( -20.48488143740339495, 34.14438923892610944, -5.499999999999940492 ) ) ;
#666 = ORIENTED_EDGE ( 'NONE', *, *, #24, .T. ) ;
#667 = DIRECTION ( 'NONE',  ( -0.9961946980917455452, 0.08715574274765836016, -0.000000000000000000 ) ) ;
#668 = DIRECTION ( 'NONE',  ( 0.000000000000000000, 0.000000000000000000, -1.000000000000000000 ) ) ;
#669 = CARTESIAN_POINT ( 'NONE',  ( -12.46986915943528196, 77.93205911686175114, 70.50000000000007105 ) ) ;
#670 = EDGE_CURVE ( 'NONE', #693, #1013, #476, .T. ) ;
#671 = CARTESIAN_POINT ( 'NONE',  ( -20.00000000000000000, 34.10196760999915710, 8.101149531628921637E-15 ) ) ;
#672 = VERTEX_POINT ( 'NONE', #161 ) ;
#673 = EDGE_CURVE ( 'NONE', #999, #37, #168, .T. ) ;
#674 = DIRECTION ( 'NONE',  ( -0.9961946980917455452, 0.08715574274765836016, -0.000000000000000000 ) ) ;
#675 = MANIFOLD_SOLID_BREP ( 'Cut-Extrude1', #1039 ) ;
#676 = AXIS2_PLACEMENT_3D ( 'NONE', #1269, #773, #1079 ) ;
#677 = CARTESIAN_POINT ( 'NONE',  ( 26.96187877959900447, 88.31892972879855108, 70.50000000000007105 ) ) ;
#678 = CIRCLE ( 'NONE', #410, 2.000000000000000000 ) ;
#679 = CARTESIAN_POINT ( 'NONE',  ( -15.15803850909536266, 62.99408056782480969, -5.499999999999941380 ) ) ;
#680 = EDGE_CURVE ( 'NONE', #811, #762, #1021, .T. ) ;
#681 = EDGE_LOOP ( 'NONE', ( #234, #143, #31, #1092 ) ) ;
#682 = CARTESIAN_POINT ( 'NONE',  ( -10.96927562237418918, 77.88118433895306225, 2.500000000000066613 ) ) ;
#683 = CARTESIAN_POINT ( 'NONE',  ( -15.64604538946966272, 64.83128005672298855, -4.613277170040499087 ) ) ;
#684 =( BOUNDED_CURVE ( )  B_SPLINE_CURVE ( 3, ( #231, #251, #1068, #142 ),
 .UNSPECIFIED., .F., .T. ) 
 B_SPLINE_CURVE_WITH_KNOTS ( ( 4, 4 ),
 ( 0.000000000000000000, 1.570796326794896780 ),
 .UNSPECIFIED. ) 
 CURVE ( )  GEOMETRIC_REPRESENTATION_ITEM ( )  RATIONAL_B_SPLINE_CURVE ( ( 1.000000000000000000, 0.8047378541243649375, 0.8047378541243649375, 1.000000000000000000 ) ) 
 REPRESENTATION_ITEM ( '' )  );
#685 = CARTESIAN_POINT ( 'NONE',  ( 17.15961649707933034, 91.08366504280270703, 70.50000000000007105 ) ) ;
#686 = LINE ( 'NONE', #486, #525 ) ;
#687 = ORIENTED_EDGE ( 'NONE', *, *, #475, .F. ) ;
#688 = EDGE_CURVE ( 'NONE', #95, #422, #21, .T. ) ;
#689 = CARTESIAN_POINT ( 'NONE',  ( -15.25540325982126255, 70.97017183349922220, -12.49999999999993605 ) ) ;
#690 = DIRECTION ( 'NONE',  ( 0.9961946980917455452, -0.08715574274765836016, 0.000000000000000000 ) ) ;
#691 = DIRECTION ( 'NONE',  ( -0.9961946980917455452, 0.08715574274765836016, -0.000000000000000000 ) ) ;
#692 = CARTESIAN_POINT ( 'NONE',  ( -0.5609874755684793879, 32.40127438397294668, -2.499999999999941380 ) ) ;
#693 = VERTEX_POINT ( 'NONE', #908 ) ;
#694 = CARTESIAN_POINT ( 'NONE',  ( -16.81741555529512056, 64.53909030369419497, -4.921850008040871138 ) ) ;
#695 = ADVANCED_FACE ( 'NONE', ( #1001 ), #281, .T. ) ;
#696 = EDGE_CURVE ( 'NONE', #607, #999, #1253, .T. ) ;
#697 = CARTESIAN_POINT ( 'NONE',  ( -2.580658242074957087, 95.13575225768124710, 70.50000000000007105 ) ) ;
#698 = AXIS2_PLACEMENT_3D ( 'NONE', #626, #1032, #1257 ) ;
#699 = ORIENTED_EDGE ( 'NONE', *, *, #176, .T. ) ;
#700 = VECTOR ( 'NONE', #1240, 1000.000000000000000 ) ;
#701 = CARTESIAN_POINT ( 'NONE',  ( -17.83869694157116825, 64.39041642904453511, -2.791763645247719694 ) ) ;
#702 = DIRECTION ( 'NONE',  ( -2.779109781899464598E-22, -1.000000000000000000, 2.668814559499989665E-22 ) ) ;
#703 = CARTESIAN_POINT ( 'NONE',  ( -44.16824464329837241, 86.30916407953614566, -54.49999999999992895 ) ) ;
#704 = DIRECTION ( 'NONE',  ( 0.000000000000000000, 0.000000000000000000, 1.000000000000000000 ) ) ;
#705 = CARTESIAN_POINT ( 'NONE',  ( -19.16331174017422256, 49.25000000000000711, -2.499999999999939604 ) ) ;
#706 = ORIENTED_EDGE ( 'NONE', *, *, #1076, .T. ) ;
#707 = CARTESIAN_POINT ( 'NONE',  ( -17.44518482987842134, 65.21217467266259860, -4.440338652666446784 ) ) ;
#708 = CARTESIAN_POINT ( 'NONE',  ( 17.15961649707933034, 91.08366504280270703, 70.50000000000007105 ) ) ;
#709 = CARTESIAN_POINT ( 'NONE',  ( -35.44085912580748499, 93.24021416677835816, -54.49999999999992895 ) ) ;
#710 = CARTESIAN_POINT ( 'NONE',  ( -15.25540325982126255, 70.97017183349922220, -2.499999999999936495 ) ) ;
#711 = FACE_OUTER_BOUND ( 'NONE', #681, .T. ) ;
#712 = EDGE_LOOP ( 'NONE', ( #797, #907, #328, #1247 ) ) ;
#713 = CARTESIAN_POINT ( 'NONE',  ( -17.62928658723345166, 63.94767980230990645, -3.704886809865185260 ) ) ;
#714 = CARTESIAN_POINT ( 'NONE',  ( 26.96187877959900447, 88.31892972879855108, 70.50000000000007105 ) ) ;
#715 = CARTESIAN_POINT ( 'NONE',  ( -15.15735863408732875, 78.02284877958094000, -2.436398015128940830 ) ) ;
#716 = CARTESIAN_POINT ( 'NONE',  ( -43.56689792634478664, 85.84284777304721104, -5.499999999999940492 ) ) ;
#717 = CARTESIAN_POINT ( 'NONE',  ( -14.95098582365379158, 62.97596580509606667, 5.500000000000065725 ) ) ;
#718 = VERTEX_POINT ( 'NONE', #987 ) ;
#719 = AXIS2_PLACEMENT_3D ( 'NONE', #6, #1338, #512 ) ;
#720 = CARTESIAN_POINT ( 'NONE',  ( -15.01062646127476086, 64.32043726226319791, -4.990012714124764770 ) ) ;
#721 = ADVANCED_FACE ( 'NONE', ( #189 ), #3, .F. ) ;
#722 = PRODUCT_DEFINITION_FORMATION_WITH_SPECIFIED_SOURCE ( 'ANY', '', #621, .NOT_KNOWN. ) ;
#723 = EDGE_LOOP ( 'NONE', ( #487, #891, #9, #515 ) ) ;
#724 = CARTESIAN_POINT ( 'NONE',  ( -44.16824464329837241, 86.30916407953614566, -54.49999999999992184 ) ) ;
#725 = CARTESIAN_POINT ( 'NONE',  ( -16.38808154910410053, 78.06747973951173947, -1.507997291612167778 ) ) ;
#726 = CARTESIAN_POINT ( 'NONE',  ( 3.386097193122772353, 77.51665859054129726, -2.499999999999937828 ) ) ;
#727 = CARTESIAN_POINT ( 'NONE',  ( -16.75776899641655859, 63.37422742461735936, 4.882675289575842292 ) ) ;
#728 = EDGE_LOOP ( 'NONE', ( #1280, #151, #521, #373 ) ) ;
#729 = CARTESIAN_POINT ( 'NONE',  ( -14.83568961333307712, 64.29380751937198113, 5.000000000000064837 ) ) ;
#730 = ORIENTED_EDGE ( 'NONE', *, *, #397, .F. ) ;
#731 = ADVANCED_FACE ( 'NONE', ( #1112 ), #411, .F. ) ;
#732 = CARTESIAN_POINT ( 'NONE',  ( 44.81748775505464977, 82.11665666955467202, -54.49999999999992184 ) ) ;
#733 = CARTESIAN_POINT ( 'NONE',  ( -16.64124641340296407, 78.07733859597628623, -0.4999999999999362732 ) ) ;
#734 = DIRECTION ( 'NONE',  ( 0.000000000000000000, 0.000000000000000000, 1.000000000000000000 ) ) ;
#735 = CARTESIAN_POINT ( 'NONE',  ( -15.07607998809788263, 63.74572663216477508, 5.499999966806575991 ) ) ;
#736 = ORIENTED_EDGE ( 'NONE', *, *, #185, .F. ) ;
#737 = FACE_OUTER_BOUND ( 'NONE', #803, .T. ) ;
#738 = CARTESIAN_POINT ( 'NONE',  ( -10.90393565551269006, 95.95728788105529361, 70.50000000000007105 ) ) ;
#739 = DIRECTION ( 'NONE',  ( -0.000000000000000000, 0.000000000000000000, -1.000000000000000000 ) ) ;
#740 = CARTESIAN_POINT ( 'NONE',  ( -17.44518482988003782, 65.21217467266392021, 4.440338652665436037 ) ) ;
#741 = ADVANCED_FACE ( 'NONE', ( #309, #317 ), #593, .F. ) ;
#742 = DIRECTION ( 'NONE',  ( 0.08715574274765836016, 0.9961946980917455452, -1.489033026589533876E-16 ) ) ;
#743 = FACE_OUTER_BOUND ( 'NONE', #472, .T. ) ;
#744 = VECTOR ( 'NONE', #1265, 1000.000000000000000 ) ;
#745 = ORIENTED_EDGE ( 'NONE', *, *, #914, .F. ) ;
#746 = CIRCLE ( 'NONE', #1118, 2.000000000000000000 ) ;
#747 = AXIS2_PLACEMENT_3D ( 'NONE', #1336, #98, #1128 ) ;
#748 = DIRECTION ( 'NONE',  ( 0.000000000000000000, -0.000000000000000000, 1.000000000000000000 ) ) ;
#749 = CARTESIAN_POINT ( 'NONE',  ( -15.21839189606851583, 62.99936083436108447, 5.500000000000065725 ) ) ;
#750 = ORIENTED_EDGE ( 'NONE', *, *, #688, .F. ) ;
#751 = DIRECTION ( 'NONE',  ( 2.779109781899464598E-22, 1.000000000000000000, -2.668814559499989665E-22 ) ) ;
#752 = ORIENTED_EDGE ( 'NONE', *, *, #1187, .F. ) ;
#753 = CARTESIAN_POINT ( 'NONE',  ( 1.705061835870637310, 58.30233653435833219, 2.500000000000065725 ) ) ;
#754 = ORIENTED_EDGE ( 'NONE', *, *, #1116, .T. ) ;
#755 = DIRECTION ( 'NONE',  ( 0.08715574274765836016, 0.9961946980917455452, -1.489033026589533876E-16 ) ) ;
#756 = LINE ( 'NONE', #215, #700 ) ;
#757 = VERTEX_POINT ( 'NONE', #462 ) ;
#758 = EDGE_CURVE ( 'NONE', #1050, #718, #768, .T. ) ;
#759 = FACE_OUTER_BOUND ( 'NONE', #228, .T. ) ;
#760 = CARTESIAN_POINT ( 'NONE',  ( -17.50000000000000000, 6.353727624463703600E-15, 8.135853102331225273E-15 ) ) ;
#761 = DIRECTION ( 'NONE',  ( 0.08540114134643518595, -3.008076197720924866E-17, -0.9963466490417510757 ) ) ;
#762 = VERTEX_POINT ( 'NONE', #866 ) ;
#763 = CARTESIAN_POINT ( 'NONE',  ( -15.07607998809845995, 63.74572663216360269, -5.499999966807221696 ) ) ;
#764 = AXIS2_PLACEMENT_3D ( 'NONE', #551, #341, #565 ) ;
#765 = VECTOR ( 'NONE', #1009, 1000.000000000000114 ) ;
#766 = FACE_OUTER_BOUND ( 'NONE', #1154, .T. ) ;
#767 = APPLICATION_PROTOCOL_DEFINITION ( 'draft international standard', 'automotive_design', 1998, #114 ) ;
#768 = B_SPLINE_CURVE_WITH_KNOTS ( 'NONE', 3,
 ( #969, #1093, #56, #682, #582, #1188 ),
 .UNSPECIFIED., .F., .F.,
 ( 4, 1, 1, 4 ),
 ( 0.2528930649015180832, 0.2889947768999530098, 0.3370999782579929827, 0.3395046457484094393 ),
 .UNSPECIFIED. ) ;
#769 = EDGE_LOOP ( 'NONE', ( #1117, #838, #428, #820 ) ) ;
#770 = FACE_OUTER_BOUND ( 'NONE', #86, .T. ) ;
#771 = VERTEX_POINT ( 'NONE', #358 ) ;
#772 = CARTESIAN_POINT ( 'NONE',  ( -4.127128385756455131, 77.64921431343691438, -54.49999999999992184 ) ) ;
#773 = DIRECTION ( 'NONE',  ( 0.08540114134643618515, -3.008060442639502367E-17, 0.9963466490417509647 ) ) ;
#774 = EDGE_CURVE ( 'NONE', #206, #11, #346, .T. ) ;
#775 = CARTESIAN_POINT ( 'NONE',  ( -39.01069039437671648, 81.31061713345413011, 70.50000000000007105 ) ) ;
#776 = CARTESIAN_POINT ( 'NONE',  ( -17.93956991792902400, 63.23743303333905175, 3.500000000000064837 ) ) ;
#777 = CARTESIAN_POINT ( 'NONE',  ( 1.984324043905888457, 61.49431817838586767, 5.500000000000065725 ) ) ;
#778 = VERTEX_POINT ( 'NONE', #249 ) ;
#779 = CARTESIAN_POINT ( 'NONE',  ( 25.95291349136770620, 77.29950322105925409, -54.49999999999992184 ) ) ;
#780 = CARTESIAN_POINT ( 'NONE',  ( -3.284621038302448408E-14, 38.81339057091403077, -1.000000000000004441 ) ) ;
#781 = DIRECTION ( 'NONE',  ( -0.07262978562304861496, -0.8301622484097876953, -0.5527707983925669311 ) ) ;
#782 = DIRECTION ( 'NONE',  ( -0.08715574274765823526, -0.9961946980917455452, 0.000000000000000000 ) ) ;
#783 = EDGE_LOOP ( 'NONE', ( #444, #366, #1, #840 ) ) ;
#784 = CARTESIAN_POINT ( 'NONE',  ( -17.87020915497364726, 64.03023018167849045, 2.500000000000065725 ) ) ;
#785 = CIRCLE ( 'NONE', #1232, 2.500000000000000444 ) ;
#786 = CARTESIAN_POINT ( 'NONE',  ( -15.25540325982126255, 70.97017183349920799, 2.500000000000065725 ) ) ;
#787 = CIRCLE ( 'NONE', #261, 2.500000000000000444 ) ;
#788 = CARTESIAN_POINT ( 'NONE',  ( -14.90404922472085758, 78.01409505310064674, 2.500000000000066169 ) ) ;
#789 = CIRCLE ( 'NONE', #1168, 2.000000000000000888 ) ;
#790 = CARTESIAN_POINT ( 'NONE',  ( 3.758000372268209155, 81.76753137973686592, -0.6778856823770172957 ) ) ;
#791 = CARTESIAN_POINT ( 'NONE',  ( -14.95098582365379158, 62.97596580509606667, -5.499999999999940492 ) ) ;
#792 = EDGE_LOOP ( 'NONE', ( #201, #121, #299, #1239, #920, #1186, #868, #1267, #165, #962, #552, #81, #853, #1329 ) ) ;
#793 = CARTESIAN_POINT ( 'NONE',  ( -24.12803146178679725, 78.55286828872257843, -54.49999999999992184 ) ) ;
#794 = LINE ( 'NONE', #488, #498 ) ;
#795 = CARTESIAN_POINT ( 'NONE',  ( -4.127128385756455131, 77.64921431343691438, 70.50000000000007105 ) ) ;
#796 = DIRECTION ( 'NONE',  ( 4.857225732735061097E-17, 7.906425674510506042E-23, 1.000000000000000000 ) ) ;
#797 = ORIENTED_EDGE ( 'NONE', *, *, #1273, .F. ) ;
#798 = CARTESIAN_POINT ( 'NONE',  ( -16.91681725728416907, 64.62851554472216264, -4.855230845567250597 ) ) ;
#799 = EDGE_CURVE ( 'NONE', #48, #260, #1019, .T. ) ;
#800 = CARTESIAN_POINT ( 'NONE',  ( -17.50000000000000000, 6.353727624463703600E-15, 8.135853102331225273E-15 ) ) ;
#801 = CARTESIAN_POINT ( 'NONE',  ( -16.64124641340297472, 78.07733859597627202, 0.6321432016542262167 ) ) ;
#802 = CARTESIAN_POINT ( 'NONE',  ( -20.71661822235157047, 34.16466358053102681, 2.775710133344429398 ) ) ;
#803 = EDGE_LOOP ( 'NONE', ( #407, #535, #556, #576 ) ) ;
#804 = CARTESIAN_POINT ( 'NONE',  ( -17.18470296217444115, 63.58352206035268495, -4.460789003006301101 ) ) ;
#805 = EDGE_CURVE ( 'NONE', #762, #357, #409, .T. ) ;
#806 = CARTESIAN_POINT ( 'NONE',  ( -15.69274686736979874, 64.95326457302373058, -4.522742560427005287 ) ) ;
#807 = CYLINDRICAL_SURFACE ( 'NONE', #454, 2.000000000000000000 ) ;
#808 = DIRECTION ( 'NONE',  ( -0.9961946980917455452, 0.08715574274765836016, 0.000000000000000000 ) ) ;
#809 = CARTESIAN_POINT ( 'NONE',  ( -0.5609874755684793879, 32.40127438397294668, 1.048084640763011999 ) ) ;
#810 = VECTOR ( 'NONE', #404, 1000.000000000000000 ) ;
#811 = VERTEX_POINT ( 'NONE', #159 ) ;
#812 =( GEOMETRIC_REPRESENTATION_CONTEXT ( 3 ) GLOBAL_UNCERTAINTY_ASSIGNED_CONTEXT ( ( #310 ) ) GLOBAL_UNIT_ASSIGNED_CONTEXT ( ( #27, #296, #1339 ) ) REPRESENTATION_CONTEXT ( 'NONE', 'WORKASPACE' ) );
#813 = CARTESIAN_POINT ( 'NONE',  ( -17.72956415103594807, 65.63780993280836640, -4.166666666666607455 ) ) ;
#814 = CARTESIAN_POINT ( 'NONE',  ( -36.52433691778063718, 80.51008528293722577, -54.49999999999992184 ) ) ;
#815 = EDGE_CURVE ( 'NONE', #1131, #206, #1182, .T. ) ;
#816 = CARTESIAN_POINT ( 'NONE',  ( 56.03601229170773479, 76.93799650564393744, 70.50000000000007105 ) ) ;
#817 = DIRECTION ( 'NONE',  ( -0.000000000000000000, -0.000000000000000000, 1.000000000000000000 ) ) ;
#818 =( BOUNDED_SURFACE ( )  B_SPLINE_SURFACE ( 3, 2, ( 
 ( #473, #892, #1301 ),
 ( #369, #763, #243 ),
 ( #661, #141, #720 ),
 ( #77, #591, #96 ),
 ( #508, #922, #1319 ),
 ( #181, #1000, #401 ),
 ( #1328, #1011, #623 ),
 ( #1225, #1125, #1313 ),
 ( #804, #68, #1210 ),
 ( #482, #694, #901 ),
 ( #278, #798, #1111 ),
 ( #713, #1115, #599 ),
 ( #1219, #1307, #1202 ),
 ( #912, #707, #187 ),
 ( #701, #270, #385 ),
 ( #1102, #813, #286 ) ),
 .UNSPECIFIED., .F., .F., .F. ) 
 B_SPLINE_SURFACE_WITH_KNOTS ( ( 4, 2, 2, 2, 2, 2, 2, 4 ),
 ( 3, 3 ),
 ( 0.004635963571066454431, 0.004902230594476077348, 0.005168497617885700265, 0.005434764641295322316, 0.005701031664704945233, 0.005967298688114568150, 0.006233565711524190200, 0.006766099758343436035 ),
 ( 0.000000000000000000, 1.000000000000000000 ),
 .UNSPECIFIED. ) 
 GEOMETRIC_REPRESENTATION_ITEM ( )  RATIONAL_B_SPLINE_SURFACE ( (
 ( 1.000000000000000000, 0.9354143466934864426, 1.000000000000000000),
 ( 1.000000000000000000, 0.9354098695951976739, 1.000000000000000000),
 ( 1.000000000000000000, 0.9332930661161520369, 1.000000000000000000),
 ( 1.000000000000000000, 0.9252414482835897847, 1.000000000000000000),
 ( 1.000000000000000000, 0.9194819428115804660, 1.000000000000000000),
 ( 1.000000000000000000, 0.9053101983488301974, 1.000000000000000000),
 ( 1.000000000000000000, 0.8971149038921469865, 1.000000000000000000),
 ( 1.000000000000000000, 0.8788298938415471939, 1.000000000000000000),
 ( 1.000000000000000000, 0.8687612797504056239, 1.000000000000000000),
 ( 1.000000000000000000, 0.8476240924213274130, 1.000000000000000000),
 ( 1.000000000000000000, 0.8364572537791439277, 1.000000000000000000),
 ( 1.000000000000000000, 0.8129401750142946081, 1.000000000000000000),
 ( 1.000000000000000000, 0.8005803502266103377, 1.000000000000000000),
 ( 1.000000000000000000, 0.7625924932379755106, 1.000000000000000000),
 ( 1.000000000000000000, 0.7357548725554365898, 1.000000000000000000),
 ( 1.000000000000000000, 0.7071067811865486830, 1.000000000000000000) ) ) 
 REPRESENTATION_ITEM ( '' )  SURFACE ( )  );
#819 = ORIENTED_EDGE ( 'NONE', *, *, #595, .F. ) ;
#820 = ORIENTED_EDGE ( 'NONE', *, *, #438, .T. ) ;
#821 = CARTESIAN_POINT ( 'NONE',  ( -38.08865589198846635, 92.15503183329326475, 70.50000000000007105 ) ) ;
#822 = CARTESIAN_POINT ( 'NONE',  ( -10.90393565551269006, 95.95728788105529361, -54.49999999999992895 ) ) ;
#823 = FACE_OUTER_BOUND ( 'NONE', #1277, .T. ) ;
#824 = DIRECTION ( 'NONE',  ( 0.08715574274765836016, 0.9961946980917455452, 0.000000000000000000 ) ) ;
#825 = ORIENTED_EDGE ( 'NONE', *, *, #347, .T. ) ;
#826 = CARTESIAN_POINT ( 'NONE',  ( 54.46161905296319361, 78.03423133676102452, 70.50000000000007105 ) ) ;
#827 = CARTESIAN_POINT ( 'NONE',  ( -36.52433691778063718, 80.51008528293722577, -54.49999999999992895 ) ) ;
#828 = CARTESIAN_POINT ( 'NONE',  ( 56.03601229170773479, 76.93799650564393744, 70.50000000000007105 ) ) ;
#829 = EDGE_CURVE ( 'NONE', #384, #1224, #339, .T. ) ;
#830 = ORIENTED_EDGE ( 'NONE', *, *, #1289, .F. ) ;
#831 = VECTOR ( 'NONE', #874, 1000.000000000000000 ) ;
#832 = CARTESIAN_POINT ( 'NONE',  ( -15.73717475485246453, 65.46349844731305723, 4.166666666666730912 ) ) ;
#833 = VECTOR ( 'NONE', #890, 1000.000000000000000 ) ;
#834 = CARTESIAN_POINT ( 'NONE',  ( -39.01069039437671648, 81.31061713345413011, 70.50000000000007105 ) ) ;
#835 = CARTESIAN_POINT ( 'NONE',  ( -15.52651249383524856, 78.03578760581912377, -2.297875650143618387 ) ) ;
#836 = DIRECTION ( 'NONE',  ( 1.000000000000000000, 0.000000000000000000, 0.000000000000000000 ) ) ;
#837 = CARTESIAN_POINT ( 'NONE',  ( -16.91681725728356511, 64.62851554472214843, 4.855230845568104137 ) ) ;
#838 = ORIENTED_EDGE ( 'NONE', *, *, #913, .F. ) ;
#839 = DIRECTION ( 'NONE',  ( -0.9961946980917455452, 0.08715574274765836016, 0.000000000000000000 ) ) ;
#840 = ORIENTED_EDGE ( 'NONE', *, *, #815, .T. ) ;
#841 = ADVANCED_FACE ( 'NONE', ( #571 ), #818, .T. ) ;
#842 = ADVANCED_FACE ( 'NONE', ( #606 ), #87, .T. ) ;
#843 = CARTESIAN_POINT ( 'NONE',  ( -40.32868130746133062, 90.89379484917066065, 70.50000000000007105 ) ) ;
#844 = DIRECTION ( 'NONE',  ( 0.08715574274765836016, 0.9961946980917455452, 0.000000000000000000 ) ) ;
#845 = CARTESIAN_POINT ( 'NONE',  ( -15.71205092610375154, 65.04314083162378779, 4.458185572730884338 ) ) ;
#846 = VERTEX_POINT ( 'NONE', #522 ) ;
#847 = CARTESIAN_POINT ( 'NONE',  ( -17.50000000000000000, 49.25000000000000000, -2.499999999999991562 ) ) ;
#848 = VERTEX_POINT ( 'NONE', #941 ) ;
#849 = DIRECTION ( 'NONE',  ( 0.000000000000000000, 0.000000000000000000, 1.000000000000000000 ) ) ;
#850 = CARTESIAN_POINT ( 'NONE',  ( -15.47756625351870241, 63.03562532428476572, 5.464045825670893919 ) ) ;
#851 = VERTEX_POINT ( 'NONE', #1035 ) ;
#852 = CARTESIAN_POINT ( 'NONE',  ( -15.14516216683277783, 64.35738216319010974, 4.967605322239665000 ) ) ;
#853 = ORIENTED_EDGE ( 'NONE', *, *, #510, .T. ) ;
#854 = VECTOR ( 'NONE', #878, 1000.000000000000000 ) ;
#855 = VECTOR ( 'NONE', #883, 1000.000000000000114 ) ;
#856 = DIRECTION ( 'NONE',  ( 0.000000000000000000, 1.000000000000000000, 0.000000000000000000 ) ) ;
#857 = ORIENTED_EDGE ( 'NONE', *, *, #799, .F. ) ;
#858 = CARTESIAN_POINT ( 'NONE',  ( -14.64885701721947697, 77.90302711048099127, -2.499999999999937828 ) ) ;
#859 = DIRECTION ( 'NONE',  ( -0.08715574274765836016, -0.9961946980917455452, -0.000000000000000000 ) ) ;
#860 = ORIENTED_EDGE ( 'NONE', *, *, #758, .T. ) ;
#861 = PLANE ( 'NONE',  #279 ) ;
#862 = CARTESIAN_POINT ( 'NONE',  ( -20.00000000000000000, 7.261402971149854973E-15, 8.101158632811689131E-15 ) ) ;
#863 = CARTESIAN_POINT ( 'NONE',  ( -15.25540325982126255, 70.97017183349920799, 12.50000000000006750 ) ) ;
#864 = DIRECTION ( 'NONE',  ( 0.9961946980917455452, -0.08715574274765836016, 0.000000000000000000 ) ) ;
#865 = EDGE_LOOP ( 'NONE', ( #180, #1300, #330, #136 ) ) ;
#866 = CARTESIAN_POINT ( 'NONE',  ( -15.73717475485246453, 65.46349844731305723, -4.166666666666606567 ) ) ;
#867 = LINE ( 'NONE', #40, #831 ) ;
#868 = ORIENTED_EDGE ( 'NONE', *, *, #63, .T. ) ;
#869 = DIRECTION ( 'NONE',  ( 0.9961946980917455452, -0.08715574274765836016, 0.000000000000000000 ) ) ;
#870 = ORIENTED_EDGE ( 'NONE', *, *, #227, .T. ) ;
#871 = VECTOR ( 'NONE', #1059, 1000.000000000000000 ) ;
#872 = ADVANCED_FACE ( 'NONE', ( #737 ), #1152, .F. ) ;
#873 = AXIS2_PLACEMENT_3D ( 'NONE', #1195, #241, #254 ) ;
#874 = DIRECTION ( 'NONE',  ( -0.000000000000000000, 0.000000000000000000, -1.000000000000000000 ) ) ;
#875 = CARTESIAN_POINT ( 'NONE',  ( -35.44085912580748499, 93.24021416677835816, 70.50000000000007105 ) ) ;
#876 = CARTESIAN_POINT ( 'NONE',  ( -16.32179304420493793, 63.22360864015158199, -5.167841588897796434 ) ) ;
#877 = ORIENTED_EDGE ( 'NONE', *, *, #572, .T. ) ;
#878 = DIRECTION ( 'NONE',  ( 0.08715574274765836016, 0.9961946980917455452, -0.000000000000000000 ) ) ;
#879 = EDGE_CURVE ( 'NONE', #757, #1224, #756, .T. ) ;
#880 = CARTESIAN_POINT ( 'NONE',  ( 0.9130850106927319576, 49.25000000000000711, 2.500000000000065725 ) ) ;
#881 = CARTESIAN_POINT ( 'NONE',  ( -16.22644272978078916, 59.87113990381618578, 0.5000000000000655032 ) ) ;
#882 = DIRECTION ( 'NONE',  ( -0.08715574274765836016, -0.9961946980917455452, 0.000000000000000000 ) ) ;
#883 = DIRECTION ( 'NONE',  ( 0.9963466490417508536, -3.509413107732030515E-16, -0.08540114134643618515 ) ) ;
#884 = EDGE_LOOP ( 'NONE', ( #255, #687, #612, #911, #1110 ) ) ;
#885 = CARTESIAN_POINT ( 'NONE',  ( 25.95291349136770620, 77.29950322105925409, 70.50000000000007105 ) ) ;
#886 = SURFACE_STYLE_FILL_AREA ( #894 ) ;
#887 = EDGE_CURVE ( 'NONE', #1274, #1010, #568, .T. ) ;
#888 = CARTESIAN_POINT ( 'NONE',  ( -22.64839325341559828, 95.83571907887558439, 70.50000000000007105 ) ) ;
#889 = DIRECTION ( 'NONE',  ( -2.779109781899464598E-22, -1.000000000000000000, 2.668814559499989665E-22 ) ) ;
#890 = DIRECTION ( 'NONE',  ( 0.000000000000000000, -0.000000000000000000, 1.000000000000000000 ) ) ;
#891 = ORIENTED_EDGE ( 'NONE', *, *, #368, .T. ) ;
#892 = CARTESIAN_POINT ( 'NONE',  ( -14.88510227489909532, 63.72901821325374527, -5.499999999999935163 ) ) ;
#893 = VECTOR ( 'NONE', #84, 1000.000000000000114 ) ;
#894 = FILL_AREA_STYLE ('',( #177 ) ) ;
#895 = VECTOR ( 'NONE', #642, 1000.000000000000000 ) ;
#896 = CARTESIAN_POINT ( 'NONE',  ( -33.24344218756262137, 79.71826876324523425, 70.50000000000007105 ) ) ;
#897 = LINE ( 'NONE', #163, #1189 ) ;
#898 = CARTESIAN_POINT ( 'NONE',  ( -16.64124641340296407, 78.07733859597628623, -0.4999999999999362732 ) ) ;
#899 = ORIENTED_EDGE ( 'NONE', *, *, #117, .F. ) ;
#900 = EDGE_CURVE ( 'NONE', #1327, #338, #226, .T. ) ;
#901 = CARTESIAN_POINT ( 'NONE',  ( -15.62810103902688397, 64.81086059017209777, -4.628800237750770208 ) ) ;
#902 = CARTESIAN_POINT ( 'NONE',  ( -14.63992494677433420, 78.00512114284089193, -2.499999999999937828 ) ) ;
#903 = CARTESIAN_POINT ( 'NONE',  ( -16.23193125179718521, 78.06155514604337498, 1.719105315574453563 ) ) ;
#904 = DIRECTION ( 'NONE',  ( -0.9961946980917455452, 0.08715574274765836016, -0.000000000000000000 ) ) ;
#905 = LINE ( 'NONE', #66, #1283 ) ;
#906 = ADVANCED_FACE ( 'NONE', ( #530 ), #646, .T. ) ;
#907 = ORIENTED_EDGE ( 'NONE', *, *, #1076, .F. ) ;
#908 = CARTESIAN_POINT ( 'NONE',  ( -0.5609874755684793879, 32.40127438397294668, 5.500000000000065725 ) ) ;
#909 = CARTESIAN_POINT ( 'NONE',  ( -40.32868130746133062, 90.89379484917066065, -54.49999999999992895 ) ) ;
#910 = LINE ( 'NONE', #692, #8 ) ;
#911 = ORIENTED_EDGE ( 'NONE', *, *, #914, .T. ) ;
#912 = CARTESIAN_POINT ( 'NONE',  ( -17.80993498964422272, 64.24396074559626868, -3.091054399877508185 ) ) ;
#913 = EDGE_CURVE ( 'NONE', #75, #778, #1141, .T. ) ;
#914 = EDGE_CURVE ( 'NONE', #338, #607, #22, .T. ) ;
#915 =( NAMED_UNIT ( * ) SI_UNIT ( $, .STERADIAN. ) SOLID_ANGLE_UNIT ( ) );
#916 = VECTOR ( 'NONE', #1151, 1000.000000000000000 ) ;
#917 = CARTESIAN_POINT ( 'NONE',  ( -27.74618499271291938, 95.22048175738241582, -54.49999999999992895 ) ) ;
#918 = DIRECTION ( 'NONE',  ( 0.000000000000000000, 0.000000000000000000, 1.000000000000000000 ) ) ;
#919 = AXIS2_PLACEMENT_3D ( 'NONE', #202, #12, #629 ) ;
#920 = ORIENTED_EDGE ( 'NONE', *, *, #1024, .T. ) ;
#921 = VECTOR ( 'NONE', #1109, 1000.000000000000000 ) ;
#922 = CARTESIAN_POINT ( 'NONE',  ( -15.78254950821417602, 63.92552541116289433, -5.386370690793441440 ) ) ;
#923 = ORIENTED_EDGE ( 'NONE', *, *, #250, .T. ) ;
#924 = CARTESIAN_POINT ( 'NONE',  ( -22.64839325341559828, 95.83571907887558439, -54.49999999999992184 ) ) ;
#925 = CARTESIAN_POINT ( 'NONE',  ( 54.36525534939475079, 76.96569416054622081, 70.50000000000007105 ) ) ;
#926 = CARTESIAN_POINT ( 'NONE',  ( 56.06913147395184183, 77.31655049091880016, 70.50000000000007105 ) ) ;
#927 = FACE_OUTER_BOUND ( 'NONE', #67, .T. ) ;
#928 = ORIENTED_EDGE ( 'NONE', *, *, #441, .T. ) ;
#929 = EDGE_CURVE ( 'NONE', #1306, #357, #616, .T. ) ;
#930 = CARTESIAN_POINT ( 'NONE',  ( 7.313921019408309299, 93.37072866533212334, -54.49999999999992184 ) ) ;
#931 = CARTESIAN_POINT ( 'NONE',  ( -4.127128385756455131, 77.64921431343691438, -54.49999999999992895 ) ) ;
#932 = LINE ( 'NONE', #413, #365 ) ;
#933 = ORIENTED_EDGE ( 'NONE', *, *, #1024, .F. ) ;
#934 = CARTESIAN_POINT ( 'NONE',  ( -17.79095390753444050, 64.17449440693404483, -3.233784556043147074 ) ) ;
#935 = CARTESIAN_POINT ( 'NONE',  ( -41.04511397367672032, 82.37308712487350704, -54.49999999999992184 ) ) ;
#936 = CARTESIAN_POINT ( 'NONE',  ( 25.95291349136770620, 77.29950322105925409, -54.49999999999992895 ) ) ;
#937 = CARTESIAN_POINT ( 'NONE',  ( -17.22131168791866429, 63.60521332870014533, 4.416471149544296537 ) ) ;
#938 = CARTESIAN_POINT ( 'NONE',  ( -15.52249261294871019, 64.64686520558095140, 4.752142250340047447 ) ) ;
#939 = VERTEX_POINT ( 'NONE', #1057 ) ;
#940 = VECTOR ( 'NONE', #702, 1000.000000000000000 ) ;
#941 = CARTESIAN_POINT ( 'NONE',  ( -16.64124641340296407, 78.07733859597628623, 0.5000000000000646150 ) ) ;
#942 = CARTESIAN_POINT ( 'NONE',  ( -16.60121943036008219, 64.36740907237850706, 5.051396354666711552 ) ) ;
#943 = ORIENTED_EDGE ( 'NONE', *, *, #887, .F. ) ;
#944 = CYLINDRICAL_SURFACE ( 'NONE', #1238, 10.00000000000000000 ) ;
#945 = ADVANCED_FACE ( 'NONE', ( #743 ), #944, .F. ) ;
#946 = B_SPLINE_CURVE_WITH_KNOTS ( 'NONE', 3,
 ( #5, #390, #412, #715, #198, #835, #619, #1026, #99, #403, #725, #1235, #1243, #733 ),
 .UNSPECIFIED., .F., .F.,
 ( 4, 2, 2, 2, 2, 2, 4 ),
 ( 1.734723475976807094E-18, 0.0003908010613668833370, 0.0007816021227337649393, 0.001172403184100646433, 0.001563204245467528144, 0.002344806368201291565, 0.003126408490935055420 ),
 .UNSPECIFIED. ) ;
#947 = DIRECTION ( 'NONE',  ( 0.000000000000000000, 0.000000000000000000, 1.000000000000000000 ) ) ;
#948 = CARTESIAN_POINT ( 'NONE',  ( -17.05718117384754251, 63.51179827400278555, 4.607712085239915822 ) ) ;
#949 = LINE ( 'NONE', #540, #453 ) ;
#950 = CARTESIAN_POINT ( 'NONE',  ( -15.74383369661650001, 65.20445835357146791, 4.342706094509429349 ) ) ;
#951 = EDGE_LOOP ( 'NONE', ( #923, #33, #415, #1005 ) ) ;
#952 = CARTESIAN_POINT ( 'NONE',  ( -17.83869694157122154, 64.39041642904392404, 2.791763645249859760 ) ) ;
#953 = ORIENTED_EDGE ( 'NONE', *, *, #169, .F. ) ;
#954 = ORIENTED_EDGE ( 'NONE', *, *, #1023, .T. ) ;
#955 = VECTOR ( 'NONE', #864, 1000.000000000000000 ) ;
#956 = AXIS2_PLACEMENT_3D ( 'NONE', #587, #998, #918 ) ;
#957 = EDGE_CURVE ( 'NONE', #1246, #1256, #1036, .T. ) ;
#958 = CARTESIAN_POINT ( 'NONE',  ( -17.50000000000000000, 33.88324595118434956, -2.499999999999990230 ) ) ;
#959 = DIRECTION ( 'NONE',  ( 0.000000000000000000, 0.000000000000000000, -1.000000000000000000 ) ) ;
#960 = DIRECTION ( 'NONE',  ( 3.630701386744604799E-16, 1.000000000000000000, -2.668814559449603746E-22 ) ) ;
#961 = CARTESIAN_POINT ( 'NONE',  ( 3.747583412828901395, 81.64846498850982925, 0.6787785646146645702 ) ) ;
#962 = ORIENTED_EDGE ( 'NONE', *, *, #799, .T. ) ;
#963 = CARTESIAN_POINT ( 'NONE',  ( -29.11665416314025023, 78.99745766546918446, 70.50000000000007105 ) ) ;
#964 = LINE ( 'NONE', #333, #871 ) ;
#965 = DIRECTION ( 'NONE',  ( 0.000000000000000000, 0.000000000000000000, 1.000000000000000000 ) ) ;
#966 = EDGE_CURVE ( 'NONE', #757, #1071, #39, .T. ) ;
#967 = LINE ( 'NONE', #54, #1323 ) ;
#968 = VERTEX_POINT ( 'NONE', #42 ) ;
#969 = CARTESIAN_POINT ( 'NONE',  ( 3.386097193122772353, 77.51665859054129726, 2.500000000000065725 ) ) ;
#970 = LINE ( 'NONE', #880, #49 ) ;
#971 = CARTESIAN_POINT ( 'NONE',  ( 56.06913147395184183, 77.31655049091880016, 70.50000000000007105 ) ) ;
#972 = CARTESIAN_POINT ( 'NONE',  ( -0.5609874755684793879, 32.40127438397294668, -5.499999999999940492 ) ) ;
#973 = ORIENTED_EDGE ( 'NONE', *, *, #879, .F. ) ;
#974 = CARTESIAN_POINT ( 'NONE',  ( -12.46986915943528196, 77.93205911686175114, -54.49999999999992184 ) ) ;
#975 = AXIS2_PLACEMENT_3D ( 'NONE', #398, #610, #947 ) ;
#976 = DIRECTION ( 'NONE',  ( -1.000000000000000000, 0.000000000000000000, 0.000000000000000000 ) ) ;
#977 = CARTESIAN_POINT ( 'NONE',  ( -15.16652162258765024, 78.02311830513282587, 2.447017519985258183 ) ) ;
#978 = DIRECTION ( 'NONE',  ( 0.000000000000000000, 0.000000000000000000, -1.000000000000000000 ) ) ;
#979 = ORIENTED_EDGE ( 'NONE', *, *, #185, .T. ) ;
#980 = CARTESIAN_POINT ( 'NONE',  ( -24.12803146178679725, 78.55286828872257843, 70.50000000000007105 ) ) ;
#981 = CARTESIAN_POINT ( 'NONE',  ( -14.83568961333307712, 64.29380751937198113, -4.999999999999940492 ) ) ;
#982 = CARTESIAN_POINT ( 'NONE',  ( -10.90393565551269006, 95.95728788105529361, 70.50000000000007105 ) ) ;
#983 = CARTESIAN_POINT ( 'NONE',  ( -17.50000000000000000, 1.566534589665498954E-14, 2.500000000000007994 ) ) ;
#984 = CARTESIAN_POINT ( 'NONE',  ( -15.36131243681382763, 63.01995089994148458, -5.478630831963370085 ) ) ;
#985 = ORIENTED_EDGE ( 'NONE', *, *, #160, .T. ) ;
#986 = CARTESIAN_POINT ( 'NONE',  ( 56.03601229170773479, 76.93799650564393744, -54.49999999999992184 ) ) ;
#987 = CARTESIAN_POINT ( 'NONE',  ( -14.63992494677433420, 78.00512114284089193, 2.500000000000066613 ) ) ;
#988 = EDGE_CURVE ( 'NONE', #206, #1224, #967, .T. ) ;
#989 = CARTESIAN_POINT ( 'NONE',  ( -14.95098582365379158, 62.97596580509606667, 3.500000000000064837 ) ) ;
#990 = CARTESIAN_POINT ( 'NONE',  ( -18.21883212596427626, 60.04545138931148784, -2.499999999999941380 ) ) ;
#991 = ORIENTED_EDGE ( 'NONE', *, *, #266, .F. ) ;
#992 = AXIS2_PLACEMENT_3D ( 'NONE', #262, #62, #1072 ) ;
#993 = EDGE_CURVE ( 'NONE', #1293, #55, #1185, .T. ) ;
#994 = CARTESIAN_POINT ( 'NONE',  ( -17.49629734312816254, 33.88292201068313858, -5.499999999999940492 ) ) ;
#995 = VECTOR ( 'NONE', #1311, 1000.000000000000000 ) ;
#996 = PLANE ( 'NONE',  #360 ) ;
#997 = LINE ( 'NONE', #790, #893 ) ;
#998 = DIRECTION ( 'NONE',  ( 0.08715574274765836016, 0.9961946980917455452, 0.000000000000000000 ) ) ;
#999 = VERTEX_POINT ( 'NONE', #671 ) ;
#1000 = CARTESIAN_POINT ( 'NONE',  ( -16.08879948175528440, 64.05622252705525455, -5.289325524356840447 ) ) ;
#1001 = FACE_OUTER_BOUND ( 'NONE', #865, .T. ) ;
#1002 = CARTESIAN_POINT ( 'NONE',  ( 2.676101305830167032, 69.40136846404138282, -2.499999999999936495 ) ) ;
#1003 = PLANE ( 'NONE',  #542 ) ;
#1004 = CARTESIAN_POINT ( 'NONE',  ( 0.000000000000000000, 0.000000000000000000, -2.499999999999991562 ) ) ;
#1005 = ORIENTED_EDGE ( 'NONE', *, *, #829, .T. ) ;
#1006 = ADVANCED_FACE ( 'NONE', ( #1299 ), #139, .T. ) ;
#1007 = LINE ( 'NONE', #786, #1044 ) ;
#1008 = CARTESIAN_POINT ( 'NONE',  ( 5.894748686133009841, 77.46101303886887024, -54.49999999999992895 ) ) ;
#1009 = DIRECTION ( 'NONE',  ( 0.08715574274765823526, 0.9961946980917455452, -0.000000000000000000 ) ) ;
#1010 = VERTEX_POINT ( 'NONE', #344 ) ;
#1011 = CARTESIAN_POINT ( 'NONE',  ( -16.22656568678351974, 64.12841583151381997, -5.234134625590622925 ) ) ;
#1012 = EDGE_CURVE ( 'NONE', #846, #672, #356, .T. ) ;
#1013 = VERTEX_POINT ( 'NONE', #777 ) ;
#1014 = CARTESIAN_POINT ( 'NONE',  ( -17.59283195044580950, 96.06939856241943687, -54.49999999999992184 ) ) ;
#1015 = ADVANCED_BREP_SHAPE_REPRESENTATION ( 'NACA4418 Assembly +5 AoA', ( #675, #220 ), #812 ) ;
#1016 = VECTOR ( 'NONE', #742, 1000.000000000000000 ) ;
#1017 = CARTESIAN_POINT ( 'NONE',  ( 15.92268146270501461, 77.38861203794263588, -54.49999999999992895 ) ) ;
#1018 = DIRECTION ( 'NONE',  ( 3.522283948605836748E-16, 1.000000000000000000, -2.668814559451108378E-22 ) ) ;
#1019 = CIRCLE ( 'NONE', #992, 10.00000000000000178 ) ;
#1020 = VERTEX_POINT ( 'NONE', #1173 ) ;
#1021 = B_SPLINE_CURVE_WITH_KNOTS ( 'NONE', 3,
 ( #981, #57, #380, #1308, #583, #683, #806, #71, #483, #1322 ),
 .UNSPECIFIED., .F., .F.,
 ( 4, 2, 2, 2, 4 ),
 ( 0.000000000000000000, 0.0004712296254052898768, 0.0009424592508105797536, 0.001413688876215867191, 0.001884918501621154520 ),
 .UNSPECIFIED. ) ;
#1022 = AXIS2_PLACEMENT_3D ( 'NONE', #1305, #1200, #490 ) ;
#1023 = EDGE_CURVE ( 'NONE', #657, #1064, #258, .T. ) ;
#1024 = EDGE_CURVE ( 'NONE', #939, #1274, #678, .T. ) ;
#1025 = CARTESIAN_POINT ( 'NONE',  ( -41.04511397367672032, 82.37308712487350704, 70.50000000000007105 ) ) ;
#1026 = CARTESIAN_POINT ( 'NONE',  ( -15.85883766900711045, 78.04772833307634983, -2.091714808705646078 ) ) ;
#1027 = CARTESIAN_POINT ( 'NONE',  ( -15.25540325982126255, 70.97017183349920799, 12.50000000000006750 ) ) ;
#1028 = EDGE_LOOP ( 'NONE', ( #979, #1196, #1312, #1262 ) ) ;
#1029 = CARTESIAN_POINT ( 'NONE',  ( -15.69274686736979163, 64.95326457302370216, 4.522742560427132297 ) ) ;
#1030 = CARTESIAN_POINT ( 'NONE',  ( -20.00000000000000000, 34.10196760999915710, 8.101149531628921637E-15 ) ) ;
#1031 = CARTESIAN_POINT ( 'NONE',  ( -39.01069039437671648, 81.31061713345413011, -54.49999999999992895 ) ) ;
#1032 = DIRECTION ( 'NONE',  ( 0.000000000000000000, 0.000000000000000000, -1.000000000000000000 ) ) ;
#1033 = CARTESIAN_POINT ( 'NONE',  ( -15.61779724086616561, 63.86840590214605129, 5.427198294891845798 ) ) ;
#1034 = ORIENTED_EDGE ( 'NONE', *, *, #394, .F. ) ;
#1035 = CARTESIAN_POINT ( 'NONE',  ( -17.49629734312816254, 33.88292201068313858, 5.500000000000065725 ) ) ;
#1036 = B_SPLINE_CURVE_WITH_KNOTS ( 'NONE', 3,
 ( #832, #321, #950, #1029, #1147, #536, #103, #852, #516, #729 ),
 .UNSPECIFIED., .F., .F.,
 ( 4, 2, 2, 2, 4 ),
 ( 0.000000000000000000, 0.0004678355512128944431, 0.0009356711024257888861, 0.001403506653638683221, 0.001871342204851577772 ),
 .UNSPECIFIED. ) ;
#1037 = CARTESIAN_POINT ( 'NONE',  ( -38.08865589198846635, 92.15503183329326475, -54.49999999999992184 ) ) ;
#1038 = EDGE_CURVE ( 'NONE', #1246, #11, #789, .T. ) ;
#1039 = CLOSED_SHELL ( 'NONE', ( #123, #229, #617, #741, #97, #389, #297, #721, #340, #842, #167, #500, #872, #945, #432, #731, #1146, #1052, #150, #213, #1320, #188, #615, #461, #841, #1169, #514, #695, #1006, #532, #550, #1073, #906, #217 ) ) ;
#1040 = CARTESIAN_POINT ( 'NONE',  ( -15.76045637457668036, 63.08707120933890167, 5.394218893631639311 ) ) ;
#1041 = CARTESIAN_POINT ( 'NONE',  ( -15.42752358802471591, 64.54574342905407036, 4.828520909331089683 ) ) ;
#1042 = VECTOR ( 'NONE', #755, 1000.000000000000000 ) ;
#1043 = ORIENTED_EDGE ( 'NONE', *, *, #475, .T. ) ;
#1044 = VECTOR ( 'NONE', #600, 1000.000000000000000 ) ;
#1045 = DIRECTION ( 'NONE',  ( 0.000000000000000000, 0.000000000000000000, 1.000000000000000000 ) ) ;
#1046 = AXIS2_PLACEMENT_3D ( 'NONE', #1317, #383, #391 ) ;
#1047 = ORIENTED_EDGE ( 'NONE', *, *, #957, .T. ) ;
#1048 = CARTESIAN_POINT ( 'NONE',  ( -17.33373058762115093, 63.67945249135649277, 4.262856550423275159 ) ) ;
#1049 = CARTESIAN_POINT ( 'NONE',  ( -17.72956415103593741, 65.63780993280835219, 4.166666666666739793 ) ) ;
#1050 = VERTEX_POINT ( 'NONE', #156 ) ;
#1051 = CARTESIAN_POINT ( 'NONE',  ( -17.84213863495234165, 64.35107769368777042, -2.870345767343499777 ) ) ;
#1052 = ADVANCED_FACE ( 'NONE', ( #770 ), #247, .T. ) ;
#1053 = EDGE_LOOP ( 'NONE', ( #378, #537, #899, #480 ) ) ;
#1054 = DIRECTION ( 'NONE',  ( 0.000000000000000000, 0.000000000000000000, -1.000000000000000000 ) ) ;
#1055 = DIRECTION ( 'NONE',  ( 0.000000000000000000, 0.000000000000000000, 1.000000000000000000 ) ) ;
#1056 = ORIENTED_EDGE ( 'NONE', *, *, #1012, .T. ) ;
#1057 = CARTESIAN_POINT ( 'NONE',  ( 1.984324043905888457, 61.49431817838586767, -5.499999999999940492 ) ) ;
#1058 = ORIENTED_EDGE ( 'NONE', *, *, #176, .F. ) ;
#1059 = DIRECTION ( 'NONE',  ( -0.08715574274765836016, -0.9961946980917455452, -0.000000000000000000 ) ) ;
#1060 = ORIENTED_EDGE ( 'NONE', *, *, #696, .F. ) ;
#1061 = DIRECTION ( 'NONE',  ( 0.000000000000000000, 0.000000000000000000, 1.000000000000000000 ) ) ;
#1062 = CARTESIAN_POINT ( 'NONE',  ( -9.841977309562398801, 1.731898002254456753E-15, 1.843598055105351685 ) ) ;
#1063 = VECTOR ( 'NONE', #283, 1000.000000000000000 ) ;
#1064 = VERTEX_POINT ( 'NONE', #972 ) ;
#1065 = VECTOR ( 'NONE', #748, 1000.000000000000000 ) ;
#1066 = CARTESIAN_POINT ( 'NONE',  ( -44.16824464329837241, 86.30916407953614566, 70.50000000000007105 ) ) ;
#1067 = EDGE_CURVE ( 'NONE', #1259, #848, #47, .T. ) ;
#1068 = CARTESIAN_POINT ( 'NONE',  ( -18.96446609406726225, 34.01137013253332952, 2.500000000000008882 ) ) ;
#1069 = EDGE_LOOP ( 'NONE', ( #541, #223, #104, #400 ) ) ;
#1070 = CARTESIAN_POINT ( 'NONE',  ( -15.83352905385870457, 64.36216377007582423, 2.500000000000063949 ) ) ;
#1071 = VERTEX_POINT ( 'NONE', #791 ) ;
#1072 = DIRECTION ( 'NONE',  ( 0.000000000000000000, 0.000000000000000000, 1.000000000000000000 ) ) ;
#1073 = ADVANCED_FACE ( 'NONE', ( #459 ), #350, .T. ) ;
#1074 = LINE ( 'NONE', #558, #1087 ) ;
#1075 = LINE ( 'NONE', #245, #1016 ) ;
#1076 = EDGE_CURVE ( 'NONE', #1256, #260, #651, .T. ) ;
#1077 = DIRECTION ( 'NONE',  ( 0.000000000000000000, 0.000000000000000000, 1.000000000000000000 ) ) ;
#1078 = EDGE_LOOP ( 'NONE', ( #973, #507, #314, #830, #225, #633 ) ) ;
#1079 = DIRECTION ( 'NONE',  ( 0.9963466490417509647, -3.509413107732031008E-16, -0.08540114134643618515 ) ) ;
#1080 = PRODUCT_CONTEXT ( 'NONE', #230, 'mechanical' ) ;
#1081 = EDGE_CURVE ( 'NONE', #1071, #811, #91, .T. ) ;
#1082 = CARTESIAN_POINT ( 'NONE',  ( 15.92268146270501461, 77.38861203794263588, 70.50000000000007105 ) ) ;
#1083 = DIRECTION ( 'NONE',  ( 0.000000000000000000, 0.000000000000000000, 1.000000000000000000 ) ) ;
#1084 = CARTESIAN_POINT ( 'NONE',  ( -14.95098582365379158, 62.97596580509606667, -3.499999999999940492 ) ) ;
#1085 = ORIENTED_EDGE ( 'NONE', *, *, #774, .F. ) ;
#1086 = CARTESIAN_POINT ( 'NONE',  ( 1.705061835870637310, 58.30233653435833219, -2.499999999999934719 ) ) ;
#1087 = VECTOR ( 'NONE', #538, 1000.000000000000114 ) ;
#1088 = VECTOR ( 'NONE', #152, 1000.000000000000000 ) ;
#1089 = CARTESIAN_POINT ( 'NONE',  ( -20.00000000000000000, 34.10196760999916421, -1.464466094067254476 ) ) ;
#1090 = CARTESIAN_POINT ( 'NONE',  ( -16.43855322873509195, 78.06943487932018400, 1.386889568432087660 ) ) ;
#1091 = DIRECTION ( 'NONE',  ( 0.9961946980917455452, -0.08715574274765836016, 0.000000000000000000 ) ) ;
#1092 = ORIENTED_EDGE ( 'NONE', *, *, #957, .F. ) ;
#1093 = CARTESIAN_POINT ( 'NONE',  ( 0.8808667538846413070, 77.55674863146685993, 2.500000000000066613 ) ) ;
#1094 = CARTESIAN_POINT ( 'NONE',  ( -4.962131465353969872, 77.67752350921739435, -2.499999999999937828 ) ) ;
#1095 = CARTESIAN_POINT ( 'NONE',  ( -27.74618499271291938, 95.22048175738241582, 70.50000000000007105 ) ) ;
#1096 = CYLINDRICAL_SURFACE ( 'NONE', #956, 3.000000000000000000 ) ;
#1097 = ORIENTED_EDGE ( 'NONE', *, *, #76, .T. ) ;
#1098 = CARTESIAN_POINT ( 'NONE',  ( 15.92268146270501461, 77.38861203794263588, 70.50000000000007105 ) ) ;
#1099 = CARTESIAN_POINT ( 'NONE',  ( -44.16824464329837241, 86.30916407953614566, 70.50000000000007105 ) ) ;
#1100 = CYLINDRICAL_SURFACE ( 'NONE', #343, 2.000000000000000000 ) ;
#1101 = ORIENTED_EDGE ( 'NONE', *, *, #598, .T. ) ;
#1102 = CARTESIAN_POINT ( 'NONE',  ( -17.82591845004219522, 64.53647525557113340, -2.499999999999946709 ) ) ;
#1103 = CARTESIAN_POINT ( 'NONE',  ( -10.96927562237418918, 77.88118433895307646, -2.499999999999937828 ) ) ;
#1104 = VECTOR ( 'NONE', #824, 1000.000000000000114 ) ;
#1105 = DIRECTION ( 'NONE',  ( 0.000000000000000000, 0.000000000000000000, -1.000000000000000000 ) ) ;
#1106 = EDGE_LOOP ( 'NONE', ( #1034, #750, #699, #548, #43, #248 ) ) ;
#1107 = DIRECTION ( 'NONE',  ( -0.9961946980917455452, 0.08715574274765823526, 0.000000000000000000 ) ) ;
#1108 = DIRECTION ( 'NONE',  ( 0.000000000000000000, 0.000000000000000000, 1.000000000000000000 ) ) ;
#1109 = DIRECTION ( 'NONE',  ( -0.08715574274765836016, -0.9961946980917455452, 0.000000000000000000 ) ) ;
#1110 = ORIENTED_EDGE ( 'NONE', *, *, #1231, .F. ) ;
#1111 = CARTESIAN_POINT ( 'NONE',  ( -15.65441971901056206, 64.86747869502676167, -4.586660714561055840 ) ) ;
#1112 = FACE_OUTER_BOUND ( 'NONE', #186, .T. ) ;
#1113 = CARTESIAN_POINT ( 'NONE',  ( 51.02324954362670439, 77.02109762537422455, 70.50000000000007105 ) ) ;
#1114 = ORIENTED_EDGE ( 'NONE', *, *, #1116, .F. ) ;
#1115 = CARTESIAN_POINT ( 'NONE',  ( -17.10456211578693342, 64.81437985581968064, -4.719559774788410600 ) ) ;
#1116 = EDGE_CURVE ( 'NONE', #393, #529, #555, .T. ) ;
#1117 = ORIENTED_EDGE ( 'NONE', *, *, #1203, .T. ) ;
#1118 = AXIS2_PLACEMENT_3D ( 'NONE', #989, #690, #1105 ) ;
#1119 = CARTESIAN_POINT ( 'NONE',  ( 17.15961649707933034, 91.08366504280270703, -54.49999999999992184 ) ) ;
#1120 = VECTOR ( 'NONE', #836, 1000.000000000000000 ) ;
#1121 = CARTESIAN_POINT ( 'NONE',  ( 1.705061835870637310, 58.30233653435833219, -2.499999999999934719 ) ) ;
#1122 = DIRECTION ( 'NONE',  ( -0.9961946980917455452, 0.08715574274765836016, -0.000000000000000000 ) ) ;
#1123 = CARTESIAN_POINT ( 'NONE',  ( -16.22656568678380751, 64.12841583151441682, 5.234134625590833423 ) ) ;
#1124 = ORIENTED_EDGE ( 'NONE', *, *, #1248, .F. ) ;
#1125 = CARTESIAN_POINT ( 'NONE',  ( -16.48324671670733110, 64.28388295894980331, -5.115272265515792505 ) ) ;
#1126 = ORIENTED_EDGE ( 'NONE', *, *, #368, .F. ) ;
#1127 = EDGE_CURVE ( 'NONE', #570, #55, #547, .T. ) ;
#1128 = DIRECTION ( 'NONE',  ( -0.08715574274765836016, -0.9961946980917455452, 1.489033026589533876E-16 ) ) ;
#1129 = CARTESIAN_POINT ( 'NONE',  ( 44.81748775505464977, 82.11665666955467202, -54.49999999999992895 ) ) ;
#1130 = CARTESIAN_POINT ( 'NONE',  ( -15.62810103902671699, 64.81086059017160039, 4.628800237751293345 ) ) ;
#1131 = VERTEX_POINT ( 'NONE', #1163 ) ;
#1132 = CARTESIAN_POINT ( 'NONE',  ( -15.25540325982126255, 70.97017183349922220, -0.4999999999999362732 ) ) ;
#1133 = EDGE_LOOP ( 'NONE', ( #1060, #745, #652, #1209 ) ) ;
#1134 =( BOUNDED_SURFACE ( )  B_SPLINE_SURFACE ( 3, 2, ( 
 ( #313, #7, #717 ),
 ( #1237, #735, #749 ),
 ( #528, #414, #850 ),
 ( #325, #1033, #1245 ),
 ( #1139, #108, #212 ),
 ( #539, #305, #101 ),
 ( #1041, #1123, #727 ),
 ( #938, #632, #948 ),
 ( #1252, #942, #14 ),
 ( #1130, #534, #627 ),
 ( #520, #837, #513 ),
 ( #205, #427, #421 ),
 ( #845, #19, #319 ),
 ( #1144, #740, #405 ),
 ( #219, #120, #952 ),
 ( #640, #1049, #1258 ) ),
 .UNSPECIFIED., .F., .F., .T. ) 
 B_SPLINE_SURFACE_WITH_KNOTS ( ( 4, 2, 2, 2, 2, 2, 2, 4 ),
 ( 3, 3 ),
 ( 0.004635963571066483921, 0.004902230594476109440, 0.005168497617885734960, 0.005434764641295360479, 0.005701031664704985132, 0.005967298688114609784, 0.006233565711524235303, 0.006766099758343486342 ),
 ( 0.000000000000000000, 1.000000000000000000 ),
 .UNSPECIFIED. ) 
 GEOMETRIC_REPRESENTATION_ITEM ( )  RATIONAL_B_SPLINE_SURFACE ( (
 ( 1.000000000000000000, 0.9354143466934852214, 1.000000000000000000),
 ( 1.000000000000000000, 0.9354098695952098863, 1.000000000000000000),
 ( 1.000000000000000000, 0.9332930661161378261, 1.000000000000000000),
 ( 1.000000000000000000, 0.9252414482836053278, 1.000000000000000000),
 ( 1.000000000000000000, 0.9194819428116207671, 1.000000000000000000),
 ( 1.000000000000000000, 0.9053101983487912285, 1.000000000000000000),
 ( 1.000000000000000000, 0.8971149038921436558, 1.000000000000000000),
 ( 1.000000000000000000, 0.8788298938415535222, 1.000000000000000000),
 ( 1.000000000000000000, 0.8687612797503226902, 1.000000000000000000),
 ( 1.000000000000000000, 0.8476240924214103467, 1.000000000000000000),
 ( 1.000000000000000000, 0.8364572537791634677, 1.000000000000000000),
 ( 1.000000000000000000, 0.8129401750142746241, 1.000000000000000000),
 ( 1.000000000000000000, 0.8005803502267146987, 1.000000000000000000),
 ( 1.000000000000000000, 0.7625924932377716736, 1.000000000000000000),
 ( 1.000000000000000000, 0.7357548725555901337, 1.000000000000000000),
 ( 1.000000000000000000, 0.7071067811865503483, 1.000000000000000000) ) ) 
 REPRESENTATION_ITEM ( '' )  SURFACE ( )  );
#1135 = CARTESIAN_POINT ( 'NONE',  ( -32.01729343660114324, 94.33411343480264577, 70.50000000000007105 ) ) ;
#1136 = UNCERTAINTY_MEASURE_WITH_UNIT (LENGTH_MEASURE( 1.000000000000000082E-05 ), #359, 'distance_accuracy_value', 'NONE');
#1137 = CARTESIAN_POINT ( 'NONE',  ( 54.36525534939475079, 76.96569416054622081, -54.49999999999992895 ) ) ;
#1138 = LINE ( 'NONE', #18, #1234 ) ;
#1139 = CARTESIAN_POINT ( 'NONE',  ( -15.24427304010706052, 64.41380678412998861, 4.926651735515805264 ) ) ;
#1140 = ORIENTED_EDGE ( 'NONE', *, *, #379, .F. ) ;
#1141 = LINE ( 'NONE', #635, #895 ) ;
#1142 = EDGE_CURVE ( 'NONE', #968, #384, #910, .T. ) ;
#1143 = CARTESIAN_POINT ( 'NONE',  ( -14.95098582365379158, 62.97596580509606667, 5.500000000000065725 ) ) ;
#1144 = CARTESIAN_POINT ( 'NONE',  ( -15.74448488969671089, 65.22154121913166591, 4.330848446400496599 ) ) ;
#1145 = DIRECTION ( 'NONE',  ( 1.000000000000000000, -3.630701386744606278E-16, 1.387778780781415785E-17 ) ) ;
#1146 = ADVANCED_FACE ( 'NONE', ( #94 ), #1096, .T. ) ;
#1147 = CARTESIAN_POINT ( 'NONE',  ( -15.64604538946966628, 64.83128005672297434, 4.613277170040626096 ) ) ;
#1148 = CARTESIAN_POINT ( 'NONE',  ( -16.81426925455787114, 63.39800519357780217, 4.835964367705859246 ) ) ;
#1149 = CARTESIAN_POINT ( 'NONE',  ( -1.734723475976807094E-14, -1.734723357380413914E-15, -1.000000000000000444 ) ) ;
#1150 = ORIENTED_EDGE ( 'NONE', *, *, #647, .F. ) ;
#1151 = DIRECTION ( 'NONE',  ( -0.000000000000000000, 0.000000000000000000, -1.000000000000000000 ) ) ;
#1152 = PLANE ( 'NONE',  #153 ) ;
#1153 = EDGE_CURVE ( 'NONE', #657, #1071, #179, .T. ) ;
#1154 = EDGE_LOOP ( 'NONE', ( #322, #1124, #1230, #754, #466 ) ) ;
#1155 = CARTESIAN_POINT ( 'NONE',  ( 0.000000000000000000, 0.000000000000000000, -2.499999999999991562 ) ) ;
#1156 = ORIENTED_EDGE ( 'NONE', *, *, #680, .T. ) ;
#1157 = DIRECTION ( 'NONE',  ( -0.9961946980917455452, 0.08715574274765836016, -0.000000000000000000 ) ) ;
#1158 = DIRECTION ( 'NONE',  ( -0.9961946980917455452, 0.08715574274765836016, 0.000000000000000000 ) ) ;
#1159 = EDGE_LOOP ( 'NONE', ( #985, #298 ) ) ;
#1160 = CARTESIAN_POINT ( 'NONE',  ( 51.25889212221194668, 79.46410257299663726, 70.50000000000007105 ) ) ;
#1161 = PLANE ( 'NONE',  #112 ) ;
#1162 = FACE_OUTER_BOUND ( 'NONE', #769, .T. ) ;
#1163 = CARTESIAN_POINT ( 'NONE',  ( 1.705061835870637310, 58.30233653435833219, 2.500000000000065725 ) ) ;
#1164 = CIRCLE ( 'NONE', #584, 2.000000000000000444 ) ;
#1165 = ORIENTED_EDGE ( 'NONE', *, *, #655, .T. ) ;
#1166 = AXIS2_PLACEMENT_3D ( 'NONE', #689, #667, #1288 ) ;
#1167 = CARTESIAN_POINT ( 'NONE',  ( 51.02324954362670439, 77.02109762537422455, -54.49999999999992184 ) ) ;
#1168 = AXIS2_PLACEMENT_3D ( 'NONE', #1070, #659, #60 ) ;
#1169 = ADVANCED_FACE ( 'NONE', ( #927 ), #1100, .T. ) ;
#1170 = PLANE ( 'NONE',  #174 ) ;
#1171 = ORIENTED_EDGE ( 'NONE', *, *, #129, .F. ) ;
#1172 = DIRECTION ( 'NONE',  ( 0.000000000000000000, 0.000000000000000000, -1.000000000000000000 ) ) ;
#1173 = CARTESIAN_POINT ( 'NONE',  ( -17.50000000000000000, 33.88324595118434246, 2.500000000000007994 ) ) ;
#1174 = ORIENTED_EDGE ( 'NONE', *, *, #554, .F. ) ;
#1175 = CARTESIAN_POINT ( 'NONE',  ( 56.03601229170773479, 76.93799650564393744, 70.50000000000007105 ) ) ;
#1176 = DIRECTION ( 'NONE',  ( -1.000000000000000000, 2.779109781899464598E-22, -1.387778780781445676E-17 ) ) ;
#1177 = B_SPLINE_CURVE_WITH_KNOTS ( 'NONE', 3,
 ( #1143, #113, #639, #1040, #519, #426, #304, #1148, #211, #937, #1048, #420, #1332, #107, #295, #1236 ),
 .UNSPECIFIED., .F., .F.,
 ( 4, 2, 2, 2, 2, 2, 2, 4 ),
 ( 0.000000000000000000, 0.0006179058195868141878, 0.001235811639173628376, 0.001853717458760442563, 0.002471623278347256751, 0.003089529097934070722, 0.003707434917520885127, 0.004943246556694529115 ),
 .UNSPECIFIED. ) ;
#1178 = CARTESIAN_POINT ( 'NONE',  ( -15.87067193514530139, 78.04811987847985222, 2.098618522826343202 ) ) ;
#1179 = CARTESIAN_POINT ( 'NONE',  ( 0.000000000000000000, 0.000000000000000000, -2.499999999999991562 ) ) ;
#1180 = CARTESIAN_POINT ( 'NONE',  ( -15.76045637457668391, 63.08707120933893009, -5.394218893631517631 ) ) ;
#1181 = ORIENTED_EDGE ( 'NONE', *, *, #1067, .F. ) ;
#1182 = LINE ( 'NONE', #256, #4 ) ;
#1183 = DIRECTION ( 'NONE',  ( -3.630704165854387192E-16, -1.000000000000000000, 2.668814559449603746E-22 ) ) ;
#1184 = CYLINDRICAL_SURFACE ( 'NONE', #277, 2.000000000000000000 ) ;
#1185 = LINE ( 'NONE', #961, #370 ) ;
#1186 = ORIENTED_EDGE ( 'NONE', *, *, #887, .T. ) ;
#1187 = EDGE_CURVE ( 'NONE', #529, #55, #284, .T. ) ;
#1188 = CARTESIAN_POINT ( 'NONE',  ( -14.63992494677433420, 78.00512114284089193, 2.500000000000066613 ) ) ;
#1189 = VECTOR ( 'NONE', #691, 1000.000000000000000 ) ;
#1190 = VECTOR ( 'NONE', #119, 1000.000000000000000 ) ;
#1191 = VECTOR ( 'NONE', #416, 1000.000000000000227 ) ;
#1192 =( NAMED_UNIT ( * ) PLANE_ANGLE_UNIT ( ) SI_UNIT ( $, .RADIAN. ) );
#1193 = CARTESIAN_POINT ( 'NONE',  ( 36.72572782056157337, 85.11720425390502953, 70.50000000000007105 ) ) ;
#1194 = DIRECTION ( 'NONE',  ( 0.9961946980917455452, -0.08715574274765836016, 0.000000000000000000 ) ) ;
#1195 = CARTESIAN_POINT ( 'NONE',  ( -17.50000000000000000, 1.566534569899435028E-14, 8.135853102331225273E-15 ) ) ;
#1196 = ORIENTED_EDGE ( 'NONE', *, *, #195, .T. ) ;
#1197 = CARTESIAN_POINT ( 'NONE',  ( -19.14113242964750228, 78.15681675875543988, -54.49999999999992184 ) ) ;
#1198 = CARTESIAN_POINT ( 'NONE',  ( -20.00000000000000000, 7.261402971149854973E-15, 8.101158632811689131E-15 ) ) ;
#1199 = CARTESIAN_POINT ( 'NONE',  ( -43.56689792634478664, 85.84284777304721104, 2.500000000000065725 ) ) ;
#1200 = DIRECTION ( 'NONE',  ( 0.9961946980917455452, -0.08715574274765836016, 0.000000000000000000 ) ) ;
#1201 = ORIENTED_EDGE ( 'NONE', *, *, #630, .T. ) ;
#1202 = CARTESIAN_POINT ( 'NONE',  ( -15.71205092610391141, 65.04314083162435622, -4.458185572730350543 ) ) ;
#1203 = EDGE_CURVE ( 'NONE', #660, #778, #372, .T. ) ;
#1204 = PRESENTATION_STYLE_ASSIGNMENT (( #1295 ) ) ;
#1205 = PRODUCT_DEFINITION_SHAPE ( 'NONE', 'NONE',  #604 ) ;
#1206 = CARTESIAN_POINT ( 'NONE',  ( -16.62827408901458170, 78.07682621176199689, 0.7620750074389971429 ) ) ;
#1207 = FACE_BOUND ( 'NONE', #308, .T. ) ;
#1208 = LINE ( 'NONE', #1004, #134 ) ;
#1209 = ORIENTED_EDGE ( 'NONE', *, *, #673, .F. ) ;
#1210 = CARTESIAN_POINT ( 'NONE',  ( -15.56237052281683653, 64.70082663478306984, -4.711330275018794644 ) ) ;
#1211 = EDGE_CURVE ( 'NONE', #1218, #1226, #494, .T. ) ;
#1212 = CARTESIAN_POINT ( 'NONE',  ( 0.8808667538846409739, 77.55674863146687414, -2.499999999999937828 ) ) ;
#1213 = AXIS2_PLACEMENT_3D ( 'NONE', #1084, #148, #978 ) ;
#1214 = EDGE_CURVE ( 'NONE', #1064, #939, #686, .T. ) ;
#1215 = CARTESIAN_POINT ( 'NONE',  ( -38.08865589198846635, 92.15503183329326475, -54.49999999999992895 ) ) ;
#1216 = DIRECTION ( 'NONE',  ( 0.9961946980917455452, -0.08715574274765836016, 0.000000000000000000 ) ) ;
#1217 = LINE ( 'NONE', #192, #921 ) ;
#1218 = VERTEX_POINT ( 'NONE', #580 ) ;
#1219 = CARTESIAN_POINT ( 'NONE',  ( -17.68519559428781207, 64.02237212233397656, -3.549468065412847650 ) ) ;
#1220 = CARTESIAN_POINT ( 'NONE',  ( 51.25889212221194668, 79.46410257299663726, -54.49999999999992184 ) ) ;
#1221 = CARTESIAN_POINT ( 'NONE',  ( 35.98228526638325064, 77.22100854709630369, -54.49999999999992895 ) ) ;
#1222 = FACE_OUTER_BOUND ( 'NONE', #418, .T. ) ;
#1223 = DIRECTION ( 'NONE',  ( 0.08715574274765836016, 0.9961946980917455452, 0.000000000000000000 ) ) ;
#1224 = VERTEX_POINT ( 'NONE', #990 ) ;
#1225 = CARTESIAN_POINT ( 'NONE',  ( -17.05718117384762778, 63.51179827400277134, -4.607712085239713318 ) ) ;
#1226 = VERTEX_POINT ( 'NONE', #705 ) ;
#1227 = CARTESIAN_POINT ( 'NONE',  ( -42.60023367699834296, 89.10595281740573625, 70.50000000000007105 ) ) ;
#1228 = CARTESIAN_POINT ( 'NONE',  ( 51.02324954362670439, 77.02109762537422455, -54.49999999999992895 ) ) ;
#1229 = CARTESIAN_POINT ( 'NONE',  ( -17.50000000000001776, 4.429268965962580379E-15, 2.500000000000007994 ) ) ;
#1230 = ORIENTED_EDGE ( 'NONE', *, *, #362, .T. ) ;
#1231 = EDGE_CURVE ( 'NONE', #771, #607, #905, .T. ) ;
#1232 = AXIS2_PLACEMENT_3D ( 'NONE', #760, #663, #1145 ) ;
#1233 = CARTESIAN_POINT ( 'NONE',  ( -17.59283195044580950, 96.06939856241943687, 70.50000000000007105 ) ) ;
#1234 = VECTOR ( 'NONE', #1018, 1000.000000000000000 ) ;
#1235 = CARTESIAN_POINT ( 'NONE',  ( -16.58808018652698024, 78.07522773634273960, -1.026898593086822853 ) ) ;
#1236 = CARTESIAN_POINT ( 'NONE',  ( -17.82591845004219522, 64.53647525557114761, 2.500000000000065725 ) ) ;
#1237 = CARTESIAN_POINT ( 'NONE',  ( -14.92482497345469561, 64.30160587738559741, 4.999999978489662489 ) ) ;
#1238 = AXIS2_PLACEMENT_3D ( 'NONE', #1266, #16, #423 ) ;
#1239 = ORIENTED_EDGE ( 'NONE', *, *, #1214, .T. ) ;
#1240 = DIRECTION ( 'NONE',  ( -0.08715574274765836016, -0.9961946980917455452, 0.000000000000000000 ) ) ;
#1241 = ORIENTED_EDGE ( 'NONE', *, *, #554, .T. ) ;
#1242 = CARTESIAN_POINT ( 'NONE',  ( -39.01069039437671648, 81.31061713345413011, -54.49999999999992184 ) ) ;
#1243 = CARTESIAN_POINT ( 'NONE',  ( -16.64124641340297117, 78.07733859597631465, -0.7642924876056613748 ) ) ;
#1244 = FACE_OUTER_BOUND ( 'NONE', #723, .T. ) ;
#1245 = CARTESIAN_POINT ( 'NONE',  ( -15.96831955976007933, 63.12966871824586690, 5.330510920847193468 ) ) ;
#1246 = VERTEX_POINT ( 'NONE', #596 ) ;
#1247 = ORIENTED_EDGE ( 'NONE', *, *, #259, .F. ) ;
#1248 = EDGE_CURVE ( 'NONE', #1020, #1293, #172, .T. ) ;
#1249 = CARTESIAN_POINT ( 'NONE',  ( 44.81748775505464977, 82.11665666955467202, 70.50000000000007105 ) ) ;
#1250 = EDGE_CURVE ( 'NONE', #1327, #529, #1208, .T. ) ;
#1251 = LINE ( 'NONE', #926, #456 ) ;
#1252 = CARTESIAN_POINT ( 'NONE',  ( -15.56237052281699285, 64.70082663478358143, 4.711330275018531744 ) ) ;
#1253 =( BOUNDED_CURVE ( )  B_SPLINE_CURVE ( 3, ( #182, #64, #1089, #1030 ),
 .UNSPECIFIED., .F., .F. ) 
 B_SPLINE_CURVE_WITH_KNOTS ( ( 4, 4 ),
 ( 1.570796326794896558, 3.141592653589793116 ),
 .UNSPECIFIED. ) 
 CURVE ( )  GEOMETRIC_REPRESENTATION_ITEM ( )  RATIONAL_B_SPLINE_CURVE ( ( 1.000000000000000000, 0.8047378541243649375, 0.8047378541243649375, 1.000000000000000000 ) ) 
 REPRESENTATION_ITEM ( '' )  );
#1254 = EDGE_LOOP ( 'NONE', ( #1058, #430, #193, #345 ) ) ;
#1255 = CARTESIAN_POINT ( 'NONE',  ( 2.676101305830167032, 69.40136846404138282, -12.49999999999993605 ) ) ;
#1256 = VERTEX_POINT ( 'NONE', #80 ) ;
#1257 = DIRECTION ( 'NONE',  ( -0.9961946980917455452, 0.08715574274765836016, 0.000000000000000000 ) ) ;
#1258 = CARTESIAN_POINT ( 'NONE',  ( -17.82591845004219522, 64.53647525557113340, 2.500000000000088818 ) ) ;
#1259 = VERTEX_POINT ( 'NONE', #898 ) ;
#1260 = CARTESIAN_POINT ( 'NONE',  ( -16.96079199999508091, 63.46393913834674549, -4.704182410178523455 ) ) ;
#1261 = VECTOR ( 'NONE', #782, 1000.000000000000000 ) ;
#1262 = ORIENTED_EDGE ( 'NONE', *, *, #63, .F. ) ;
#1263 = FACE_OUTER_BOUND ( 'NONE', #645, .T. ) ;
#1264 = DIRECTION ( 'NONE',  ( 1.000000000000000000, 0.000000000000000000, 0.000000000000000000 ) ) ;
#1265 = DIRECTION ( 'NONE',  ( -0.000000000000000000, -0.000000000000000000, 1.000000000000000000 ) ) ;
#1266 = CARTESIAN_POINT ( 'NONE',  ( -17.24779265600474787, 71.14448331899453137, 12.50000000000006750 ) ) ;
#1267 = ORIENTED_EDGE ( 'NONE', *, *, #394, .T. ) ;
#1268 = B_SPLINE_CURVE_WITH_KNOTS ( 'NONE', 3,
 ( #1331, #625, #79, #1129, #504, #303, #282, #106, #294, #822, #493, #518, #917, #1324, #709, #1215, #909, #1337, #703, #183, #190, #1031, #827, #1315, #396, #601, #609, #311, #931, #1008, #1017, #936, #1221, #511, #1228, #1137, #83 ),
 .UNSPECIFIED., .F., .F.,
 ( 4, 1, 1, 1, 1, 1, 1, 1, 1, 1, 1, 1, 1, 1, 1, 1, 1, 1, 1, 1, 1, 1, 1, 1, 1, 1, 1, 1, 1, 1, 1, 1, 1, 1, 4 ),
 ( 0.000000000000000000, 0.02536508872464449810, 0.05053612755872174955, 0.1003618701347641917, 0.1496783382512865135, 0.1985585996384787444, 0.2470636409939346301, 0.2952667862627077477, 0.3432976001428697521, 0.3673747411682081188, 0.3916107887708328850, 0.4161594968373788506, 0.4413019252272763482, 0.4543254831295238660, 0.4678815906748556852, 0.4825385968735472764, 0.4909952784889383692, 0.5100263542411189732, 0.5218055463173286723, 0.5291478474586019942, 0.5422089031537518089, 0.5545686619652151483, 0.5667213781472770773, 0.5908249965976484219, 0.6148423246242851192, 0.6388596526509219276, 0.6629000217420070173, 0.7110052231000469902, 0.7591460896194277552, 0.8073219245187539528, 0.8555015182051326494, 0.9036773531044588470, 0.9518386289141608225, 0.9759228589746615778, 1.000000000000000000 ),
 .UNSPECIFIED. ) ;
#1269 = CARTESIAN_POINT ( 'NONE',  ( -9.841977309562398801, 1.731898002254456753E-15, 1.843598055105351685 ) ) ;
#1270 = CARTESIAN_POINT ( 'NONE',  ( 2.676101305830167032, 69.40136846404136861, 2.500000000000065725 ) ) ;
#1271 = FACE_OUTER_BOUND ( 'NONE', #951, .T. ) ;
#1272 = CARTESIAN_POINT ( 'NONE',  ( -4.336808689942017736E-16, 38.81339057091472711, 8.000000000000063949 ) ) ;
#1273 = EDGE_CURVE ( 'NONE', #260, #1013, #280, .T. ) ;
#1274 = VERTEX_POINT ( 'NONE', #85 ) ;
#1275 = CARTESIAN_POINT ( 'NONE',  ( -19.14113242964750228, 78.15681675875543988, 70.50000000000007105 ) ) ;
#1276 = DIRECTION ( 'NONE',  ( 0.000000000000000000, -0.000000000000000000, 1.000000000000000000 ) ) ;
#1277 = EDGE_LOOP ( 'NONE', ( #1140, #643, #61, #877, #269, #157, #88, #628, #23, #447, #954 ) ) ;
#1278 = CARTESIAN_POINT ( 'NONE',  ( -20.48488143740339495, 34.14438923892610944, -2.499999999999941380 ) ) ;
#1279 = CARTESIAN_POINT ( 'NONE',  ( 1.984324043905888457, 61.49431817838588188, -3.499999999999940492 ) ) ;
#1280 = ORIENTED_EDGE ( 'NONE', *, *, #572, .F. ) ;
#1281 = CIRCLE ( 'NONE', #719, 3.000000000000000000 ) ;
#1282 = CARTESIAN_POINT ( 'NONE',  ( 54.36525534939475079, 76.96569416054622081, -54.49999999999992184 ) ) ;
#1283 = VECTOR ( 'NONE', #377, 1000.000000000000000 ) ;
#1284 = CARTESIAN_POINT ( 'NONE',  ( -16.64124641340296762, 78.07733859597630044, 0.5000000000000655032 ) ) ;
#1285 = CARTESIAN_POINT ( 'NONE',  ( -32.01729343660114324, 94.33411343480264577, 70.50000000000007105 ) ) ;
#1286 = DIRECTION ( 'NONE',  ( 0.000000000000000000, 0.000000000000000000, 1.000000000000000000 ) ) ;
#1287 = ORIENTED_EDGE ( 'NONE', *, *, #450, .F. ) ;
#1288 = DIRECTION ( 'NONE',  ( 0.000000000000000000, 0.000000000000000000, 1.000000000000000000 ) ) ;
#1289 = EDGE_CURVE ( 'NONE', #1218, #657, #434, .T. ) ;
#1290 = LINE ( 'NONE', #353, #654 ) ;
#1291 = CARTESIAN_POINT ( 'NONE',  ( 7.313921019408309299, 93.37072866533212334, 70.50000000000007105 ) ) ;
#1292 = DIRECTION ( 'NONE',  ( -0.000000000000000000, 0.000000000000000000, -1.000000000000000000 ) ) ;
#1293 = VERTEX_POINT ( 'NONE', #809 ) ;
#1294 = CARTESIAN_POINT ( 'NONE',  ( 44.33861451136826304, 77.08433575164934837, -54.49999999999992184 ) ) ;
#1295 = SURFACE_STYLE_USAGE ( .BOTH. , #492 ) ;
#1296 = CARTESIAN_POINT ( 'NONE',  ( -17.24779265600475142, 71.14448331899453137, 0.5000000000000655032 ) ) ;
#1297 = EDGE_CURVE ( 'NONE', #597, #851, #1217, .T. ) ;
#1298 = LINE ( 'NONE', #363, #89 ) ;
#1299 = FACE_OUTER_BOUND ( 'NONE', #884, .T. ) ;
#1300 = ORIENTED_EDGE ( 'NONE', *, *, #1211, .F. ) ;
#1301 = CARTESIAN_POINT ( 'NONE',  ( -14.83568961333307712, 64.29380751937198113, -4.999999999999940492 ) ) ;
#1302 = AXIS2_PLACEMENT_3D ( 'NONE', #439, #32, #1054 ) ;
#1303 = EDGE_CURVE ( 'NONE', #1218, #672, #184, .T. ) ;
#1304 = CARTESIAN_POINT ( 'NONE',  ( -29.11665416314025023, 78.99745766546918446, 70.50000000000007105 ) ) ;
#1305 = CARTESIAN_POINT ( 'NONE',  ( 1.984324043905888457, 61.49431817838588188, 3.500000000000064837 ) ) ;
#1306 = VERTEX_POINT ( 'NONE', #290 ) ;
#1307 = CARTESIAN_POINT ( 'NONE',  ( -17.19266823109497366, 64.91129071413607221, -4.650259760364141570 ) ) ;
#1308 = CARTESIAN_POINT ( 'NONE',  ( -15.39972063058815444, 64.50971067578274187, -4.856393938281979850 ) ) ;
#1309 = CARTESIAN_POINT ( 'NONE',  ( -15.64760582248100107, 78.04004989803291892, 2.247539515482804173 ) ) ;
#1310 = CARTESIAN_POINT ( 'NONE',  ( -43.13542087748406573, 87.88485028651099640, -54.49999999999992895 ) ) ;
#1311 = DIRECTION ( 'NONE',  ( 0.08715574274765836016, 0.9961946980917455452, -0.000000000000000000 ) ) ;
#1312 = ORIENTED_EDGE ( 'NONE', *, *, #688, .T. ) ;
#1313 = CARTESIAN_POINT ( 'NONE',  ( -15.52249261294871552, 64.64686520558096561, -4.752142250339902674 ) ) ;
#1314 = CARTESIAN_POINT ( 'NONE',  ( 56.03601229170773479, 76.93799650564393744, -54.49999999999992895 ) ) ;
#1315 = CARTESIAN_POINT ( 'NONE',  ( -33.24344218756262137, 79.71826876324523425, -54.49999999999992895 ) ) ;
#1316 = CARTESIAN_POINT ( 'NONE',  ( -15.25540325982126255, 70.97017183349920799, 2.500000000000065725 ) ) ;
#1317 = CARTESIAN_POINT ( 'NONE',  ( -17.49629734312816254, 33.88292201068313858, -2.499999999999941380 ) ) ;
#1318 = ORIENTED_EDGE ( 'NONE', *, *, #774, .T. ) ;
#1319 = CARTESIAN_POINT ( 'NONE',  ( -15.24427304010726125, 64.41380678412973282, -4.926651735515913622 ) ) ;
#1320 = ADVANCED_FACE ( 'NONE', ( #711 ), #1134, .T. ) ;
#1321 = MECHANICAL_DESIGN_GEOMETRIC_PRESENTATION_REPRESENTATION (  '', ( #637 ), #238 ) ;
#1322 = CARTESIAN_POINT ( 'NONE',  ( -15.73717475485246453, 65.46349844731305723, -4.166666666666606567 ) ) ;
#1323 = VECTOR ( 'NONE', #1292, 1000.000000000000000 ) ;
#1324 = CARTESIAN_POINT ( 'NONE',  ( -32.01729343660114324, 94.33411343480264577, -54.49999999999992895 ) ) ;
#1325 = CARTESIAN_POINT ( 'NONE',  ( 2.099620254226601368, 62.81215989266179633, 5.000000000000063949 ) ) ;
#1326 = CARTESIAN_POINT ( 'NONE',  ( -20.48488143740339495, 34.14438923892610944, -29.73513398164236676 ) ) ;
#1327 = VERTEX_POINT ( 'NONE', #1149 ) ;
#1328 = CARTESIAN_POINT ( 'NONE',  ( -16.75776899641651951, 63.37422742461737357, -4.882675289575757915 ) ) ;
#1329 = ORIENTED_EDGE ( 'NONE', *, *, #993, .T. ) ;
#1330 = CARTESIAN_POINT ( 'NONE',  ( -27.74618499271291938, 95.22048175738241582, 70.50000000000007105 ) ) ;
#1331 = CARTESIAN_POINT ( 'NONE',  ( 56.06913147395184183, 77.31655049091880016, -54.49999999999992895 ) ) ;
#1332 = CARTESIAN_POINT ( 'NONE',  ( -17.60569427605155468, 63.91858091495470973, 3.765273383443154653 ) ) ;
#1333 = DIRECTION ( 'NONE',  ( 0.9961946980917455452, -0.08715574274765836016, 0.000000000000000000 ) ) ;
#1334 = EDGE_CURVE ( 'NONE', #11, #128, #638, .T. ) ;
#1335 = ORIENTED_EDGE ( 'NONE', *, *, #1142, .F. ) ;
#1336 = CARTESIAN_POINT ( 'NONE',  ( 3.735790641891077790, 81.51367299989600212, -2.499999999999937828 ) ) ;
#1337 = CARTESIAN_POINT ( 'NONE',  ( -42.60023367699834296, 89.10595281740573625, -54.49999999999992895 ) ) ;
#1338 = DIRECTION ( 'NONE',  ( -0.08715574274765836016, -0.9961946980917455452, -0.000000000000000000 ) ) ;
#1339 =( NAMED_UNIT ( * ) SI_UNIT ( $, .STERADIAN. ) SOLID_ANGLE_UNIT ( ) );
ENDSEC;
END-ISO-10303-21;
